ref='/players/playerpage/2901324?o_pos=U'data-o_pos="U">Shohei Ohtani, 2901324?o_pos=U'data-o_pos="U">Shohei Ohtan, P|UT
Jack Dreyer, 29086774, P
Tai Tiedemann, 28838889, P
Kyle Survance, 2915543, OF|UT
Eliezer Alfonzo, 2829295, C|UT
Justin Dirden, 28837561, OF|UT
Jordy Vargas, 29106587, P
Chase Strumpf, 3152098, 1B|UT
Alex McFarlane, 29068170, P
Keyber Rodriguez, 2931025, SS|UT
Wilfredo Lara, 29088539, SS|UT
Matt Pita, 2933016, OF|UT
Lorenzo Quintana, 2915789, C|UT
Will Childers, 29676683, P
Titus Dumitru, 29676689, OF|UT
Evan Edwards, 28837562, 1B|UT
Rudy Flores, 2118828, 1B|UT
Gilberto Jimenez, 2930895, OF|UT
Bill Sullivan, 2837578, P
Bobby Wernes, 2921053, 3B|UT
Matt Juengel, 2120715, 3B|UT
Ian Oxnevad, 2453419, P
Jake Fox, 28838883, OF|UT
Justin Armbruester, 29075720, P
Cameron Sullivan, 29644501, P
Jason Lopez, 2823927, C|UT
Tanner Kirwer, 2837084, OF|UT
Antonio Nunez, 2824700, SS|UT
Curtis Taylor, 2826172, P
Vinny Siena, 2804509, 2B|UT
Kevin Stevens, 29674758, P
Elijah Dale, 29676984, P
Jordy Lara, 2120795, 1B|UT
Edwin Lora, 2823954, SS|UT
Dalton Kelly, 2227207, 1B|UT
Jeffrey Passantino, 2837325, P
Justin Greene, 1740941, OF|UT
John Cresto, 3158254, 3B|UT
Zach Swanson, 29644502, P
Christian McGowan, 26911777, P
Royce Bolinger, 2048870, OF|UT
Austin Gauthier, 29090130, OF|UT
Will Brian, 29681598, P
Joe Record, 2837378, P
Luis Baez, 29170741, OF|UT
Wyatt Young, 28840775, SS|UT
Dylan Rosa, 2837436, OF|UT
Zack Leban, 2932873, P
Jared Reaves, 2050184, SS|UT
Avery Owusu-Asiedu, 29692326, OF|UT
Zach Messinger, 29087585, P
Alejandro Mateo, 29089078, P
Jack Sundberg, 2921532, OF|UT
Austin Davidson, 3077693, 1B|UT
Dom Thompson-Williams, 3083970, OF|UT
Daniel Lockhart, 1963328, 3B|UT
Mitchell Miller, 29085038, P
Robert Brooks, 29688600, C|UT
Caleb Ramsey, 2048646, OF|UT
Stephen Gaylor, 2803299, OF|UT
Matt Krook, 2453412, P
Luis Moreno, 29355685, P
Evan Kravetz, 29086294, P
Jack Murphy, 1808366, C|UT
Gavin LaValley, 2167348, 3B|UT
Payton Tolle, 29644503, P
Nathan Burns, 28838881, P
Tanner English, 2227626, OF|UT
Yordin Chalas, 29676682, P
Jonny Cuevas, 29342244, P
Brandon Brosher, 2772288, C|UT
Jeffrey Palumbo, 26876465, SS|UT
Shawn Ross, 29348842, SS|UT
Thomas Spitz, 2804673, OF|UT
Konnor Ash, 29679110, P
Rudy Martin, 2920829, OF|UT
Max Herrmann, 2869878, P
Kevin Coulter, 28838882, P
Roberto Alvarez, 2821210, C|UT
Tayler Scott, 2825846, P
Austin Krzeminski, 3094347, P
Elvis Rubio, 2797620, OF|UT
Eddy Rodriguez, 29348841, OF|UT
Jake DePew, 1961281, C|UT
Blake Hunt, 2837021, C|UT
Osvaldo Duarte, 2804919, SS|UT
Jason Martinson, 1961728, SS|UT
Richi Gonzalez, 28837563, OF|UT
Raimfer Salinas, 26615374, OF|UT
Kelly Dugan, 2107841, OF|UT
Evan Mendoza, 2837219, 3B|UT
Jacob Maton, 29686696, P
Gregori Cano, 29091620, SS|UT
Cameron Foster, 29676047, P
Stephen Janas, 2228462, P
Dylan O'Rae, 29075534, 2B|UT
Adinso Reyes, 3152051, 3B|UT
Jorge Vazquez, 1737859, 3B|UT
Armond Upshaw, 3104011, OF|UT
Tyler Erwin, 3101477, P
Bradgley Rodriguez, 29662264, P
Tanner Morris, 26615361, 2B|UT
Luis A. Garcia, 387511, OF|UT
Mason Vinyard, 29087632, P
Juan De La Cruz, 29321914, P
Justin Sterner, 28838027, P
Will Bednar, 26719600, P
Abdiel Layer, 2837113, 3B|UT
Johendi Jiminian, 2228484, P
Andrew Daniel, 2791771, 2B|UT
Martin Cervenka, 3084317, C|UT
Hayden Dunhurst, 29075691, C|UT
Phillip Diehl, 3090245, P
Deiner Lopez, 2227063, 2B|UT
Gaige Howard, 29086582, OF|UT
Armani Smith, 26615362, OF|UT
Sammy Stafura, 29295910, SS|UT
Will Gaddis, 2836889, P
Miguel Ugueto, 29087631, OF|UT
Tommy Mace, 2837152, P
Jose Fermin, 2803767, 3B|UT
Xorge Carrillo, 2122176, C|UT
Austin Sodders, 2915538, P
D'Shawn Knowles, 3077722, OF|UT
Inohan Paniagua, 29077616, P
Yoyner Fajardo, 29085443, OF|UT
Cameron Booser, 28850997, P
Michael Flynn, 2932738, P
Clay Helvey, 29086581, P
Guillermo Pimentel, 1846233, OF|UT
Damon Keith, 29086583, OF|UT
Hudson Haskin, 26615369, OF|UT
Zeke White, 2211803, OF|UT
Joel Peguero, 2824943, P
Arol Vera, 3152087, 3B|UT
Chad McClanahan, 3095398, 3B|UT
Hunter Barco, 29075699, P
Yanio Perez, 2774890, OF|UT
Ian Lewis, 26912508, 2B|UT
Jacob Buchberger, 29092494, 3B|UT
Bryce Montes de Oca, 2837253, P
Hemmanuel Rosario, 29087627, C|UT
Trevor Werner, 29322047, 3B|UT
Andy Sugilio, 2915696, OF|UT
Kyler Castillo, 28843164, OF|UT
Gino Groover, 29295896, 3B|UT
Griffin Burkholder, 29644416, OF|UT
Juan Benjamin, 29355137, 2B|UT
Sean Godfrey, 2169883, OF|UT
Luis Cova, 29660107, OF|UT
Alerick Soularie, 26615363, OF|UT
Konnor Griffin, 29426038, SS|UT
Christian Molfetta, 29350510, C|UT
Robert Dominguez, 26912467, P
Darius Day, 2227180, OF|UT
Pat DeMarco, 2836801, OF|UT
Chris Ellis, 2167333, P
Kyle Datres, 2932678, 3B|UT
Tom Hackimer, 2915616, P
Zach Cone, 2046495, OF|UT
Jonathan Stiever, 2933124, P
Julian Smith, 2933109, P
Ryan Nicholson, 29683788, 1B|UT
Oliver Ortega, 2824791, P
Miguel Medrano, 26615447, P
Cole Freeman, 2836882, 2B|UT
Frank Duncan, 2592848, P
Endrys Briceno, 2117125, P
Robelys Reyes, 2171368, SS|UT
Peyton Olejnik, 29678115, P
Brooks Brannon, 29075488, C|UT
Nick Sogard, 3158347, 2B|UT
Beck Wheeler, 2121017, P
Bryan Pall, 2837320, P
Jack Mahoney, 29295972, P
Imanol Vargas, 29692383, OF|UT
Travis Smith, 29644497, P
Melvin Mercedes, 2227778, SS|UT
Carlos De La Cruz, 3157955, OF|UT
Efrain Contreras, 2930810, P
Roman Phansalkar, 29687809, P
Zac Kristofak, 26637847, P
Ernie Yake, 29084163, SS|UT
Michael Peoples, 2743627, P
Elliot Morris, 2169773, P
Robie Rojas, 2837428, C|UT
Corbin Williams, 3107896, OF|UT
Brandol Mezquita, 2932000, OF|UT
William Dion, 29295971, P
Matt Cooper, 2798058, P
Cesar Salazar, 2933071, C|UT
Juan Benitez, 2699268, P
Gregory Guerrero, 2507354, 2B|UT
Alex Scherff, 2837475, P
Ty Southisene, 29644450, SS|UT
Allan de San Miguel, 1486148, C|UT
Dylan Davis, 2507327, OF|UT
Carlos Francisco, 29096124, P
Tyler McKay, 2932930, P
Rowdey Jordan, 28842585, OF|UT
Rafael Cova, 593270, P
Branneli Franco, 29662210, P
Parker Dunshee, 2836831, P
Jake Higginbotham, 2932814, P
Corey Walter, 2226130, P
Jeremy Kehrt, 2118870, P
Cobb Hightower, 29644431, SS|UT
Barrett Kent, 29321960, P
Ivan Johnson, 26615355, OF|UT
Robinson Pina, 2829108, P
Josh Maciejewski, 2932894, P
Reid VanScoter, 29341711, P
Fraymi De Leon, 29686862, 2B|UT
Magnus Ellerts, 29675788, P
Franyerber Montilla, 29662415, SS|UT
Jimmy Kerrigan, 2864367, OF|UT
Jakson Reetz, 2167503, C|UT
Robert Hipwell, 29644432, 3B|UT
Fredy Michel, 26646088, SS|UT
Chad Christensen, 2171607, 1B|UT
Jordan Cowan, 2788553, 2B|UT
Yuhei Nakaushiro, 2702106, P
Frank Del Valle, 2121097, P
Kevin McGonigle, 29155734, SS|UT
Jackson Nezuh, 29644530, P
Dale Stanavich, 29672334, P
Nick Cimillo, 29686861, 1B|UT
Bubba Derby, 2919772, P
Hobbs Johnson, 2167499, P
Andy Lugo, 29678055, 3B|UT
Hunter Dobbins, 29295945, P
Pablo Aliendo, 2932261, C|UT
Connor Foley, 29644427, P
Cole Messina, 29644439, C|UT
Dylan Jasso, 29686863, 1B|UT
Andy Vasquez, 1812664, SS|UT
Antoine Duplantis, 2932708, OF|UT
Alex Burg, 2121066, C|UT
Anderson Feliz, 1961736, 3B|UT
Brandon Bednar, 2170063, 3B|UT
Brooks Wilson, 2837695, P
Carlos Guzman, 2823182, P
Juan Grullon, 2227638, P
Anthony Seigler, 2942983, C|UT
Dax Fulton, 26660164, P
Kole Cottam, 2932656, C|UT
Aaron Fossas, 3094398, P
Josh Harlow, 29683749, P
Ben Vespi, 29686869, P
Dexter Kjerstad, 2797625, OF|UT
Carter Johnson, 29644433, SS|UT
Justin Maffei, 2171693, OF|UT
Edgar Cabral, 2912220, C|UT
Eduardo Garcia, 28843016, SS|UT
Jeremy Vasquez, 2837631, 1B|UT
Hagen Danner, 2836779, P
Mason Robbins, 2794937, OF|UT
Jacob Zibin, 29075707, P
Mauricio Ramos, 2226046, 3B|UT
Taylor Hawkins, 2171613, C|UT
Joe Dunand, 2910611, 2B|UT
Jonah McReynolds, 2804221, SS|UT
Nick Ward, 29084162, 2B|UT
M.D. Johnson, 29077346, P
Jackson Strong, 29692382, OF|UT
Paul Wilson, 29295973, P
Brady Anderson, 2821231, P
Christopher Torres, 2756673, SS|UT
Juan Carela, 29077650, P
Chris Garia, 2171182, OF|UT
Sam Whiting, 29658268, P
Joey Stock, 29084161, P
Cedric De Grandpre, 29077594, P
Jackson Humphries, 29295956, P
Ariel Armas, 29678046, C|UT
Brennan Milone, 29632437, 1B|UT
P.J. Hilson, 29692381, OF|UT
Bryan Brickhouse, 3158173, P
Chad Oberacker, 2045877, OF|UT
Owen Holt, 29342276, P
Chris Anderson, 2066302, P
Brandt Stallings, 3104030, 1B|UT
Zach Pop, 2837356, P
Rashad Crawford, 2228213, OF|UT
Patrick Frick, 3158038, 2B|UT
Richard Gallardo, 29342259, P
Hunter Feduccia, 2932726, C|UT
Jordan Howard, 28842639, 2B|UT
Jake Means, 28843218, 3B|UT
Josh Martin, 2211469, P
Haden Erbe, 29342253, P
Yacksel Rios, 2122191, P
David Lyon, 2170028, C|UT
Chase Calabuig, 3157938, OF|UT
Joe Mack, 26719697, C|UT
Caleb Hobson, 29676018, OF|UT
Ricardo Valenzuela, 2228199, C|UT
Jhonny Piron, 26643929, OF|UT
Denzer Guzman, 26643937, SS|UT
Yorlis Rodriguez, 28841194, 3B|UT
Landon Stephens, 29085287, 1B|UT
Kellin Deglan, 1757992, C|UT
Blane Abeyta, 29087578, P
Carlos Franco, 2226843, 3B|UT
Osmy Gregorio, 2823110, 2B|UT
McKinley Moore, 26911805, P
Cam Clayton, 29692439, SS|UT
Sandro Gaston, 29085790, C|UT
Joshua Liranzo, 29662384, 3B|UT
Kellen Strahm, 28841699, OF|UT
Jared Karros, 29360033, P
Moises Perez, 2825050, SS|UT
Alexeis Azuaje, 29077585, 2B|UT
Conor Fisk, 2921502, P
Jimmy Burnette, 29079598, P
Seth Martinez, 3158165, P
Eric Filia, 2756825, OF|UT
Jaden Rudd, 29085757, OF|UT
Pedro Pineda, 26643923, OF|UT
Brock Vradenburg, 29295889, 1B|UT
Josh Pennington, 2449984, P
Samuel Infante, 26911681, 3B|UT
Zach Vennaro, 26636351, P
Kody Huff, 29360032, C|UT
Austin Mason, 2921413, P
Shalin Polanco, 26643921, OF|UT
Karch Kowalczyk, 2823729, P
Zack Erwin, 27023027, P
Winston Santos, 29322018, P
Ronny Garcia, 2829891, P
Quinton Low, 28847204, 1B|UT
Jeffrey Rosa, 2682572, P
Ryan Kellogg, 3094351, P
Daniel Robert, 2837406, P
Dillon Head, 29153557, OF|UT
Jacob Jenkins-Cowart, 29680496, 1B|UT
Erasmo Pinales, 2825114, P
Jeffrey Mercedes, 29686498, 3B|UT
Zach Penrod, 29342324, P
Benony Robles, 2932035, P
Nick Mikolajchak, 26636352, P
Tyson Guerrero, 29360031, P
Daniel Vazquez, 26643922, SS|UT
Arden Pabst, 2921085, C|UT
Rikelbin De Castro, 26913036, 2B|UT
Roby Enriquez, 28837789, OF|UT
Miguel Del Castillo, 1959742, C|UT
Robby Rowland, 2216702, P
Dusty Isaacs, 2228207, P
Kyle Amendt, 29674813, P
Anyelo Gomez, 2822992, P
Trevor Boone, 29342230, OF|UT
Kyle Luckham, 29342414, P
Tim Tawa, 28840788, OF|UT
Luke Waddell, 26911689, SS|UT
David Garner, 2822912, P
Felix Cepeda, 2930801, P
Anderson Bido, 2847297, P
Jacob Scavuzzo, 2114644, OF|UT
J.J. Gould, 2803771, SS|UT
Gabe Hemmer, 2222109, P
Case Williams, 26615418, P
Deivy Castillo, 2171704, OF|UT
Anthony Servideo, 26615328, 2B|UT
Ethan Anderson, 29644228, C|UT
Ryan Garcia, 2836904, P
Jose Bravo, 28838218, P
Jonah Dipoto, 28841534, P
Michael Suchy, 2171250, OF|UT
Kody Hoese, 3117925, 3B|UT
Trae Santos, 2225423, 1B|UT
Brad Roney, 3158598, P
Stevie Emanuels, 29342252, P
Pat Monteverde, 29106579, P
Brayan Mendoza, 29662211, P
Enmanuel De Jesus, 2822254, P
Andrew Hoffmann, 29077335, P
Brandon Lawson, 2915540, P
Norwith Gudino, 2823137, P
J.J. Niekro, 29342318, P
Randy De Jesus, 29077676, OF|UT
Nick Merkel, 29342428, P
Jaylen Palmer, 26615335, OF|UT
Luis Rodriguez, 29077659, P
Stephen Landazuri, 2166759, P
Kavares Tears, 29644451, OF|UT
Jose Devers, 28839878, SS|UT
Ivan Luciano, 29644235, C|UT
Brandon Waddell, 2453408, P
Adam Serwinowski, 29295970, P
Esteban Mejia, 29682349, 3B|UT
Kevin Hankerd, 1208714, OF|UT
Karson Simas, 29086760, SS|UT
Francis Pena, 29662212, P
Kohl Simas, 29077653, P
Angel Aguilar, 2821112, SS|UT
Edwin Fierro, 2822700, P
David Hurlbut, 2823475, P
Jantzen Witte, 2169892, 1B|UT
Aidan Smith, 29322024, OF|UT
Keaton Anthony, 29678277, 1B|UT
Andrew Lindsey, 29321974, P
Enmanuel Bonilla, 29321895, OF|UT
Jared Thomas, 29644452, OF|UT
Shane McCain, 2171841, P
Norberto Obeso, 3103837, OF|UT
Chen Zhuang, 29672114, P
Josh Crouch, 28840951, C|UT
Paul Campbell, 2836687, P
Jose Miguel Medina, 3077716, OF|UT
Ethan Pecko, 29644531, P
Jairo Lopez, 3152057, P
Elvin Rodriguez, 3157953, P
Jake Hirabayashi, 3158012, C|UT
Luis Rijo, 2825381, P
Cristian Alvarado, 2821192, P
Mikey White, 2211201, SS|UT
Carlos Lagrange, 29321962, P
Evan Fitterer, 26615424, P
DJ Neal, 2837283, OF|UT
Ryan Gold, 28840952, C|UT
Ashly Andujar, 29662454, SS|UT
Mason Albright, 26911789, P
Brandon Leibrandt, 2823832, P
RJ Schreck, 29644532, OF|UT
George Klassen, 29321961, P
Herick Hernandez, 29644430, P
Daniel Brown, 2915604, P
Eduardo Garcia, 26615314, 3B|UT
Jake Scheiner, 2837473, 2B|UT
Trevor Hauver, 2836971, OF|UT
Aaron Barbosa, 2121487, OF|UT
Ty Boyles, 3096739, P
Walter Ford, 29075786, P
Trevor Harrison, 29644527, P
Luis Tejada, 2044388, 1B|UT
Henry Lalane, 29321963, P
Jake Walkinshaw, 29683468, P
Axel Sanchez, 28843224, SS|UT
Nick Schnell, 2932048, OF|UT
Sean Mooney, 29075768, P
Trey Vavra, 2228427, 1B|UT
Spencer Herrmann, 2915884, P
Israel Pineda, 3077690, C|UT
Victor Planchart, 29089626, C|UT
Izack Tiger, 29644533, P
Jonathan Pintaro, 29660685, P
Justin Bruihl, 26729168, P
Austin Green, 2166713, C|UT
Noah Mendlinger, 28840953, 2B|UT
Cortland Lawson, 29689746, SS|UT
Luiyin Alastre, 29687794, 3B|UT
Ian Kahaloa, 2453265, P
Bryan Arias, 28838044, 2B|UT
Danny Gonzalez, 29692380, OF|UT
Brian Holiday, 29644476, P
Leandro Pineda, 28842739, OF|UT
William Ouellette, 2824820, P
Noah Skirrow, 29084160, P
Victor Ngoepe, 2824660, SS|UT
Keiner Delgado, 29077651, SS|UT
Edgar Barclay, 28838065, P
Ryan Waldschmidt, 29644453, OF|UT
Trace Tam Sing, 2171695, 2B|UT
Will Simpson, 29349536, 1B|UT
Taylor Ard, 2797623, 1B|UT
Taylor Sparks, 2169691, 3B|UT
Kenni Gomez, 29077652, OF|UT
Erick Salcedo, 2170522, SS|UT
Dylan Wilson, 29662213, P
Ryne Birk, 2791368, 2B|UT
Corey Joyce, 3157919, SS|UT
Dillon Paulson, 2932997, 1B|UT
Khayyan Norfork, 2120497, 2B|UT
Chavez Young, 3095673, OF|UT
Douglas Orellana, 29679030, P
Javier Vaz, 29086145, 2B|UT
Reinaldo Ilarraza, 2921628, 2B|UT
Trei Cruz, 2836769, SS|UT
Anthony Vizcaya, 3158106, P
Evan Justice, 29188043, P
John Rhodes, 26911717, OF|UT
Rob Griswold, 29677832, P
Agustin Marte, 2824106, SS|UT
Christopher Paciolla, 29075504, 3B|UT
Kyle Marinconz, 28843187, SS|UT
Jack Snyder, 28846866, P
Kent Hasler, 28842424, P
Matt McLaughlin, 2837208, SS|UT
Robert Calaz, 29321905, OF|UT
Jonathan Engelmann, 3158163, OF|UT
Luis Santos, 28846888, 2B|UT
Nicholas Vizcaino, 2693481, 1B|UT
Brett Roberts, 29360059, SS|UT
Brody Colvin, 1803784, P
Wes Kath, 26911680, 3B|UT
Cayne Ueckert, 28837047, P
Blas Castano, 29342239, P
Jorgan Cavanerio, 2821936, P
Trey Benton, 29342227, P
Grant Little, 2931986, OF|UT
Kacy Clemens, 2836721, 1B|UT
Wes Rogers, 2734422, OF|UT
Greg Williams, 2804926, P
Carlos Santiago, 2931046, SS|UT
Graham Spraker, 2837546, P
Kristian Trompiz, 2826317, 2B|UT
Christian Franklin, 28837125, OF|UT
Agustin Murillo, 1104290, 3B|UT
Ryan Boyer, 29342233, P
Yeison Morrobel, 26913045, OF|UT
Justin Donatella, 3095381, P
Elvis Peguero, 2824940, P
Eric Jenkins, 2211210, OF|UT
Chris Betts, 3077689, C|UT
Alexis Lara, 1793611, P
Jacob Dahlstrand, 2118860, P
Alex Speas, 2453426, P
Bryson Brigman, 2447623, SS|UT
Matthew Thompson, 3152116, P
Troy Schreffler, 29090116, OF|UT
Scott Boches, 2836618, P
Cameron Barstad, 2932271, C|UT
Franklin Arias, 29321884, SS|UT
Matt Frawley, 2921347, P
Jack Moss, 29680344, OF|UT
Argenis Jimenez, 28846854, OF|UT
Kolton Mahoney, 2921431, P
Rafael Cruz, 29086247, SS|UT
Yiddi Cappe, 26643920, 3B|UT
Ryan Stafford, 29687317, C|UT
Angel German, 2211786, P
Dillon Moyer, 2171044, SS|UT
Will Albertson, 2921415, C|UT
Chris Meyers, 29360052, 1B|UT
Dangelo Sarmiento, 29684917, 2B|UT
Juan Apodaca, 1670986, C|UT
Daniel Tillman, 1937338, P
Sonny DiChiara, 29342250, 1B|UT
Ben McLaughlin, 29692452, 3B|UT
Chen-Wei Lin, 29476195, P
Dauris Valdez, 2826366, P
Nick Lovullo, 2823962, 2B|UT
Justin Boyd, 29075721, OF|UT
Brandon Koch, 2211746, P
Ronnie Jebavy, 2226920, OF|UT
David Parkinson, 2837323, P
Ryan Haug, 3101956, C|UT
Nicolas Cruz, 29679113, P
Omar Bencomo, 2821516, P
Justin Campbell, 29075722, P
Alex Cornwell, 2836744, P
Dylan Spacke, 29342347, P
Jake Sanford, 26911726, OF|UT
Allan Hernandez, 29679119, P
Carl Wise, 2734158, 3B|UT
Alfredo Zarraga, 29090150, P
Declan Cronin, 29078827, P
Cam Robinson, 2837414, P
Jordan Tarsovich, 2226605, 2B|UT
Jayce Easley, 2932712, 2B|UT
Jayce Boyd, 2118911, 1B|UT
Phillip Sikes, 28841147, OF|UT
Erick Hernandez, 29077609, OF|UT
Francisco Diaz, 2218319, C|UT
Dominic Ficociello, 2118873, 3B|UT
Randy Labaut, 28838302, P
Mariel Bautista, 2821469, OF|UT
Shawn Goosenberg, 29090131, SS|UT
Jose Quezada, 2933034, P
Chris Jensen, 2915545, P
Miguel Perez, 2846113, OF|UT
Geoff Broussard, 2119601, P
Nomar Fana, 29688603, OF|UT
Trae Arbet, 2921401, SS|UT
Lazaro Benitez, 28846843, OF|UT
Tim Shibuya, 2788550, P
Ricky Eusebio, 2794804, OF|UT
Juan Chacon, 28846849, OF|UT
Maxton Martin, 29688609, OF|UT
Kevin Sim, 29325922, 1B|UT
Gilbert Lara, 2167500, SS|UT
Nehomar Ochoa, 29321998, OF|UT
Tim Herrin, 28838301, P
Jeremy Rivas, 26913010, SS|UT
Sean Brady, 2118755, P
Colin Bray, 2119299, OF|UT
Mitchell Kranson, 3093601, C|UT
Jakey Josepha, 29090132, SS|UT
Will Frizzell, 29075793, 1B|UT
Sam Stuhr, 29644500, P
Derrick Loveless, 2228479, OF|UT
Robert Ahlstrom, 29342216, P
Zac Cook, 28842149, 2B|UT
Bobby Honeyman, 3094733, SS|UT
Andrew Misiaszek, 28838303, P
Trevor Clifton, 2453260, P
Matt Walker, 29088497, P
A.J. Lee, 28838278, SS|UT
Johmbeyker Morales, 2804026, SS|UT
Manuel Garcia, 2931946, C|UT
Jason Creasy, 2733998, P
Juneiker Caceres, 29688601, OF|UT
Ben Johnson, 2801264, OF|UT
William Corcoran, 29675829, P
Junior Sanquintin, 29090133, SS|UT
Jefri Hernandez, 2223646, P
Juan Zapata, 28838309, P
Seth Conner, 2227215, C|UT
Micah McDowell, 29683492, OF|UT
Nick Ernst, 2932719, P
Jacob Wetzel, 28837108, OF|UT
Hudson Head, 3165362, OF|UT
Francisco Acuna, 2828951, SS|UT
Austin Orewiler, 2794798, P
Juan Then, 2829153, P
Chris Harvey, 2731204, 1B|UT
Tyler Filliben, 2171610, SS|UT
Matthew Wood, 29075737, C|UT
Canyon Brown, 29679112, C|UT
Jesus Hernandez, 29342846, SS|UT
Seaver Whalen, 2837674, 3B|UT
Ryan Bourassa, 29677816, P
Darren Baker, 2836563, 2B|UT
Brandon Howlett, 3077695, 3B|UT
Rodolfo Nolasco, 29348840, OF|UT
Nick Tanielu, 2228201, 3B|UT
Jayden Jobert, 29680224, OF|UT
Ryan Clark, 3094413, P
Mark McLaughlin, 29687778, P
Jaime Pedroza, 1740987, 2B|UT
Juan Flores, 29321928, C|UT
Kannon Kemp, 29658257, P
Marcelo Perez, 29295987, P
Angel Sanchez, 1959497, P
Raul Brito, 29679111, P
Cody Freeman, 3158170, SS|UT
James Buckelew, 2228472, P
Johnathon Thomas, 29360065, OF|UT
Dario Pizzano, 2119292, OF|UT
Karson Milbrandt, 29075723, P
James Parker, 28840643, SS|UT
J.T. Watkins, 2227065, C|UT
Chris Roycroft, 29350513, P
Tyler Ogle, 2171113, C|UT
Emilien Pitre, 29644444, 2B|UT
Ray Chang, 1740918, 2B|UT
Will Watson, 29084229, P
Glenn Santiago, 29091622, SS|UT
Andrew Bash, 29096095, P
Chris Cortez, 29644465, P
Fernando Kelli, 2823664, OF|UT
Mike Peabody, 28842609, OF|UT
Pedro Vasquez, 3152902, P
Nolan Blackwood, 2803674, P
Ben Hartl, 29689762, C|UT
Trayson Kubo, 29084706, P
Brandon Van Horn, 3107684, SS|UT
Logan Gragg, 29091621, P
Tre Carter, 3107127, OF|UT
Jose Cardona, 2171299, OF|UT
Tommy Specht, 29692186, OF|UT
Cole Bartlett, 2836575, P
Pres Cavenaugh, 29086580, OF|UT
Danny Edgeworth, 2836837, 3B|UT
Alex Swim, 2171824, C|UT
Yeison Coca, 2822038, SS|UT
David Berg, 2731620, P
Yoanner Negrin, 2119084, P
Michael Brewer, 29085279, P
Cody Schrier, 29683715, SS|UT
Adam Stone, 29087630, P
Jensen Elliott, 29085025, P
Marcus Mooney, 2921038, SS|UT
Mitch Jebb, 29295911, 2B|UT
Kurt Heyer, 2119280, P
Angel Lopez Alvarez, 2837142, C|UT
Darren McCaughan, 2837195, P
Chris Hoo, 2227746, C|UT
Alec Keller, 2227138, OF|UT
Jordan George, 2920317, 1B|UT
Jackson Cluff, 26615360, SS|UT
Enrique Jimenez, 29321955, C|UT
Ryan Lillie, 2837131, P
Joshua Rivera, 29295912, SS|UT
T.J. Schofield-Sam, 29689774, 3B|UT
Jose Sanchez, 3097782, SS|UT
Jose Almonte, 2121515, OF|UT
Tanner Tully, 3095080, P
Clayton Cook, 2740419, P
Jacob Schrader, 2226384, 1B|UT
Jesus Lara, 29089455, SS|UT
Amado Nunez, 2507362, 2B|UT
Aaron Hernandez, 2932806, P
Dyron Campos, 29089617, OF|UT
Yovanny Cruz, 2828998, P
Chris Newell, 29295919, OF|UT
Shane Murphy, 29678314, P
Cody Farhat, 3158509, OF|UT
Walker Martin, 29295913, SS|UT
Yefri Del Rosario, 2829006, P
Juan Hillman, 2211242, P
Maikol Escotto, 26913006, 3B|UT
Dominic Miroglio, 2837243, C|UT
Scott Williams, 2216804, P
Jordan Brink, 27022494, P
Zach Nuding, 2040768, P
Diego Cedeno, 2171292, OF|UT
Dan Gamache, 2119767, 3B|UT
Max Ferguson, 26911677, OF|UT
Brandon Barriera, 28920026, P
Jeremias Portorreal, 2825175, OF|UT
Jose Alexander Martinez, 3107294, SS|UT
Alay Lago, 2915580, 3B|UT
Jonathan Mejia, 29077644, 2B|UT
El'Hajj Muhammad, 2170150, P
Sharlon Schoop, 2170680, SS|UT
Martin Gonzalez, 29077665, 3B|UT
Peter Zimmerman, 28838051, 1B|UT
Michael Turconi, 29091623, SS|UT
Cody Winiarski, 2114419, P
Kade Bragg, 29677724, P
Zachary Zubia, 28843170, 1B|UT
Cy Nielson, 29350512, P
Logan Wyatt, 3151904, 1B|UT
Mike Fish, 2121315, OF|UT
Victor Nova, 28840642, OF|UT
Tom Belza, 2050172, 2B|UT
Nick Kennedy, 2837072, P
Chad Donato, 3094748, P
Omar Carrizales, 2171253, OF|UT
Tristen Lutz, 2837149, OF|UT
Emilio Gustave, 2823159, OF|UT
Juan Gomes, 2171881, C|UT
Ronald Hernandez, 29321946, C|UT
Jorgelys Mota, 29350511, 3B|UT
Tommy McCollum, 29088724, P
Alexander Benua, 29689769, OF|UT
Dayan Frias, 28840641, 3B|UT
Jamie Westbrook, 2225420, 2B|UT
Timothy Naughton, 2837282, P
Jagger Haynes, 26615434, P
Arturo Nieto, 2921621, C|UT
Tyler Carr, 26635141, P
Gavin Cross, 28920012, OF|UT
Drew Parrish, 26911787, P
Billy Lescher, 2837126, P
Ulrich Bojarski, 3157913, OF|UT
Trey Ball, 2066294, P
Logan Moore, 2215964, C|UT
Nick Gallagher, 2836892, P
Jakob Christian, 29644420, OF|UT
Vicente Conde, 2226570, SS|UT
Carson Rucker, 29322015, SS|UT
Frank Batista, 1957208, P
Philip Clarke, 26635142, C|UT
Zach Shank, 2227208, 3B|UT
Ian Mejia, 29091447, P
Taylor Grover, 2740128, P
Zack Hess, 3157952, P
Robert Broom, 3158013, P
Jack Carey, 29088486, P
Carson McCusker, 2837201, OF|UT
Dominic Pitelli, 29675800, SS|UT
Victor Roache, 2001083, OF|UT
Mike McCarthy, 2118854, P
Alex FaGalde, 2836853, P
Kevin Padlo, 2211189, 1B|UT
Alex Yarbrough, 2038822, 2B|UT
Yu-Min Lin, 29077690, P
Edgardo Fermin, 2822669, SS|UT
Ivan Melendez, 29075700, 3B|UT
Rashad Brown, 2227898, OF|UT
Brendon Sanger, 2920332, OF|UT
Beau Philip, 3152097, SS|UT
Thomas Jankins, 3152799, P
Jack Pineda, 29085630, SS|UT
Rodney Boone, 29676340, P
Stefan Sabol, 2223752, OF|UT
Scott Kapers, 2932844, C|UT
Lizandro Rodriguez, 29077657, 2B|UT
Jacob Cozart, 29644225, C|UT
Joey Pankake, 2170494, 2B|UT
Aidan Anderson, 29350970, P
Edgar Osuna, 1727410, P
Tommy Collier, 2119036, P
Andrew Barbosa, 2044244, P
Orlando Martinez, 3094348, OF|UT
Giovanny Alfonzo, 2797622, 2B|UT
Julio Frias, 2822798, P
Kyle Robinson, 29644490, P
Andy Weber, 2933191, 3B|UT
Quincy McAfee, 3158533, SS|UT
Angel Moreno, 2228494, OF|UT
Pedro Fernandez, 2822684, P
Robert Kwiatkowski, 28842737, P
Scott Engler, 3157959, P
Hayden Cantrelle, 2836691, 2B|UT
Austin Charles, 29077588, 3B|UT
Robbie Garvey, 1812685, OF|UT
Cristofer Torin, 29090986, SS|UT
Jorge Caballero, 2828976, OF|UT
Isaac Mattson, 2837183, P
Marquis Grissom, 29632459, P
Blake Beers, 29085659, P
Je'Von Ward, 2837653, OF|UT
Carson Sands, 2167347, P
Gabriel Hughes, 28920013, P
Javier Atencio, 29077620, P
Davis Bradshaw, 2836635, OF|UT
Tyler Baum, 3152120, P
Kyle Regnault, 2226784, P
Joey Harris, 2921530, C|UT
Tom Windle, 2066822, P
Jeremy Martinez, 2699271, C|UT
Alex Royalty, 2933068, P
Dakota Jordan, 29644529, OF|UT
Tra'mayne Holmes, 2921576, OF|UT
Lolo Sanchez, 2825732, OF|UT
Noah Miller, 26719722, SS|UT
Adam Macko, 26911808, P
Carmen Mlodzinski, 26615395, P
Zach Daniels, 26635143, OF|UT
Danny Woodrow, 3083189, OF|UT
Gioskar Amaya, 1963327, SS|UT
Jacob Gonzalez, 29153550, SS|UT
Trever Morrison, 2803768, SS|UT
Jhon Nunez, 2915875, C|UT
Gabriel Maciel, 3077720, OF|UT
Kash Mayfield, 29426060, P
Ryan Newell, 2824654, P
Kyle Backhus, 29342223, P
Clayton Andrews, 2836544, P
Cole Roederer, 2932039, OF|UT
Jake Romanski, 2825588, C|UT
Ben Klimesh, 2170149, P
A.J. Puckett, 2453272, P
Reid Birlingmair, 29342229, P
Ofreidy Gomez, 3156918, P
Paul Witt, 28843189, SS|UT
Donald Dewees, 2211208, OF|UT
Narciso Polanco, 29685396, SS|UT
Matthew Barefoot, 26911713, OF|UT
Charlie Valerio, 3156998, C|UT
Melvi Acosta, 2821084, P
Angel Cuenca, 29687312, P
Trey Harris, 3095037, OF|UT
John Spikerman, 29658265, OF|UT
Tyler Baker, 2228460, C|UT
Mitch Lambson, 2178583, P
Cesar Izturis Jr., 3101478, 2B|UT
Rio Gomez, 2836925, P
Collin Snider, 2837534, P
Josh Bostick, 29658244, P
Logan Davidson, 3117929, OF|UT
Christian Olivo, 28851014, SS|UT
Nathan Webb, 26861464, P
Daniel Juarez, 29342291, P
Taylor Murphy, 2169721, OF|UT
Jose Colmenares, 29687311, 2B|UT
Quin Cotton, 26615384, OF|UT
Mitch Brown, 2044493, P
Fenwick Trimble, 29679126, SS|UT
B.J. Lopez, 2804511, C|UT
Jonathan Bowlan, 2931904, P
Ethan Wilson, 26911719, OF|UT
Ben Gobbel, 29091600, SS|UT
Jackson Coutts, 28843183, 1B|UT
Cullen Large, 2837108, 2B|UT
Victor Hurtado, 29339049, OF|UT
Dariel Gomez, 2822995, 1B|UT
Harol Gonzalez, 2823036, P
Alan Garcia, 2228195, OF|UT
Luke Craig, 29683326, P
Jordan Sprinkle, 29075716, SS|UT
Carter Cunningham, 29687313, OF|UT
Evan Rutckyj, 2211465, P
Matt Rudick, 28842588, OF|UT
Paul Richan, 2932032, P
Chris Kachmar, 29342293, P
Cody Dickson, 2592847, P
Brett Netzer, 2837290, 2B|UT
Luis Jean, 2227182, SS|UT
Louie Lechich, 2227979, OF|UT
Lael Lockhart, 29342299, P
Angel Contreras, 29088944, SS|UT
Preston Gainey, 2769303, P
Adrian Florencio, 28837075, P
Leo De Vries, 29339043, SS|UT
Correlle Prime, 2170131, 1B|UT
Max Holy, 29684913, SS|UT
Josuar De Jesus Gonzalez, 29669372, SS|UT
Justice Thompson, 26911711, OF|UT
C.J. Pittaro, 29692150, OF|UT
Ryan Beckman, 1803544, P
Nelson Medina, 29086556, OF|UT
Fabian Williamson, 2122233, P
Joe Cavallaro, 2836706, P
Mitch Trees, 2777674, C|UT
Jose Curpa, 2829320, 2B|UT
Luis Heredia, 1839915, P
Keyshawn Askew, 29342222, P
Tommy Hawke, 29685416, OF|UT
Gregory Duran, 29086249, OF|UT
Cristian Santana, 26643930, 3B|UT
Evan Gates, 29085280, P
Caden Rose, 29678058, OF|UT
Will Holland, 26615358, SS|UT
Chris McMahon, 2837210, P
Jack Wynkoop, 2826673, P
Luarbert Arias, 29342221, P
Tyler Selesky, 2804031, 3B|UT
Grant Wolfram, 29329333, P
Connor Panas, 2919706, 3B|UT
Juan Morillo, 2824548, P
Matt Tomshaw, 2167938, P
Jose Salas, 3152088, OF|UT
Estanli Castillo, 28846847, OF|UT
D.J. Hicks, 2171608, 1B|UT
Yonatan Henriquez, 29688607, 3B|UT
Yeuni Munoz, 29091328, OF|UT
Derek Eitel, 2169996, P
Matt Winn, 2217337, C|UT
Deivis Nadal, 29088492, 2B|UT
Brendt Citta, 28841143, C|UT
Cole Duensing, 2822483, P
Dariel Lopez, 28841665, 3B|UT
Hutton Moyer, 2804931, 2B|UT
Will Matthiessen, 29088491, 1B|UT
Luis Toribio, 3152048, 3B|UT
Ryan Atkinson, 2914712, P
Aldry Acosta, 2829292, P
Luke Gold, 29075732, 1B|UT
Matt Hogan, 29683785, OF|UT
A.J. Ewing, 29658251, OF|UT
Jorel Ortega, 29084158, 2B|UT
Nick Banks, 2507328, OF|UT
John Stankiewicz, 29342349, P
Nolan McLean, 29295981, P
Landon Harper, 29679117, P
Hayden Durke, 29680519, P
Zack Zehner, 2740136, OF|UT
Carter Frederick, 29692379, OF|UT
Lane Ramsey, 29078829, P
Jordan Guerrero, 3157974, P
Eugene Helder, 2921095, SS|UT
Colton Eastman, 2932713, P
Brian Moran, 1812965, P
Arturo Disla, 29686884, 1B|UT
Garabez Rosa, 2119720, SS|UT
Peter Mooney, 2048827, SS|UT
Santiago Chavez, 2227777, C|UT
Tyler Cleveland, 29669927, P
Pascanel Ferreras, 29658252, 2B|UT
Luke Murphy, 29075731, P
Felix Perez, 1804116, OF|UT
Austin Hendrick, 3175185, OF|UT
John Parke, 2837322, P
Steven Echavarria, 29295982, P
Brenden Webb, 1957195, OF|UT
Francisco Hernandez, 2856672, 3B|UT
Frank Lopez, 2227131, P
Shohei Tomioka, 28840205, P
Jose Chacin, 2821969, P
James Roberts, 2120792, SS|UT
Kendall Simmons, 29342343, 2B|UT
Will Morris, 2750021, P
Jesus Pirela, 2169916, P
Herbert Iser, 29088959, C|UT
Nate Easley, 2743628, 2B|UT
Raimon Gomez, 29321938, P
Adam Law, 2171180, OF|UT
Jared Robinson, 3103880, P
Hunter Cole, 2449454, OF|UT
Anderson Brito, 29662098, P
Jake Faherty, 29683433, P
Zach Levenson, 29658259, OF|UT
Zack Showalter, 29295989, P
Hayden Seig, 29342341, P
John Michael Faile, 29680511, C|UT
Trace Bright, 29106580, P
Tanner Dodson, 2931934, OF|UT
Zech Lemond, 2167490, P
Marcos Castanon, 29075733, 3B|UT
Barrett Barnes, 2044539, OF|UT
Peyton Williams, 29086266, 1B|UT
Matt Carasiti, 2218313, P
Carlos Mesa, 2118879, OF|UT
Logan Wagner, 29075727, 1B|UT
Arturo Rodriguez, 2223634, C|UT
Cory Vaughn, 1806352, OF|UT
Max Wagner, 29075739, 3B|UT
Daniel Procopio, 2837361, P
TJ Shook, 29342342, P
Javier Medina, 2211238, P
Brandon Martorano, 29680512, C|UT
Cito Culver, 1757982, SS|UT
Michael Kennedy, 29295983, P
Ahbram Liendo, 29086758, 2B|UT
Russell Smith, 2837529, P
Angelys Nina, 2117268, 2B|UT
Rio Foster, 29658253, OF|UT
KD Kang, 1810684, OF|UT
Blake Quinn, 2921426, P
Alfredo Reyes, 2228189, SS|UT
Stephen Villines, 2837640, P
Vincent Timpanelli, 28838307, P
C.J. Hinojosa, 2227637, SS|UT
Mike Rothenberg, 29088493, C|UT
Zach Franklin, 29692364, P
Ramiro Rodriguez, 2825548, OF|UT
Gabriel Quintana, 2050730, 3B|UT
Manuel Rondon, 3094397, P
Eli Villalobos, 2933176, P
Riley O'Brien, 2837304, P
Josh Whitaker, 1808026, OF|UT
Evan Alexander, 28842147, OF|UT
Vinny Nittoli, 3093626, P
Jared Lakind, 2592851, P
Hansel Moreno, 3094732, SS|UT
Corey Copping, 2786284, P
Jack Dashwood, 29090129, P
Chad Stevens, 2837561, 3B|UT
Joey DeNato, 2921391, P
Cooper Uhl, 29090137, C|UT
Christopher Gau, 2932759, P
Will Klein, 26911770, P
Nick Dunn, 2932707, 2B|UT
Derek Rodriguez, 1655645, P
Jim Haley, 2921500, 3B|UT
Alex Holderbach, 2932821, C|UT
Logan Hofmann, 29092515, P
Alejandro Osuna, 28843020, OF|UT
Ariel Sandoval, 2804684, OF|UT
Tristan Archer, 2734573, P
Rodolfo Duran, 2822500, C|UT
Luis Merejo, 29680189, 1B|UT
Jeremy Pilon, 29632444, P
Blake Drake, 2171192, OF|UT
Angel Rojas, 29087588, 2B|UT
Haylen Green, 29089075, P
Sammy Hernandez, 29326347, C|UT
Jarret Martin, 2107835, P
Aidan Longwell, 29686664, 1B|UT
Cody Milligan, 29080160, OF|UT
Ryan January, 2506927, C|UT
Channy Ortiz, 28837772, SS|UT
Ernesto Liberatore, 3158366, C|UT
Peyton Wilson, 26911672, OF|UT
Alexander Perez, 29091594, SS|UT
Cameron Junker, 29085035, P
Esmil Valencia, 29322040, OF|UT
Winder Diaz, 29087620, 3B|UT
Franklin Torres, 2826284, SS|UT
Tyler Skulina, 2135330, P
Skylar Szynski, 2768554, P
Holden Laws, 2932869, P
Emilio Ogando, 2824739, P
Simon Whiteman, 3158503, SS|UT
Chavez Fernander, 28838570, P
Zach Willeman, 2837685, P
Drew Hasler, 2921300, P
Jake Vogel, 3166584, OF|UT
Joe Sclafani, 2166481, 3B|UT
Blake Rogers, 28838090, P
Jake Slaughter, 2933105, UT
Ryan Jennings, 29342286, P
Nick Vilter, 2227734, 3B|UT
Jose Mujica, 28842607, C|UT
Edwin Mateo, 2829069, OF|UT
Dylan MacLean, 26615440, P
Gabriel Ponce, 29092534, P
Ryne Inman, 3158037, P
Jake Sommers, 26635166, P
Jordan Paroubeck, 2066834, OF|UT
Jeff Kinley, 2921558, P
Luis Moreno, 2829084, P
Michael Gettys, 2167489, OF|UT
Jonathan Hennigan, 3158453, P
Adriel Radney, 29662363, OF|UT
Brian Clark, 2171866, P
Andriel Lantigua, 29091134, C|UT
Travis Banwart, 1813270, P
Osiris Johnson, 2931977, OF|UT
Michael Mader, 2167351, P
Drew Maggi, 1954853, 3B|UT
Arvicent Perez, 2169647, C|UT
Samuel Miranda, 2824453, C|UT
Jesse Medrano, 2837215, 3B|UT
Trey Nielsen, 2216700, P
Connor McCullough, 29342304, P
Pedro Rodriguez, 2170722, P
Quincy Nieporte, 2837295, 1B|UT
Michael Byrne, 2932622, P
Johan Dominguez, 2822450, P
Luis Mendez, 2171293, 3B|UT
Alex Binelas, 26911679, 1B|UT
Emilio Sanchez, 29662447, SS|UT
Jhonleider Salinas, 3096092, P
Grant Kay, 2228190, 2B|UT
Cody Morissette, 26911673, 2B|UT
Leonardo Seminati, 28837773, 1B|UT
Brett Cumberland, 2447466, C|UT
Jack Hurley, 29295917, OF|UT
Kevonte Mitchell, 2920673, OF|UT
Jose Cuas, 2227219, P
Andrew Case, 2804517, P
Kyle Nicolas, 26615404, P
Chance Kirby, 29088490, P
Quincy Latimore, 1670996, OF|UT
Wilman Diaz, 26643916, SS|UT
Peyton Pallette, 29075752, P
Kyle Leahy, 2932872, P
Johan Yan, 1960794, P
Rafael Ramirez, 29088927, SS|UT
Jabari Henry, 2171427, OF|UT
Kendall George, 29153565, OF|UT
Tyler Mattison, 26911773, P
Gustavo Polanco, 2804679, C|UT
Pete Hansen, 29075751, P
Seth Gray, 3158010, 3B|UT
Charlie Pagliarini, 29676687, 3B|UT
Joe Bennie, 2171876, 2B|UT
Forrestt Allday, 2169890, OF|UT
Frankie Tostado, 2837608, OF|UT
Onil Perez, 29322004, C|UT
Mike Reeves, 2171830, C|UT
Blake Rambusch, 29088523, 3B|UT
Courtney Hawkins, 2001080, OF|UT
Edwin Figuera, 2822702, SS|UT
Dillon McNamara, 2824294, P
Luke Little, 29075730, P
Ismael Salgado, 1962827, OF|UT
Jordan Minch, 2921052, P
Brando Mayea, 29321984, OF|UT
Nate Ocker, 28838887, P
Jake Ring, 2915595, OF|UT
Yanquiel Fernandez, 29077686, OF|UT
Travis Ballew, 2226889, P
Connor Hoover, 2837006, 2B|UT
John Russell, 2837444, P
Luke Adams, 29088537, 3B|UT
Austin Hansen, 2932795, P
Maykel Coret, 29669153, OF|UT
Connelly Early, 29658250, P
Joe Rock, 26911764, P
Chase Estep, 29086117, 3B|UT
Kevin Alvarez, 29669151, OF|UT
Jhosmer Alvarez, 29675444, P
Alex Winkelman, 3103461, P
Parker Chavers, 29088522, OF|UT
Aaron Knapp, 2791367, OF|UT
Kingston Liniak, 2932879, OF|UT
Jacob Steinmetz, 26911745, P
Austin Kubitza, 2167474, P
Chase Mobley, 29644486, P
Gionti Turner, 28837567, SS|UT
Nate Dohm, 29644468, P
Luis Chevalier, 29680510, 3B|UT
Steven Zobac, 29445812, P
Frankie Scalzo, 29342340, P
Braylon Payne, 29426046, OF|UT
Helcris Olivarez, 2830125, P
Jake Walsh, 2837650, P
Nathan Lavender, 28842449, P
Tanner Kohlhepp, 26911771, P
Peyton Graham, 29075753, SS|UT
Emerson Jimenez, 2170137, SS|UT
Champ Stuart, 2228475, OF|UT
John Doxakis, 3152123, P
Alexander Palma, 2921007, OF|UT
Ryan Cesarini, 29683453, OF|UT
JoJo Blackmon, 28843204, OF|UT
Luigi Rodriguez, 2120277, 2B|UT
Ricardo Genoves, 2822937, C|UT
Esmerling De La Rosa, 2921533, P
Zach Britton, 28839449, OF|UT
Nick Morreale, 28840968, P
John Murphy, 29680254, P
Tanner Schobel, 29075776, 3B|UT
Marshall Toole, 29683718, OF|UT
Corey Williams, 2228428, P
Ibandel Isabel, 3077692, 1B|UT
Madison Santos, 2932047, OF|UT
Dan Rizzie, 3094751, C|UT
J.C. Flowers, 29085028, P
Miller Diaz, 2218315, P
Kody Funderburk, 2932749, P
D.K. Carey, 2171249, OF|UT
Yamal Encarnacion, 29087621, 2B|UT
Andres Valor, 29322041, OF|UT
Hedbert Perez, 3168848, OF|UT
Trent Deveaux, 3077723, OF|UT
Walter Pennington, 29084394, P
Onix Vega, 2933166, C|UT
Corbin Clouse, 3085541, P
Tyler Tolve, 29080161, C|UT
D.J. Brown, 2915814, P
Tyler Schoff, 29686467, P
Reginald Preciado, 3152091, 3B|UT
Nelson Maldonado, 28837105, 1B|UT
Jackson Fristoe, 29087622, P
Echedry Vargas, 29322042, SS|UT
Edwin Garcia, 2046505, SS|UT
Victor Lizarraga, 26912474, P
Brandon S. White, 28838029, P
Logan Simmons, 2933103, SS|UT
Michael Gomez, 28838275, P
Nathaniel Ochoa Leyva, 29087213, 3B|UT
Tyler Callihan, 3175014, 2B|UT
Nick Longhi, 2227062, 1B|UT
Chris Wright, 28838092, P
Ty Cummings, 29344254, P
Natanael Delgado, 2228463, OF|UT
Kevin Ereu, 29321925, 2B|UT
Yeuris Ramirez, 2825273, SS|UT
Mikey Duarte, 2836826, SS|UT
Joey Morgan, 2837259, C|UT
Connor Lien, 2169889, OF|UT
Michael Arias, 29290937, P
Shane McCarthy, 2837192, P
Mitchell Stumpo, 28838091, P
Jonathan Reynoso, 2044490, OF|UT
Robi Estrada, 1671046, SS|UT
Bryan Mejia, 2226118, 2B|UT
Elier Hernandez, 2121319, OF|UT
Jesse Berardi, 2836603, SS|UT
Sean Mullen, 28838571, P
Bryan Dobzanski, 3157426, P
Cristian Perez, 2825015, SS|UT
Troy Montgomery, 2507198, OF|UT
Leonel Valera, 2826398, SS|UT
Jason Leblebijian, 2226890, 2B|UT
Nick Vespi, 27022466, P
Chris Mokma, 26615449, P
Thomas Milone, 2121909, OF|UT
Mitch Longo, 2918672, OF|UT
Bradley Hanner, 29084414, P
Felix Paulino, 2824915, P
Maddux Bruns, 26719686, P
Mike Nikorak, 2211245, P
Jack Leftwich, 2837119, P
Gregory Barrios, 29091314, SS|UT
Trey McLoughlin, 29084555, P
Angel Franco, 2048677, 2B|UT
Jimmy Govern, 29087924, 2B|UT
Trevor Kelley, 2797616, P
Sandy Gaston, 26912469, P
Aaron Brown, 2167341, OF|UT
Eddy Yean, 26615443, P
Koyo Aoyagi, 29674735, P
Brett Johnson, 3078522, OF|UT
Lucas Benenati, 2804236, P
Edwin Moreno, 2052601, OF|UT
Harrison Spohn, 29087629, SS|UT
Brandon Winokur, 29322049, SS|UT
Andrew Gross, 28838022, P
CJ Van Eyk, 2837626, P
Spencer Nivens, 29321995, OF|UT
Luke Ritter, 3157901, 1B|UT
Joan Delgado, 29678534, OF|UT
Asbel Gonzalez, 29660109, OF|UT
Rosman Verdugo, 29086587, 3B|UT
Alexfri Planez, 26615367, OF|UT
Grant Williams, 2933197, 2B|UT
Logan Sawyer, 29085046, P
Trevor Brigden, 28838021, P
Josh Adamczewski, 29677754, SS|UT
Chase Vallot, 2135270, C|UT
Mike Kaelin, 3093640, P
Olivier Basabe, 2836579, SS|UT
Henry Bolte, 29075697, OF|UT
Joendry Vargas, 29322043, SS|UT
Cody Wilson, 2933202, OF|UT
John Garcia, 29087623, C|UT
Isaac Stebens, 29677743, P
Kevin Rivas, 29675801, C|UT
Khadim Diaw, 29644422, C|UT
Herlis Rodriguez, 2825505, OF|UT
Duncan Snider, 29089645, P
Victor Bericoto, 28846904, 1B|UT
Reydel Medina, 2171835, OF|UT
Jean Cabrera, 29077623, P
Ronny Cruz, 29644421, SS|UT
Carter Spivey, 29675802, P
Tony Pena, 2824982, OF|UT
Braylin Morel, 29662335, OF|UT
Jeff Hendrix, 2915590, OF|UT
Gage Ziehl, 29632450, P
Logan Taylor, 2599644, P
Brock Dykxhoorn, 2791371, P
Denny Brady, 26635140, P
Wendell Rijo, 2170021, 2B|UT
Addison Kopack, 29686706, C|UT
Reed Trimble, 26911706, OF|UT
Johnny Olmstead, 29350973, SS|UT
Gustavo Pierre, 1806865, SS|UT
Jackson Ferris, 29075702, P
Brayan Buelvas, 3166986, OF|UT
Andre Lipcius, 3157915, 3B|UT
Aaron Davenport, 29676341, P
Grant Shepardson, 29644493, P
Damion Carroll, 2171699, P
Dalton Shuffield, 29085631, SS|UT
Daysbel Hernandez, 26615454, P
Milkar Perez, 26912514, 1B|UT
Ricky Oropesa, 1954883, 1B|UT
Joe Rizzo, 2447491, 3B|UT
Khal Stephen, 29644499, P
Zach Brzykcy, 29077691, P
Jackson Cox, 29075701, P
Drew Mount, 3158015, OF|UT
Charlie Szykowny, 29676342, 3B|UT
Edgar Isea, 29687807, P
Spencer Navin, 2171201, C|UT
Cory Lewis, 29295977, P
Henry Henry, 2823289, P
Dennis Raben, 1846224, 1B|UT
Caleb Boushley, 2836633, P
Ricardo Cespedes, 2507904, OF|UT
Ethan Schiefelbein, 29644492, P
Andrew Bellatti, 2167509, P
Francisco Mendoza, 2171183, P
Po-Yu Chen, 29321908, P
Leodany Perez, 28846885, OF|UT
Roberto Baldoquin, 2167493, SS|UT
Austin Peterson, 29632439, P
Kolby Johnson, 29687766, OF|UT
Lyle Lin, 29350972, 1B|UT
Brad Schreiber, 2122258, P
Jonathan Santucci, 29644491, P
Austin Bossart, 2920587, C|UT
Michael Miller, 2228084, C|UT
German Ramirez, 29676054, SS|UT
Ryan Miller, 2837237, P
Cade Gotta, 2171612, OF|UT
Jordan Milbrath, 2824426, P
Kellum Clark, 29350971, OF|UT
Jack Dallas, 2830066, P
Ryan Rolison, 2942982, P
P.J. Francescon, 2170525, P
Jaydenn Estanista, 29077622, P
Louis Silverio, 2825942, OF|UT
Jhailyn Ortiz, 2221783, OF|UT
Bo Way, 2171289, OF|UT
Ryan McNeil, 2794797, P
Gil Luna, 28837128, P
Bryce Jarvis, 3165360, P
Josimar Cousin, 29312288, P
Noelberth Romero, 29686867, 2B|UT
Jose Ramos, 26913048, OF|UT
Luke Dickerson, 29644423, SS|UT
Leonardo Molina, 2167357, OF|UT
Rodney Green, 29644429, OF|UT
Javier Osorio, 29077621, SS|UT
Freddy Guilamo, 28839287, C|UT
Braxton Ashcraft, 2931893, P
Tyson Lewis, 29644437, SS|UT
Brandon Jacobs, 1956929, OF|UT
Joey Krehbiel, 2226904, P
Kelvin Caceres, 29228517, P
Ryan Gebhardt, 2170062, 2B|UT
Jared Wegner, 29675803, OF|UT
Ramon Santos, 2825804, P
Thomas Ponticelli, 2933025, P
Seth Lonsway, 2837140, P
Gabriel Rodriguez, 2837421, 3B|UT
Ryan Watson, 29080198, P
Max White, 2118909, OF|UT
Jeren Kendall, 2835077, OF|UT
Dante Nori, 29426062, OF|UT
Fran Alduey, 26643933, SS|UT
Kevin Kilpatrick, 29085283, OF|UT
Danny De Andrade, 26643927, SS|UT
Jan Hernandez, 2118737, 3B|UT
Gonzalo Sanudo, 2171858, P
Alfred Gutierrez, 2915589, P
Connor Burns, 29352169, C|UT
Nate Savino, 29075744, P
Carlos Lopez, 2226842, OF|UT
Ryde Rodriguez, 2226895, OF|UT
Ben Hess, 29426061, P
Ryan Ritter, 29075765, SS|UT
Miguel Gomez, 29683444, P
Juan Kelly, 2921037, C|UT
L.J. Talley, 28839454, 2B|UT
Ernesto Wilson Martinez, 28841697, 1B|UT
Jack Costello, 29680249, 3B|UT
Ethan Routzahn, 29675844, P
Felix Stevens, 29091601, 1B|UT
Joey Roach, 3158500, C|UT
Corey Baker, 2734288, P
Danny Dopico, 3107128, P
Jake Reed, 2171334, P
Derek Self, 2825861, P
Keith Couch, 2119060, P
Joe LaSorsa, 29083418, P
Miguel Briceno, 29687310, OF|UT
Anthony Jimenez, 2804937, OF|UT
Tavian Josenberger, 29342290, 2B|UT
Mason Denaburg, 2942990, P
Troy Taylor, 29091602, P
Zane Russell, 29675453, P
Luke Tendler, 2228212, OF|UT
Matt Dennis, 28838086, P
Tucker Flint, 29342257, OF|UT
Garrett Farmer, 28838068, P
Devonte Brown, 29089884, OF|UT
Juan Corniel, 28842637, SS|UT
Boone Whiting, 2119289, P
Arnaldo Berrios, 2766201, OF|UT
Ian Gibaut, 2822952, P
Zach Jarrett, 2837036, OF|UT
Dorian Soto, 29669165, SS|UT
Levi Wells, 29683516, P
Joab Gonzalez, 28842466, SS|UT
Corey Rosier, 26911710, OF|UT
Ryan McCarty, 29088704, SS|UT
Marcus Davis, 2225422, 1B|UT
Jay Allen, 26719691, OF|UT
Diego Hernandez, 2930883, OF|UT
Jonathan Cluff, 3158358, OF|UT
Matt Morgan, 2921517, C|UT
Zach Thornton, 1958113, P
Carson Seymour, 29077338, P
Matt Tenuta, 3083969, P
Michael De La Cruz, 2122187, OF|UT
Jose Mena, 2824358, C|UT
Gabe Mosser, 29342315, P
Jesus Valdez, 29091603, 1B|UT
Ryan Ledbetter, 2739981, P
Arjun Nimmala, 29153553, SS|UT
Glenallen Hill Jr., 28840802, SS|UT
Juniel Querecuto, 1959743, 3B|UT
Trent Gilbert, 2171108, 2B|UT
Coleman Huntley, 29085282, P
Aaron Rozek, 29342334, P
Norge Vera, 26643932, P
Matt Williams, 2052556, SS|UT
J.C. Sulbaran, 2216703, P
Kevin Santa, 2837462, 2B|UT
Walker Janek, 29426063, C|UT
Jimmy Herron, 2836986, OF|UT
Michael Freeman, 2228193, P
Druw Jones, 28920006, OF|UT
Baron Radcliff, 2837367, OF|UT
Jake Yacinich, 2171290, SS|UT
Jordan Serena, 2804228, SS|UT
Bryson Myles, 2051179, OF|UT
Malique Ziegler, 2910618, OF|UT
Marc Church, 28840801, P
Diego Velasquez, 26643931, SS|UT
David Griffin, 29085281, P
Matt Brill, 2836648, P
Nik McClaughry, 29351814, SS|UT
Hector Lujan, 2918654, P
Hector Osorio, 29686710, OF|UT
Daniel Vellojin, 26912428, C|UT
Miguelangel Sierra, 2507360, SS|UT
Modeifi Marte, 29089905, 1B|UT
Jhonathan Diaz, 2822412, P
Aidan Miller, 29153559, SS|UT
Zach Bryant, 29675430, P
Patrick Johnson, 2223638, P
Sam Lewis, 2693897, P
Sam Bachman, 26719581, P
James Beard, 26615376, OF|UT
Zach Cole, 29096117, OF|UT
Travis Sykora, 29295943, P
Oliver Tejada, 29662337, OF|UT
T.J. Sikkema, 3117938, P
William Kempner, 29678053, P
Ray-Patrick Didder, 2739960, SS|UT
Jimmy Glowenke, 26615359, SS|UT
Kyle Hayes, 29667765, C|UT
Jamari Baylor, 26615353, SS|UT
Danny Diekroeger, 2171862, 3B|UT
Starling Heredia, 2507502, OF|UT
Montrell Marshall, 2915695, SS|UT
Jackson Finley, 29687805, P
J.P. Sportman, 2170515, OF|UT
Cade Denton, 29321916, P
Juan Gonzalez, 2209465, P
James Farris, 2656660, P
Brandon Montgomery, 2915615, 2B|UT
Michael Helman, 2932803, OF|UT
Deury Carrasco, 2829875, SS|UT
Connor Lunn, 29084370, P
A.J. Murray, 2803411, C|UT
Rodrigo Vigil, 2120689, C|UT
Adrian Rondon, 2167423, 2B|UT
Greg Nappo, 2117126, P
Brallan Perez, 2226581, SS|UT
Luis Aviles, 2746790, SS|UT
Shane Sasaki, 28842589, OF|UT
Branden Fryman, 28840612, SS|UT
Brett Langhorne, 2932866, 3B|UT
Emil Morales, 29339048, SS|UT
Wilfred Veras, 26912490, OF|UT
Robby Martin, 26911694, OF|UT
Hao Yu Lee, 29077614, 2B|UT
Stephen Paolini, 28838954, OF|UT
Ben Madison, 2932897, P
Shane Opitz, 1963305, SS|UT
Ivan Armstrong, 28841189, P
Grant Sides, 2171340, P
David Walker, 2226324, OF|UT
Brenden Dixon, 28842582, SS|UT
Pedro Martinez, 3158362, 2B|UT
Michael Russell, 2782923, SS|UT
Thomas Dillard, 3152044, C|UT
Matt Dyer, 29092496, C|UT
Nigel Belgrave, 29321890, P
Ronny Rojas, 28846887, SS|UT
Matt Imhof, 2167486, P
Danuerys De La Cruz, 28843166, C|UT
Walking Cabrera, 2864364, OF|UT
Tsung-Che Cheng, 28842581, SS|UT
Buddy Borden, 2803671, P
Frainyer Chavez, 3103548, SS|UT
Trey Dombroski, 29295975, P
Yassel Pino, 28843188, 3B|UT
Aldrich De Jongh, 2932683, OF|UT
Cal Towey, 2171869, 1B|UT
Max Anderson, 29295894, 2B|UT
Francisco Rios, 2507524, P
Brandon Alger, 2170011, P
Kevin Bazzell, 29644414, C|UT
Jason Pineda, 2837350, 1B|UT
Roberto Caro, 2821836, OF|UT
Vaun Brown, 29077351, OF|UT
Andrew Jenkins, 29678052, 1B|UT
Deacon Liput, 2837134, SS|UT
Cristian Santana, 2910606, 3B|UT
Dakody Clemmer, 3158078, P
Joshua Kuroda-Grauer, 29644435, SS|UT
Alex Murphy, 2447469, C|UT
Milan Tolentino, 26615351, SS|UT
Evan Grills, 3088371, P
Jose Monzon, 29686865, SS|UT
Cade Kuehler, 29295941, P
Neil Holland, 2122175, P
Luis Ramirez, 2780350, P
Werner Blakely, 26615352, OF|UT
Michael Morales, 26911809, P
Sal Stewart, 29075767, 2B|UT
L.J. Mazzilli, 2226040, 2B|UT
Noe Toribio, 2829156, P
Kyle McMyne, 2120610, P
Cole Johnson, 2171707, P
Brady Lindsly, 29082395, C|UT
Peyton Remy, 2837383, P
Abdias De La Cruz, 29077583, OF|UT
Tyler Marlette, 2114647, C|UT
Cadyn Grenier, 2931955, SS|UT
Chuck Moorman, 2049032, C|UT
Isiah Gilliam, 3094416, OF|UT
Erlin Cerda, 2801261, 3B|UT
Gene Cone, 2759731, OF|UT
Miguel Bleis, 26643925, OF|UT
Dylan Lesko, 28920018, P
Jose Acuna, 29675135, P
Brian Hendry, 29644528, P
Jackson Feltner, 29683467, 1B|UT
Brett Hanewich, 2836959, P
Leo Heras, 2114139, OF|UT
Colby Suggs, 2066838, P
Sheng-Ping Chen, 29342450, SS|UT
Raul Rivas, 2921527, 2B|UT
Kelly Secrest, 2825853, P
Juan Negret, 2829088, OF|UT
Brady Whalen, 29077589, 1B|UT
Mason Fox, 26635148, P
Brad Lord, 29632458, P
Roldani Baldwin, 2821402, C|UT
Grant Holman, 26911803, P
Daniel Martinez, 29342431, P
Felipe De La Cruz, 29676968, P
Dan Swain, 2837583, OF|UT
Zach Agnos, 29360014, P
Joe Rogers, 2227625, P
Satchel McElroy, 2804023, OF|UT
Tyler Frank, 2931943, SS|UT
Brad Allen, 2804218, P
Rolddy Munoz, 29342432, P
Joseph Astacio, 2228204, 3B|UT
Anthony Giansanti, 2119622, OF|UT
Andrew Sohn, 2227900, SS|UT
Luis Silverio, 2746789, OF|UT
Drew Compton, 29692324, 3B|UT
Edison Frias, 2615373, P
Ryan Conroy, 2932650, P
Ryan Scott, 2825845, C|UT
Blake Weiman, 2837671, P
Austin Rei, 2912182, C|UT
Franny Cobos, 28839912, P
Malcom Culver, 2118830, P
Carter Aldrete, 28839877, 2B|UT
Michael Gigliotti, 2836913, OF|UT
Gabriel Yanez, 2873183, P
Dominic Pipkin, 2933015, P
Elvis Alvarado, 2829296, P
Jose Betances, 28839911, P
Luis Avalo, 2821352, C|UT
Isaac Ballou, 2119661, OF|UT
Devin Hairston, 2836952, SS|UT
Anthony Molina, 29078780, P
Nathan Bannister, 2821409, P
Joe Pistorese, 2804688, P
David Holman, 2823433, P
Angel Pierre, 29342433, 2B|UT
Brock Selvidge, 26911801, P
Jacob Evans, 2211743, P
Ryan Ignoffo, 29674815, C|UT
Jiovanni Mier, 1739605, SS|UT
Renae Martinez, 2837177, C|UT
Nick Davila, 29342246, P
Gabriel Gonzalez, 26913040, OF|UT
Aaron Antonini, 3157471, C|UT
Cord Sandberg, 2118138, OF|UT
Nick Schulz, 2227498, OF|UT
Robert Tyler, 2826336, P
Izaac Pacheco, 26911685, 3B|UT
Joseph Zanghi, 2826721, P
Tanner Myatt, 2932970, P
Joe Shaw, 2825899, P
Angel Reyes, 2933042, P
Cristofer Melendez, 28838280, P
Scott Griggs, 2750313, P
Eliezer Zambrano, 2227186, C|UT
Henry Castillo, 2228498, 2B|UT
Gavin Collins, 2921434, C|UT
Santiago Garrido, 2117138, P
Christian Charle, 29089618, P
Kellon Lindsey, 29426057, SS|UT
Josh Roberson, 2837405, P
Michael Hobbs, 29342274, P
Erick Meza, 2227222, 1B|UT
Isan Castillo, 29087581, SS|UT
Luis Reyes, 3152857, P
Kyle Kubat, 3152809, P
Hunter Markwardt, 28840773, OF|UT
Shawn Pleffner, 2170498, 1B|UT
Andrew Russell, 2049585, P
Dan Hammer, 29342396, P
Garrison Schwartz, 3094344, OF|UT
Rafael Flores, 29087582, C|UT
R.C. Orlan, 2824775, P
Brett Callahan, 29683706, OF|UT
Eris Filpo, 2822714, P
Dylan Unsworth, 2226788, P
Ryan Picollo, 29686500, OF|UT
Daury Torrez, 2739965, P
Roberto Ramos, 2171677, 1B|UT
Parker Berberet, 1960275, C|UT
Noah Denoyer, 29033790, P
Clayton McGinness, 28838885, P
Dameury Pena, 29662386, 2B|UT
Anthony Simonelli, 29360060, P
Ronald Shaban, 2121685, P
Donovan Casey, 2836702, OF|UT
Nash Knight, 2915690, 3B|UT
Paul Gervase, 29342262, P
Gage Boehm, 29676685, P
Dylan Neuse, 29342833, SS|UT
Bryant Betancourt, 29672109, C|UT
Jeison Guzman, 3151010, SS|UT
Mitch Nay, 2114651, 3B|UT
Danyer Sanabria, 28847206, OF|UT
Marcus Evey, 2932725, P
Rainel Rosario, 2223571, OF|UT
Garret Guillemette, 29342269, C|UT
Jose Cordoba, 29680494, OF|UT
Gerald Bautista, 2218069, 1B|UT
Zach Humphreys, 27022480, C|UT
Miguel Palma, 28837565, C|UT
Lamar Sparks, 2837543, OF|UT
Max Burt, 3157920, 3B|UT
Cornelius Randolph, 2184357, OF|UT
Samuel Holland, 2766488, P
Jay Gonzalez, 2823039, OF|UT
Darryl Collins, 26913034, OF|UT
Jay Harry, 29342832, SS|UT
Erubiel Armenta, 29084387, P
Chase Plymell, 29342326, P
Austin Cousino, 2169660, OF|UT
Keagan Gillies, 29342263, P
Alec Sole, 2171417, SS|UT
Ambioris Tavarez, 26913015, SS|UT
Carson Taylor, 3166654, 1B|UT
Dillon Persinger, 2837343, 2B|UT
Trever Allen, 2227123, OF|UT
Garrett Hiott, 28840772, OF|UT
Andrew Thurman, 2066808, P
Conor Harber, 3095384, P
Jose Alberto Rivera, 2830255, P
Baron Stuart, 29087589, P
Steve Berman, 3158103, C|UT
Eduard Pinto, 2171345, OF|UT
Nelson Ward, 2171392, SS|UT
Cody Satterwhite, 1733784, P
Reed Gragnani, 2169797, 2B|UT
Dimas Ojeda, 2756826, OF|UT
Nestor German, 29680188, P
Hunter Bishop, 3117482, OF|UT
Preston Palmeiro, 2506930, 1B|UT
Trey Cobb, 2836724, P
Braden Nett, 29660677, P
Richard Guasch, 29087583, P
Elvis Escobar, 2171039, P
Matthew Lugo, 3152107, OF|UT
Carlos Hiraldo, 2823417, P
Bobby Ison, 2171171, OF|UT
Juan Sanchez, 29085464, P
Javier Betancourt, 2121065, SS|UT
Luis Liberato, 2226053, OF|UT
Ian Leatherman, 28838277, P
Grant Fink, 2121914, 3B|UT
Evan Kruczynski, 2837098, P
Marcus Lemon, 1600291, SS|UT
Kadon Morton, 29085445, OF|UT
Ryan Williams, 2219911, P
Kevin McCanna, 3094728, P
Ben Brecht, 3152062, P
Cutter Coffey, 29075513, 3B|UT
John Norwood, 2797626, OF|UT
Wilber Sanchez, 28837107, SS|UT
Danny Diaz, 3077707, 3B|UT
Kyle Wilson, 2837696, P
Will Lamb, 2170005, P
Brett Adcock, 2910636, P
Riley Unroe, 2066826, 2B|UT
Ramon Benjamin, 1926952, P
RJ Petit, 29086759, P
Adam Maier, 29063927, P
Kevin Grendell, 2663787, P
Thomas Coyle, 2043828, 2B|UT
Alfredo Escalera-Maldonado, 2226045, OF|UT
Chase Luttrell, 29086776, OF|UT
Max Rajcic, 29075738, P
Justin Twine, 2167934, SS|UT
David Ellingson, 27022044, P
Luis Asuncion, 2227783, OF|UT
Tyler Guilfoil, 29295966, P
Cesar Gonzalez, 29321939, C|UT
Mike Papi, 2136394, OF|UT
Otto Kemp, 29658258, 3B|UT
Jose Fleury, 29321927, P
Dioris De La Rosa, 29662099, P
Tyler Herron, 29687777, C|UT
Logan Hill, 2915689, OF|UT
Joe Whitman, 29295988, P
Calvin Coker, 2932643, P
Austin Krob, 29332840, P
Mack Lemieux, 28839880, P
Luis Lara, 29077660, OF|UT
Nate Baez, 29686516, C|UT
Timothy Borden, 29090712, SS|UT
Brooks Kriske, 3107895, P
John Silviano, 2919896, 1B|UT
Benjamin Gross, 28837089, P
Luke Wakamatsu, 2226660, SS|UT
Cole Foster, 29321932, SS|UT
Keegan McGovern, 2932928, OF|UT
Hunter Jones, 2170301, OF|UT
Grant Heyman, 2915809, OF|UT
Jamison Hill, 29084176, P
Kyle Petty, 2803764, C|UT
Fraser Ellard, 29078828, P
Yhoangel Aponte, 29090711, OF|UT
Daniel Duarte, 3152767, P
Ross Kivett, 2170277, OF|UT
Ty Culbreth, 3108882, P
Joe Perez, 2837338, 3B|UT
Adam Scott, 2933090, P
Jose Paez, 2121529, OF|UT
Luis Curvelo, 28843014, P
Vince Arobio, 2836548, P
Chris Roller, 2837430, OF|UT
Leonardo Pestana, 29084159, P
Tre Gantt, 2836896, OF|UT
Garrett Schilling, 2837476, P
Joe DeCarlo, 2743632, C|UT
Joe Jackson, 2122085, C|UT
Ronny Brito, 2821686, 3B|UT
Dylan Thompson, 2211750, P
James Naile, 2739973, P
Connor Heady, 2836974, SS|UT
Yerry Rodriguez, 2825562, P
Travis Honeyman, 29321950, OF|UT
Justin Watts, 2837667, P
McCarthy Tatum, 28841148, 3B|UT
Connor Staine, 29075511, P
Jimmy Lambert, 3083186, P
Jared Kelley, 3168715, P
Daniel Suero, 2228501, OF|UT
Kevin Vicuna, 2746508, SS|UT
Fabian Pertuz, 2930993, 2B|UT
Matt McPhearson, 2226128, OF|UT
Marco Jimenez, 2829359, P
Oswaldo Osorio, 29086585, SS|UT
Grant Black, 29085020, P
KJ Harrison, 2910598, 1B|UT
Conor Grammes, 29075512, P
Peter Solomon, 2837538, P
Alex Clemmey, 29295954, P
Domingo Tapia, 1947849, P
Robert Robertis, 29091329, OF|UT
Danyer Cueva, 29077596, 2B|UT
Parks Harber, 29683710, 3B|UT
Juan Nunez, 29321997, P
Garrett Whitley, 2184449, OF|UT
Austin House, 2120054, P
Jimmy Endersby, 26912507, P
Justin Maese, 2453425, P
Jordan Harrison, 2120704, P
Wes Wilson, 2120729, C|UT
Daniel Gonzalez, 2915586, P
A.J. Blubaugh, 29330453, P
Nate Nolan, 2921569, C|UT
Brady Shoemaker, 1960273, OF|UT
Carter Stewart, 2942968, P
Adam Hofacket, 2739963, P
Dyan Jorge, 29077605, SS|UT
Joe Cronin, 3101464, SS|UT
Cesar Prieto, 28842426, 3B|UT
Nathan Rodriguez, 3094354, C|UT
Tyler Reichenborn, 28846864, OF|UT
Yorlin Calderon, 29087580, P
Didier Fuentes, 29660108, P
Cameron Schlittler, 29087628, P
Sergio Campana, 28846845, OF|UT
Theo Hardy, 29688605, SS|UT
John Wimmer, 29322048, SS|UT
Kyle Winkler, 2120761, P
Jake McCasland, 2921416, P
D'Andre Smith, 29360062, SS|UT
Reynaldo Rivera, 2837403, 1B|UT
Junior Fernandez, 2211785, P
Brent Headrick, 29033792, P
Curtis Washington, 29686502, OF|UT
Jawuan Harris, 2932800, OF|UT
Yhoswar Garcia, 26912468, OF|UT
Christian Marrero, 1740962, 1B|UT
Tim Arakawa, 2821277, 2B|UT
Bryan Valdez, 2826365, P
Brock Porter, 29075487, P
Lincoln Henzman, 2836982, P
Alec Gamboa, 29342260, P
Matt Custred, 3107698, P
Justin Ferrell, 3152777, P
Zach Kokoska, 29683787, OF|UT
T.J. Fondtain, 29679115, P
Grant Gambrell, 26615448, P
Anthony Stephan, 29686501, OF|UT
Paul Smyth, 2048866, P
Shawn Semple, 2837497, P
Kolton Ingram, 29033793, P
Eli Lingos, 3158105, P
Drew Weeks, 2226846, OF|UT
Dakota Harris, 29676048, SS|UT
Cole Stapler, 2837553, P
Odalvi Javier, 2823543, P
Adrian De Horta, 3108967, P
Jake Snider, 29360063, OF|UT
Jeff Boehm, 2227125, 2B|UT
Joshua Torres, 2921562, P
Rodolfo Martinez, 2507518, P
Ryan Murphy, 26724935, P
Jack Winkler, 29360069, SS|UT
Zach Fogell, 29341704, P
Juan Baez, 29321886, 3B|UT
Franklin Rollin, 2794807, 2B|UT
Kyle Lovelace, 27022481, C|UT
Demetrius Sims, 2837512, SS|UT
Amador Arias, 2828962, 3B|UT
Marco Dinges, 29686509, C|UT
Ryan Cusick, 26719661, P
William Lugo, 28846856, SS|UT
Noah Davis, 2932680, P
Yeison Santana, 2931045, SS|UT
Layant Tapia, 29090135, SS|UT
Telvin Nash, 1805143, UT
Logan Taylor, 2837592, OF|UT
Cody Regis, 2228216, OF|UT
Robbie Podorsky, 2837353, OF|UT
Brandon Macias, 2044118, SS|UT
Paul Hendrix, 2121075, SS|UT
Erik Martinez, 29345796, P
Justin Evans, 2932723, P
Eric Reyzelman, 29671080, P
Brewer Hicklen, 2836989, OF|UT
Austin Callahan, 28850998, 3B|UT
Tyler Osik, 2837312, 3B|UT
Samuel Zavala, 26913054, OF|UT
Andres Nunez, 28838305, P
Nixon Encarnacion, 29077674, P
Tyler Wilson, 29683719, OF|UT
Collin Wiles, 2227481, P
Robert Moore, 29075758, SS|UT
Jeff Lindgren, 29085037, P
Jared Foster, 2226043, OF|UT
Yeury Gervacio, 29085029, P
Matt Canterino, 3151907, P
Josh Bissonette, 28840672, 2B|UT
Antonio Knowles, 29089077, P
Arturo Michelena, 2824422, 2B|UT
Jeff Kemp, 2794536, SS|UT
Santiago Suarez, 29322026, P
Niko Decolati, 2932692, OF|UT
Luis Durango, 29087646, OF|UT
Eddys Leonard, 26762050, SS|UT
Seth Keener, 29321959, P
Dugan Darnell, 29085023, P
Fabian Lopez, 29321976, SS|UT
Miguel Pena, 2119051, P
John O'Reilly, 3158354, P
Duncan Pastore, 29683713, 3B|UT
Alvin Guzman, 28842605, OF|UT
Braylon Doughty, 29644469, P
Luis Devers, 29077661, P
Mark Montgomery, 1958828, P
Ryan Fitzgerald, 2931940, 2B|UT
Andrew Ely, 2804020, 2B|UT
Anthony Hall, 29073329, OF|UT
Casey Schroeder, 2798060, C|UT
Luis Perales, 29077662, P
Joseph Monge, 2223640, OF|UT
Joswa Lugo, 29662456, SS|UT
Jake Cosart, 2822133, P
Joshua Cornielly, 26615426, P
Ethan Hearn, 26615316, C|UT
Carlos Cortes, 2932653, OF|UT
Seth Johnson, 3117940, P
Jordy Barley, 2910614, SS|UT
Drew Beam, 29644463, P
Nick Patten, 3103669, 1B|UT
David Gerber, 2836910, P
Nathanael Heredia, 29077669, P
Matt Ager, 29644461, P
Riley Tirotta, 28843226, 1B|UT
Will Mabrey, 29349515, P
Pat Blair, 2171827, 3B|UT
Miguel Rosario, 2739975, P
Caleb Sampen, 2933074, P
Manuel Castro, 29676026, P
Boston Bateman, 29644462, P
Elvis Perez, 2825023, SS|UT
Angel Mendoza, 29089624, OF|UT
Tim Smalling, 2050363, SS|UT
Alejandro Lugo, 29687796, P
Ayden Johnson, 29669158, SS|UT
Troy Bacon, 2836558, P
Jonathan Piron, 2228439, 2B|UT
Luis Serna, 29077663, P
Griffin Herring, 29644474, P
Kyle Hess, 29683711, OF|UT
Auston Bousfield, 2170719, OF|UT
Ranyelmy Mendoza, 2119343, OF|UT
Hyun-Seok Jang, 29321952, P
Jacob Burke, 29295915, OF|UT
Stephen Kohlscheen, 2050506, P
Hunter Breault, 29085021, P
Yohander Martinez, 28838046, SS|UT
Victor Mesa Jr., 3077715, OF|UT
Brendan Nail, 2876703, P
Deniel Ortiz, 29683712, 3B|UT
Lenny Torres, 2932060, P
Randy Reyes, 2171286, OF|UT
Alex Rao, 29349534, P
Naibel Mariano, 29662445, SS|UT
Austin Fisher, 2171338, SS|UT
Connor Prielipp, 29075510, P
Jorge Burgos, 29085022, OF|UT
Jacob Teter, 28840174, 1B|UT
Zyhir Hope, 29321951, OF|UT
Tyler Bradt, 29681597, P
Scott Blewett, 2167478, P
Casey Saucke, 29644446, OF|UT
Brendon Little, 2835083, P
George Lombard, 29153558, SS|UT
Ademar Rifaela, 2915613, OF|UT
Carlos Sanchez, 29322017, SS|UT
Reid Morgan, 29682371, P
Angel Chivilli, 29290962, P
Marcus Mack, 2775049, P
Anthony Block, 29686497, P
Eric Silva, 26911785, P
Joshua Walker, 26912491, P
Anfernee Seymour, 2211806, OF|UT
Jesus Parra, 26615339, 3B|UT
Jesus Rodriguez, 29084372, C|UT
Leonardo Bernal, 29077655, C|UT
James Smith, 3103644, OF|UT
Alonzo Richardson, 29682364, P
Chandler Champlain, 29077339, P
Nasim Nunez, 3152110, SS|UT
Andrew Dalquist, 26615417, P
Alan Busenitz, 2228457, P
Felix Negueis, 29084371, OF|UT
Engelth Urena, 29662390, 1B|UT
Alex Dunlap, 2836829, C|UT
Teddy Stankiewicz, 2066812, P
Kenyon Yovan, 29082790, P
Juan Silva, 2050370, OF|UT
Tyson Miller, 3151013, P
Tim Roberson, 1963317, C|UT
Luke Burch, 2836669, OF|UT
Logan Lombana, 2921611, P
Blake Bass, 3104014, P
Blaze Jordan, 26615331, 3B|UT
Moises Lugo, 2830240, P
Aaron Leasher, 2837116, P
Tony Blanco, 29321892, 1B|UT
Connor Kokx, 28838069, OF|UT
John Omahen, 2170033, P
Manuel Melendez, 2804239, OF|UT
Jordan Pries, 2166761, P
Misael Urbina, 3152054, OF|UT
K.C. Hobson, 2227066, 1B|UT
Bjay Cooke, 29087661, SS|UT
Eddy Diaz, 2859087, 2B|UT
Dayner Moreira, 2226791, 2B|UT
Kale Emshoff, 27022496, C|UT
Brainer Bonaci, 26913004, SS|UT
Julio Carreras, 26615332, SS|UT
Confesor Lara, 2223334, P
Chase Costello, 29676017, P
Eric Bitonti, 29321891, 3B|UT
Connor McKay, 2227753, OF|UT
Brayan Morales, 2920934, OF|UT
Todd Isaacs, 2759862, OF|UT
Riley Delgado, 2836798, SS|UT
Corey Jones, 1810384, 2B|UT
Kyle Dernedde, 29682356, 2B|UT
Javier Valdes, 29085266, C|UT
Kade Strowd, 29080193, P
Ryan Lawlor, 3158298, P
Jonah Advincula, 29680248, OF|UT
Dalton Moats, 3086103, P
Drue Hackenberg, 29295940, P
Maikol Hernandez, 26643938, 3B|UT
Andrew Wantz, 2933184, P
Skylar Arias, 3158100, P
Kole Enright, 2506933, OF|UT
Kaleb Fleck, 2049827, P
Luis Silva, 2791774, 2B|UT
Daniel Tillo, 2837604, P
Freddy Zamora, 26615350, SS|UT
Sicnarf Loopstok, 2228481, C|UT
Brett Auerbach, 26912422, 2B|UT
Alejandro Rosario, 29383722, P
Eric De La Rosa, 2932685, OF|UT
Sammy Faltine, 29360028, 2B|UT
Tristan Peters, 29077350, OF|UT
Kade McClure, 2837196, P
Jose Velez, 2227745, P
Tyler Mizenko, 2227792, P
Lorenzo Cedrola, 2507495, OF|UT
Calvin Harris, 29321944, C|UT
Jorge Reyes, 1946523, P
Chase Johnson-Mullins, 2227623, P
Collin Theroux, 2804025, C|UT
Andrew Robinson, 2121833, P
Matt Tabor, 2837585, P
Matt Eckelman, 3095354, P
Quinn McDaniel, 29689632, 2B|UT
Stuart Levy, 2804676, C|UT
Kale Fountain, 29644428, 3B|UT
Hendry Mendez, 26913043, OF|UT
Kyle Brnovich, 29342235, P
Griffin Lockwood-Powell, 29342451, 1B|UT
Jack Conley, 29082622, C|UT
Brian Holmes, 2615375, P
Andrew Daschbach, 3157968, 1B|UT
Miguel Pabon, 28837129, SS|UT
Jose Medina, 2227216, OF|UT
Danny Oh, 2223645, OF|UT
Gavin Logan, 29342452, C|UT
Matt Ruppenthal, 28838283, P
Robert Benincasa, 2120238, P
Drew Turbin, 2226886, 2B|UT
J.C. Escarra, 3096077, C|UT
Mason House, 2837009, OF|UT
C.J. McElroy, 2044904, OF|UT
Luis Santana, 2825773, 2B|UT
Yonathan Mendoza, 2171383, 3B|UT
Joe Gray, 2931953, OF|UT
Will Wilson, 3117912, SS|UT
Jacob Miller, 29075708, P
Jean Reyes, 29689594, P
Juan Paniagua, 2044486, P
Bo Davidson, 29476192, OF|UT
Spencer Giesting, 29632438, P
Jeremy Rivera, 2227780, SS|UT
Jan Mercado, 2837220, C|UT
Raul Alcantara, 29342993, P
Andrew Perez, 2933007, P
Brandon Neeck, 29676107, P
Jonathan Hughes, 29342430, P
Manny Rodriguez, 2933059, SS|UT
Jack Wenninger, 29658267, P
Moises Chace, 29476191, P
Byron Chourio, 29321909, OF|UT
Edwuin Bencomo, 2821515, P
Dario Gardea, 29084586, P
Julio Meza, 2829076, C|UT
Emmanuel Ramirez, 2825247, P
Joel Booker, 2919931, OF|UT
Mitch Roman, 2919942, SS|UT
Seth Varner, 2826423, P
Levi Sterling, 29644498, P
Marty Costes, 2836751, OF|UT
Rob Rogers, 2226606, P
Shannon Wilkerson, 1741692, OF|UT
Elih Marrero, 2932914, C|UT
Jordan Gore, 2836931, SS|UT
Matt Minnick, 28838281, P
Michael Cantu, 2876244, C|UT
Willy Paredes, 2113501, P
Matt Marsh, 2739970, P
Junior Marin, 26913042, OF|UT
Johan Cruz, 2211753, SS|UT
Diosbel Arias, 2870680, 2B|UT
Josh Hart, 2066706, OF|UT
Kelson Brown, 1960260, SS|UT
Sam Benschoter, 29675787, P
Quentin Holmes, 2837002, OF|UT
Lucas Gilbreath, 2836915, P
Kyri Washington, 2507194, OF|UT
Yordalin Pena, 29680226, OF|UT
Greg Jones, 3117919, OF|UT
Mason Green, 29679369, P
Frank Perez, 28838282, OF|UT
Justin Yurchak, 2837713, 1B|UT
Isaias Quiroz, 3158251, C|UT
Tristan Stivors, 29089080, P
Abdiel Mendoza, 2824379, P
D.J. Artis, 28837121, OF|UT
Tucker Healy, 2169711, P
Rafael P Valera, 2800872, 2B|UT
Brendan Beck, 26911800, P
Andy Thomas, 29082623, C|UT
Michael Cuevas, 29692375, P
Bryce Warrecker, 29342364, P
Garrett Schoenle, 2837481, P
Jakob Hernandez, 2836983, P
Reid Schaller, 2933085, P
Luis Flores, 2114633, C|UT
JJ Muno, 2837271, 2B|UT
Connor Johnstone, 3094394, P
Cody Beckman, 2836587, P
Jack Little, 29669222, P
Jefry Yan, 2858767, P
Jeff Ibarra, 2228196, P
Chase Solesky, 29342345, P
Jon Keller, 2169273, P
Raywilly Gomez, 2218065, C|UT
Todd Glaesmann, 1954083, OF|UT
Zane Evans, 2169015, C|UT
Kyle Roller, 2040759, 1B|UT
Bryce Collins, 29683783, P
Shawn Dubin, 2932704, P
Michael Rivera, 2837402, C|UT
Seaver King, 29426039, SS|UT
David Thompson, 2766204, 3B|UT
Florencio Serrano, 29675460, P
Eric Wood, 2171091, 3B|UT
Eddy Martinez, 2218322, OF|UT
Radley Haddad, 2122214, C|UT
Nate Tenbrink, 2048689, 3B|UT
Angel Zarate, 29086588, OF|UT
Freili Encarnacion, 29685394, 3B|UT
Jimmy Reyes, 2052592, P
Micah Pries, 28851016, OF|UT
Casey Cook, 29658246, 2B|UT
Jeremy Eierman, 2931937, SS|UT
Daniel Camarena, 2693898, P
Brandon Wagner, 3095754, 3B|UT
Leonardo Rodriguez, 2829122, P
John Rave, 26615386, OF|UT
Dauri Lorenzo, 26912509, 2B|UT
Henry Williams, 29075698, P
Brad Haynal, 2223637, C|UT
Jon Rosoff, 28839436, C|UT
Wilderd Patino, 26615368, OF|UT
Marcus Lee Sang, 28841145, OF|UT
Elio Prado, 29679124, OF|UT
Joey Gerber, 2932761, P
Sammy Siani, 3117937, OF|UT
Tate Matheny, 2739962, OF|UT
Michael Osinski, 2837313, 3B|UT
Juan Mendez, 29686468, P
Rafael Marchan, 2824077, C|UT
Tyler Thornton, 29342356, P
Kaelen Culpepper, 29426050, SS|UT
Sam Bragg, 2772999, P
Brice Matthews, 29153560, SS|UT
Trevor Lane, 2915876, P
J.T. Hintzen, 2932818, P
Sergio Tapia, 29088495, C|UT
Anthony Churlin, 2921363, OF|UT
Derek Clark, 29692343, P
Sterling Romero, 29088946, OF|UT
Nicolas Torres, 2829161, 3B|UT
Ali Castillo, 2048857, 2B|UT
Jose Gomez, 2227774, 2B|UT
Lisandro Santos, 2825801, P
Johan Quezada, 2825211, P
Jason Richman, 2775050, P
Carson Coleman, 28840202, P
Christopher Troye, 29360067, P
Jordan Guerrero, 2217334, P
Lucas Spence, 29685324, OF|UT
Junior Arrojo, 2821326, 2B|UT
Dom Johnson, 29086554, OF|UT
Tyler Davis, 29684940, P
Eli Serrano, 29658026, OF|UT
Kyle Henley, 29658255, OF|UT
Bill Knight, 29090869, OF|UT
Josh Simpson, 29033797, P
Matt Hearn, 3103547, OF|UT
Isaiah Lowe, 29295985, P
Justin Garza, 26686322, P
Jordan Procyshen, 2624305, C|UT
Will Allen, 2222106, C|UT
Will Bartlett, 28840201, C|UT
Drew Mendoza, 3158360, 3B|UT
Josh Moylan, 29683435, 1B|UT
Jack Rogers, 28841050, OF|UT
Robert Perez, 2829104, 1B|UT
Justin Garza, 29038837, P
Jose Cabrera, 29675814, P
Jose Pastrano, 28842470, SS|UT
Julio Pinto, 3158468, P
Christian Donahue, 2923056, 2B|UT
Damek Tomscha, 2921563, 1B|UT
Anthony Rodriguez, 26912850, 3B|UT
Joshua Day, 29084199, SS|UT
Tim Elliott, 26615436, P
Nathan Church, 29084550, OF|UT
Kit Scheetz, 3093905, P
Ramon Rodriguez, 3107611, C|UT
Aaron Holiday, 29085945, P
Bryce Cunningham, 29644467, P
Mel Rojas, 1803846, OF|UT
Jaylen Nowlin, 29676976, P
Bear Bellomy, 29088484, P
Gage Hinsz, 2453281, P
James Kennedy, 2227981, C|UT
Ryan Metzler, 3101500, 3B|UT
Edward Salcedo, 1811883, OF|UT
Freicer Perez, 2825029, P
Anthony Pereira, 2825004, SS|UT
John Gavin, 2836908, P
Eduardo Tait, 29322036, C|UT
Tucker Neuhaus, 2066837, SS|UT
Chris DeVito, 2921528, 1B|UT
Dylan Burdeaux, 2836670, 1B|UT
C.J. Kayfus, 29321957, 1B|UT
Jon Harris, 2211225, P
Sharif Othman, 2167496, C|UT
Wyatt Hendrie, 29085033, C|UT
Cal Stark, 29686891, C|UT
Wesley Moore, 29675796, P
Brett Schulze, 29091330, P
Luis Morales, 29321990, P
Cole Daily, 29089056, SS|UT
Adam Smith, 29683717, P
Chase McDonald, 2803409, 1B|UT
Caleb Adams, 2226042, OF|UT
Troy Miller, 29085039, P
Myles Schroder, 2120612, C|UT
Caleb Farmer, 29085027, C|UT
Henry Pujols, 2825198, 3B|UT
Seth Mayberry, 29089079, P
Sean Donatello, 2121470, P
Omar Alfonzo, 29092513, C|UT
Erick Torres, 29686892, C|UT
Tyler Esplin, 2836846, OF|UT
A.J. Vanegas, 2228220, P
Chase Jensen, 2122082, 3B|UT
Ryan Spikes, 26911675, 2B|UT
Ben Harris, 29085032, P
Jorge Benitez, 2836598, P
Max Kranick, 3166983, P
Daniel Montano, 2768557, OF|UT
Nick Hernandez, 2791374, P
Jake Reindl, 2933040, P
Wade Stauss, 29077091, C|UT
Derek West, 29084533, P
Hill Alexander, 28838270, OF|UT
A.J. Simcox, 2740130, SS|UT
Victor Garcia, 29686899, P
Braiden Ward, 28837775, OF|UT
Robert Neustrom, 2932972, OF|UT
Domingo Gonzalez, 29085031, P
Hamlet Marte, 2218073, C|UT
Carlos Romero, 2835042, P
Adonys Cardona, 1987620, P
Art Charles, 2766620, 1B|UT
Clayton Daniel, 3157029, 2B|UT
Gene Escat, 2169990, P
Dalton Guthrie, 2836950, OF|UT
Abiezel Ramirez, 2829405, SS|UT
Juan Sandoval, 1200837, P
Omar Hernandez, 29090984, C|UT
Austin Athmann, 2915685, C|UT
Kyle Wilcox, 29085050, P
Spencer Bivens, 29086793, P
Luis Lopez, 3108232, SS|UT
Patrick Clohisy, 29676688, OF|UT
Robert Puason, 3151912, 2B|UT
Jack Anderson, 2804687, P
Zach Houchins, 2803481, 3B|UT
Trever Adams, 1961303, 1B|UT
Jose Alberto Molina, 2226049, P
Thomas Sosa, 29662365, OF|UT
Jacob Condra-Bogan, 2836730, P
Miguel Ullola, 29077667, P
James Harris, 2120619, OF|UT
Ronis Aybar, 29088538, OF|UT
Tyler Bortnick, 1813205, SS|UT
Carlos Ramirez, 1741386, C|UT
Gerson Molina, 3096714, OF|UT
Blake Dickerson, 29321920, P
Todd Czinege, 2836776, 3B|UT
Gabriel Rodriguez, 28838888, SS|UT
Mauricio Llovera, 2823894, P
Balbino Fuenmayor, 2220475, 1B|UT
Connor Sadzeck, 2118802, P
Marco Duarte, 2048463, P
Danny Wirchansky, 29677770, P
David Harris, 2171865, OF|UT
Beamer Weems, 1666697, SS|UT
Homer Bush, 29321897, OF|UT
Sandro Fabian, 2507505, OF|UT
Arturo Guerrero, 28843211, OF|UT
Isrrael De La Cruz, 2822266, SS|UT
Kenedy Corona, 28838219, OF|UT
Carter Holton, 29632446, P
Terrell Tatum, 29085646, OF|UT
Noah Murdock, 26635156, P
Carson Hobbs, 29676675, P
Josh Morgan, 2167344, C|UT
Aaron Sabato, 26615323, 1B|UT
Keithron Moss, 26615329, 2B|UT
Dan Rohlfing, 1803823, C|UT
DJ Gladney, 26615337, 1B|UT
Logan Taylor, 2226787, 3B|UT
Tahnaj Thomas, 2829435, P
Kervin Pichardo, 29686520, SS|UT
Everhett Hazelwood, 28843212, P
Albertus Barber, 29091596, P
Craig Brooks, 2821696, P
Geoffrey Gilbert, 29087564, P
Will Ethridge, 26615419, P
Kevin Torres, 2051187, C|UT
Evan Marzilli, 2044247, OF|UT
Dan Fiorito, 2170497, 3B|UT
Justin Toerner, 3103670, OF|UT
Tyler Frost, 2836886, OF|UT
Jefferson Rojas, 29322013, SS|UT
Calvin Conley, 26911688, SS|UT
Nick Mondak, 29686499, P
Dakota Donovan, 28837788, P
Tanner Nishioka, 2837296, 2B|UT
David Sosebee, 3096404, P
Kervin Suarez, 2826105, 2B|UT
Brendon Davis, 2227220, OF|UT
Cooper Ingle, 29342284, C|UT
Matthew Wivinis, 2842941, P
Felix Valerio, 26912427, OF|UT
Jordan Brewer, 26615391, OF|UT
Aldrem Corredor, 2822124, OF|UT
Manuel Cachutt, 2829872, P
Marino Santy, 29322019, P
Ryan Miller, 2804233, C|UT
Chad Hinshaw, 2170512, OF|UT
Sean Reynolds, 3097421, P
Tommy Doyle, 2836823, P
Chris Schrock, 26635164, SS|UT
Ryan Halstead, 2915699, P
Caleb Ricketts, 29295888, C|UT
Tatem Levins, 29360038, C|UT
Yophery Rodriguez, 29322012, OF|UT
Nick Bitsko, 26615393, P
Ronaiker Palma, 29079599, C|UT
Jaden Hamm, 29632925, P
Drake Osborn, 29091136, C|UT
Cole Uvila, 29080197, P
Brody Brecht, 29662224, P
Cristian Paulino, 2227793, OF|UT
Yordys Valdes, 3152108, SS|UT
Francesco Barbieri, 29692438, OF|UT
Nick Swiney, 26615399, P
Ezequiel Pagan, 28841698, OF|UT
Jeremy Rodriguez, 29322011, SS|UT
Angel Genao, 26643928, SS|UT
Jose Duarte, 2171390, C|UT
Alex Bustamante, 29087579, P
Jake Pilarski, 29090018, P
Luis Peralta, 29456614, P
Jay Beshears, 29677736, 1B|UT
Christopher De La Cruz, 2931270, OF|UT
Drew Millas, 26615322, C|UT
Trey McGough, 29342306, P
Bryce Hubbart, 29075496, P
T.J. Weir, 2227752, P
Yoendrys Gomez, 3077726, P
Andres Mesa, 28843219, SS|UT
AJ Graffanino, 2932777, SS|UT
Demitrio Nadal, 29683796, 3B|UT
Carter Baumler, 26615412, P
Cole Fontenelle, 29342258, 3B|UT
Taylor Broadway, 28838067, P
Junior Franco, 28842638, OF|UT
Spencer Henson, 28843213, 1B|UT
Henry Baez, 29657141, P
Tyler Owens, 26615411, P
Justin Lopez, 2835718, SS|UT
Cameron Leonard, 28842392, P
BJ Murray, 29086256, 3B|UT
Casey McElroy, 2048695, SS|UT
James Free, 29085482, C|UT
Stephen Wickens, 2121137, SS|UT
Jack Lopez, 2121320, 2B|UT
Chuckie Robinson, 2919628, C|UT
C.J. Culpepper, 29295978, P
Ilvin Fernandez, 28843185, SS|UT
Ryan Aper, 2171301, OF|UT
Freddy Pacheco, 26861449, P
Kade Scivicque, 2216584, C|UT
Jaden Woods, 29658269, P
Yoeilin Cespedes, 29321907, SS|UT
Cody Laweryson, 28842391, P
Alec Kenilvort, 2921570, P
Alfonsin Rosario, 29658263, OF|UT
Ben Aklinski, 3103464, OF|UT
Jack Cushing, 29085481, P
Yoanys Quiala, 2915786, P
Michael McAvene, 3152060, P
Ben Kudrna, 26911734, P
Luis Pino, 26913047, OF|UT
Luis Valdez, 29686868, 2B|UT
Darius Hill, 28837127, OF|UT
Antoni Flores, 3077708, SS|UT
Chase Shugart, 2933099, P
Caleb Ketchup, 29686886, SS|UT
Juan Mota, 2824573, P
Yender Caramo, 2592844, P
James Pugliese, 2734419, P
Emmanuel Marrero, 2921425, SS|UT
Spencer Packard, 28839288, OF|UT
Nick Dalesandro, 2932674, OF|UT
Nick McLain, 29644438, OF|UT
Matt Kroon, 2837097, 3B|UT
Alan Strong, 2933128, P
Jarod Bayless, 29342225, P
Delvin Zinn, 28837131, SS|UT
Gunnar Heidt, 2746507, SS|UT
Rubel Cespedes, 29086245, 3B|UT
Martires Arias, 2220463, P
Mark Serrano, 1960791, P
Japhet Amador, 2114135, 1B|UT
Ryan Burr, 2921618, P
Matt Whatley, 2910597, C|UT
Jared Solomon, 2837537, P
Ronald Bueno, 2171389, 2B|UT
Jordyn Adams, 2942977, OF|UT
Brock Deatherage, 2836791, OF|UT
Claudio Bautista, 2120522, SS|UT
Jeff Gelalich, 2044554, OF|UT
Matt Pidich, 2933012, P
Tanner Rahier, 2044527, SS|UT
Sam Weatherly, 2837668, P
Carlos Guarate, 2931959, P
Jhonny Bethencourt, 2821555, 2B|UT
Jacob Rhinesmith, 2933045, OF|UT
Ryan Grotjohn, 2836943, 2B|UT
Carlos Narvaez, 2824624, C|UT
Matthew Gorst, 2915534, P
Zach Shepherd, 2170278, 3B|UT
Estarling Mercado, 29684915, OF|UT
Paulino Santana, 29339045, OF|UT
Leonardo Reginatto, 1959094, SS|UT
Jose Ortiz, 29658261, OF|UT
Yerlin Luis, 29692366, OF|UT
Jake McSteen, 28842393, P
Blake Money, 29687808, P
Nick Garcia, 26616949, P
Lucas Knowles, 29342295, P
Nate Griep, 2919943, P
Shotaro Morii, 29677015, SS|UT
Daniel Missaki, 29683094, P
Sam Brown, 29348145, 1B|UT
Donavan Tate, 1739602, OF|UT
Jack Lines, 29687315, SS|UT
Patrick Reilly, 29658262, P
Erick Brito, 28846881, SS|UT
TJ Rumfield, 29084396, 3B|UT
Patrick Dorrian, 27022479, 2B|UT
Mike Augliera, 2226037, P
Matt O'Neill, 28842587, C|UT
Drew Avans, 28840233, OF|UT
Tre Richardson, 29686521, SS|UT
Tanner Murphy, 2167327, C|UT
Jeff Howell, 1660447, C|UT
Gavin Conticello, 28846882, OF|UT
Curt Powell, 2121208, SS|UT
Denyi Reyes, 2825336, P
Manuel Mercedes, 26912476, P
Nolan Becker, 2804235, P
Nate Reed, 2120119, P
Luis Baez, 2930766, OF|UT
Ben Wereski, 29350975, P
Robert Gonzalez, 28843210, OF|UT
Ivran Romero, 29686522, P
Jared Dupere, 29090726, OF|UT
Hector Daniel Rodriguez, 2036152, P
Ryan Sloan, 29644495, P
Edward Florentino, 29662333, OF|UT
Connor Noland, 29678057, P
Johnny Ray, 29344256, P
Brayan Hernandez, 2910621, OF|UT
Alex Valverde, 2837625, P
Jairo Perez, 1961511, 3B|UT
Austin Wilson, 2066815, OF|UT
Justin Dean, 2932689, OF|UT
Sauryn Lao, 2823780, P
George Soriano, 2826020, P
Jarret Whorff, 29677745, P
Yonathan Perlaza, 2825067, 2B|UT
Jesus Baez, 29077625, SS|UT
Silfredo Garcia, 2216697, P
Jack Blomgren, 26615357, SS|UT
Arturo De Freitas, 29089643, C|UT
Kewby Meyer, 2803301, 1B|UT
Ty Adcock, 29089641, P
Keegan Yuhl, 2734154, P
Eduardo Quintero, 29322010, OF|UT
David Garcia, 2829024, C|UT
Matthew Hardy, 2846712, P
James Meeker, 29084416, P
Bradley Malm, 29086404, 3B|UT
Jackson Castillo, 29675428, OF|UT
Eduardo Beltre, 29662332, OF|UT
Anderson Pilar, 2825096, P
Jordan Rodgers, 2837418, 3B|UT
Alexander Hermeling, 2740416, P
Nelson Beltran, 29089642, SS|UT
David Speer, 2804681, P
Mark Sappington, 2044117, P
Josh Vidales, 2803487, 2B|UT
Dylan Dreiling, 29644425, OF|UT
Grant Koch, 2932857, C|UT
Jordan Carr, 29342238, P
Niko Hulsizer, 2932824, OF|UT
Hayden Merda, 29685405, P
Uziel Viloria, 28846889, SS|UT
Joe Filomeno, 2227795, P
Drew Lugbauer, 2837146, 1B|UT
Ricardo Pinto, 2167461, P
Kohl Drake, 29632435, P
Gage Canning, 2932299, OF|UT
Hans Montero, 29681944, 3B|UT
Adrian Acosta, 29321876, P
Luke Farrell, 2227177, P
John Fasola, 2822641, P
Will Verdung, 29676704, 2B|UT
Shane Drohan, 2836825, P
Andres Arias, 29662350, OF|UT
Zavier Warren, 26615320, OF|UT
Jose Escobar, 29677756, SS|UT
D.J. Burt, 2753435, 2B|UT
Nick Richmond, 29085044, P
Adam Hackenberg, 29062203, C|UT
Tyler Stasiowski, 29686523, P
Josh Graham, 2823088, P
Austin Aune, 2053471, SS|UT
Kevin Josephina, 2921560, 2B|UT
Jacob Watters, 29075705, P
Yolfran Castillo, 29662397, SS|UT
Thomas McIlraith, 3158248, P
Wilfredo Flores, 28846883, OF|UT
Trevor Bettencourt, 2921423, P
Hector Vargas, 2223642, 2B|UT
Levi Michael, 1894645, 2B|UT
Grant Kipp, 29675455, P
Matt Milburn, 3152833, P
Rusber Estrada, 28842390, C|UT
Bryan King, 29342666, P
Tyler Miller, 29342312, 3B|UT
Davis Wendzel, 3117942, 3B|UT
Carlos Colmenarez, 26643914, 2B|UT
Blake Mitchell, 29153546, C|UT
Sean Gleason, 2050855, P
Heath Holder, 3101499, OF|UT
Anderson Franco, 2211749, 3B|UT
Austin Hyatt, 1833105, P
Ethan Skender, 2798062, SS|UT
Elian Pena, 29669162, SS|UT
Manuel Alvarez, 2925018, P
Jagger Rusconi, 2918657, OF|UT
Jordan Mikel, 29342311, P
Ernny Ordonez, 28842738, 3B|UT
Erich Weiss, 2171097, 2B|UT
Brandon Valenzuela, 2931064, C|UT
D.J. Stewart, 2837564, 1B|UT
Esmith Pineda, 29322006, OF|UT
Andres Melendez, 26640188, C|UT
Antony Peguero, 29077587, OF|UT
Cole Miller, 29321986, P
Roberto Pena, 1959725, C|UT
Andres Avila, 2228476, P
Ryan Costeiu, 29075763, P
Jerrick Suiter, 2228430, OF|UT
Jesus Made, 29632938, SS|UT
Gunner Mayer, 26911807, P
Sean Hermann, 29075769, P
Cameron Varga, 2170122, P
Daniel Gibson, 2218316, P
Aneurys Zabala, 2826706, P
Zach Reks, 2837382, OF|UT
Kyle Wren, 2121283, OF|UT
Ben Malgeri, 29085285, OF|UT
Clark Scolamiero, 2837487, OF|UT
Abel Bastidas, 26643935, SS|UT
Kendall Williams, 3151908, P
Ubaldo Soto, 29662106, P
D.J. Davis, 2041574, OF|UT
Brian Loconsole, 2171120, P
Nick Hull, 29675446, P
Ryan Bergert, 29075762, P
David Armendariz, 2171337, OF|UT
McCade Brown, 26911766, P
Moises Castillo, 2821909, SS|UT
Cale Coshow, 2740133, P
Yariel Gonzalez, 2823066, 3B|UT
Landon Marceaux, 26911788, P
Alex Katz, 2804934, P
Ronan Kopp, 29075761, P
Justin Brantley, 2218070, P
Malcolm Moore, 29426065, C|UT
Logan VanWey, 29091448, P
Bryce Meccage, 29644484, P
Trey Michalczewski, 2165921, 3B|UT
Colt Emerson, 29153555, SS|UT
Brian Navarreto, 2804029, C|UT
Donny Sands, 2447475, C|UT
Jurrangelo Cijntje, 29426044, P
Chris Mariscal, 2169913, 3B|UT
Reagan Todd, 28837130, P
Aneury Tavarez, 2119374, OF|UT
Hayden Senger, 26637982, C|UT
Adam Hall, 2836953, OF|UT
Wilson Garcia, 2822904, C|UT
Daniel Bies, 2932280, P
Carlos Penalver, 2048851, 2B|UT
Agustin Ruiz, 3097060, OF|UT
Brandon Trinkwon, 2171875, 3B|UT
Austin Ross, 3157971, P
Drew Vettleson, 1765822, OF|UT
Cole Mathis, 29658260, 3B|UT
Sterlin Thompson, 29075774, OF|UT
Bryson Horne, 29342429, 1B|UT
Braxton Fulford, 28839879, C|UT
Marcos Cabrera, 28843206, 3B|UT
Loidel Chapelli, 29077658, 2B|UT
Cris Rodriguez, 29669163, OF|UT
Justin Connell, 2836733, OF|UT
Dylan Hardy, 2932796, OF|UT
Bryan Gonzalez, 29682348, OF|UT
Matt Crouse, 1962832, P
Mario Camilletti, 29678307, 2B|UT
Jonny Homza, 2837005, 3B|UT
Terry Doyle, 1918578, P
Ryan Ripken, 2915596, 1B|UT
Juan Nunez, 29342319, P
Colton Davis, 2921034, P
Jordan Foley, 2822754, P
Austin Upshaw, 2837620, 2B|UT
Luis Curbelo, 3097073, SS|UT
Anthony Solometo, 26911741, P
Jonah Wesely, 2921004, P
Miguel Figueroa, 3103459, P
Nelson Gonzalez, 2170998, P
Austin Warner, 2850308, P
Nazier Mule, 29075746, P
Carlos Garcia, 2227129, 2B|UT
Chase Pinder, 2837349, OF|UT
Janser Lara, 2823785, P
Joshua Mears, 3152112, OF|UT
Olbis Parra, 2824893, P
Joseph Rosa, 2780091, SS|UT
Hans Crouse, 2836766, P
Connor Owings, 2747493, 2B|UT
D.J. Wilson, 2449447, OF|UT
Jeremias Pineda, 2000370, 2B|UT
Bailey Horn, 29080903, P
Frankie Mozzicato, 26719570, P
Adriam Santana, 29153563, SS|UT
Jack Perkins, 29321685, P
Luis Meza, 28839810, C|UT
Yeudy Garcia, 2211782, P
Cam Caminiti, 29426059, P
Alberto Rios, 29295918, C|UT
Preston Scott, 2804929, OF|UT
Anthony Quirion, 29089886, C|UT
Deon Stafford, 2837549, C|UT
Juan Ciriaco, 549244, SS|UT
Taylor Young, 29342370, 2B|UT
Tai Peete, 29153562, SS|UT
Joe Donovan, 2836820, C|UT
Adrian Santana, 29034796, P
Adrian Hernandez, 2931964, P
Hector Mendoza, 2914725, P
Sebastian Almonte, 28842464, 2B|UT
Wladimir Galindo, 2507348, 1B|UT
Juan Ciriaco, 2120516, SS|UT
Jason Forjet, 2227790, P
Tyler Marincov, 2170400, OF|UT
Logan Gillaspie, 26861434, P
Cesar Lares, 29660656, P
Jair Camargo, 2821793, C|UT
Edwin Escobar, 2027505, P
Ronny Sanchez, 29088706, 3B|UT
Marcus Chiu, 2836717, 2B|UT
Edmond Americaan, 2836541, OF|UT
Jonny Farmelo, 29153561, OF|UT
Nathan Perry, 2837342, C|UT
Vance Honeycutt, 29426051, OF|UT
KC Serna, 2226169, SS|UT
Manuel Palencia, 29087587, C|UT
Kaleb Bowman, 29085303, P
Scott Weathersby, 2797796, P
Brandon Downes, 2226896, OF|UT
Jhon Peluffo, 3158102, P
Josh Wolf, 3152119, P
Jacob Pearson, 2837331, OF|UT
Justin Bohn, 2120725, SS|UT
Ivan Maldonado, 1208662, P
William Bergolla, 392291, 2B|UT
Jayvien Sandridge, 29342336, P
Gus Steiger, 28842471, SS|UT
Tristan Garnett, 29084389, P
Jared Johnson, 26911749, P
Vince Fernandez, 2804514, OF|UT
Robert Wegielnik, 29684942, P
Zack Brown, 3085603, P
Miguel Villarroel, 28846910, SS|UT
J.B. Olson, 28842608, P
Yhoxian Medina, 2121149, SS|UT
Billy Wilson, 3107130, OF|UT
Peyton Gray, 29342267, P
Grant Lavigne, 2931982, 1B|UT
Matt Mikulski, 26911743, P
Lisbel DIaz, 29684941, OF|UT
Sam Street, 2785744, P
Keegan Long, 2921365, P
Landon Wallace, 29084228, OF|UT
Dickie Joe Thon, 2804922, 2B|UT
Jake Peter, 2171424, 2B|UT
Wilking Rodriguez, 2132971, P
Chad Spanberger, 2837542, OF|UT
Bobby Seymour, 29351816, 1B|UT
Miguel Jerez, 2823552, C|UT
Will Taylor, 29687756, OF|UT
Jake Kalish, 2823646, P
Shane Broyles, 2228435, P
Austin Smith, 2211223, P
Felipe Blanco, 2227782, 3B|UT
Johanfran Garcia, 29321937, C|UT
Joe Jacques, 29084552, P
Noble Meyer, 29155726, P
Chase Cohen, 2932642, P
D.J. McCarty, 28846906, P
Raynel Delgado, 2932695, 2B|UT
Juan Fernandez, 2822681, C|UT
Ti'Quan Forbes, 2739979, 3B|UT
Esney Chacon, 2829312, OF|UT
Isaiah Drake, 29321923, OF|UT
Kaleb Fontenot, 2921573, P
Morgan Lofstrom, 3096078, C|UT
Michael Snyder, 29676295, 3B|UT
Logan Tanner, 29075728, C|UT
Yeremi Cabrera, 29686704, OF|UT
Omar De Los Santos, 29084551, OF|UT
Dylan Bice, 29078779, P
Phillips Castillo, 1947855, OF|UT
Aaron Kurcz, 2167794, P
Ernie De La Trinidad, 2836788, OF|UT
Hyun-il Choi, 3152063, P
Gerson Moreno, 2824536, P
Luis Quinones, 29096136, P
Brady Choban, 29675828, P
Tre' Morgan, 29321991, 1B|UT
Blake Workman, 28838308, P
Antonio Cabello, 3077719, OF|UT
Trey Cochran-Gill, 2169867, P
Quincy Scott, 29686890, OF|UT
Peter Van Gansen, 2226052, SS|UT
Roilan Machandy, 28838279, OF|UT
Carlos Pimentel, 1961064, P
Andres Angulo, 2821256, C|UT
Reidy Mercado, 28851009, OF|UT
Zach Osborne, 2171048, SS|UT
Grayson Byrd, 28837103, SS|UT
Dan Black, 2119559, 1B|UT
Galvi Moscat, 2170715, OF|UT
Sam Carlson, 2836694, P
Patrick Weigel, 2449976, P
Brian Marconi, 28838025, P
Ralston Cash, 2699567, P
Zach Ashford, 28842148, OF|UT
Kade Morris, 29321992, P
Tyler Thomas, 3103748, P
Randy Wynne, 28838542, P
Jake Henson, 2227789, C|UT
Junior Perez, 2930992, OF|UT
J.C. Correa, 28838272, SS|UT
Arby Fields, 2226333, OF|UT
Terence Doston, 28851002, OF|UT
Frank Nigro, 29087625, C|UT
Devin Conn, 2932649, P
Branden Berry, 2800870, 1B|UT
Christian Cerda, 28846848, C|UT
James Teague, 2915683, P
Chris Kean, 29688608, P
Grant Ford, 29687764, P
TJayy Walton, 29322045, OF|UT
Cesar Gomez, 29085030, P
Ethan Roberts, 2933050, P
Connor O'Halloran, 29321999, P
Felix Morrobel, 29321993, SS|UT
Miller Hogan, 2837000, P
Dalton Roach, 29077090, P
Sean Boyle, 28838271, P
James Hicks, 29632460, P
Bradlee Beesley, 28837102, OF|UT
Ricardo Cabrera, 28839806, 3B|UT
Luis Pintor, 2921609, SS|UT
Ryan Ramiz, 3102101, OF|UT
Vincent Perozo, 29676150, C|UT
Enrique Segura, 29077608, P
Carlos Machado, 2824016, OF|UT
Conner Loeprich, 29084553, P
Adam Seminaris, 3166985, P
Tim Torres, 1741021, 3B|UT
Kona Quiggle, 3157916, OF|UT
Cade Fergus, 29084157, OF|UT
Jared Dickey, 29321921, OF|UT
Christian Herberholz, 29679118, P
Aldo Ramirez, 26615445, P
Richelson Pena, 2743633, P
Stryker Trahan, 2029344, OF|UT
Williander Moreno, 2930953, P
Alex De Jesus, 26912444, 3B|UT
Wyatt Strahan, 3103878, P
Luis Verdugo, 3077712, SS|UT
Garrett Fulenchek, 2167298, P
Hunter Parsons, 29084246, P
Devin Sweet, 3158016, P
Tyler Cyr, 2822211, P
Maximo Acosta, 3159165, SS|UT
J.J. D'Orazio, 29321922, C|UT
Amos Willingham, 29085051, P
Gerson Garabito, 2211790, P
Keegan Curtis, 26912465, P
Stewart Ijames, 2171251, OF|UT
Tommy Troy, 29153548, SS|UT
Cruz Noriega, 2930965, P
Emailin Montilla, 29349533, P
Ethan Paul, 28840173, SS|UT
Ben Guez, 1741049, OF|UT
Maick Collado, 29089454, SS|UT
Jacob Kmatz, 29644479, P
Nerwilian Cedeno, 29077671, 2B|UT
Narciso Mesa, 2171697, OF|UT
Rob Emery, 29085460, C|UT
Miguel Diaz, 2167352, P
Josh Dye, 27022495, P
Luke Hayden, 29644473, P
Liam Norris, 26615408, P
Scott Kuzminsky, 2871413, P
Wilmer Reyes, 2825355, SS|UT
Colton Turner, 2803770, P
Edgar Corcino, 1960242, 3B|UT
Geronimo Franzua, 29344939, P
Connor Harrell, 2121059, OF|UT
Andrew Pintar, 29070454, OF|UT
Matt Dean, 2216806, 1B|UT
Alexis Garcia, 2822844, SS|UT
Jose Gerardo, 29077645, OF|UT
Pedro Hernandez, 29089623, SS|UT
Austin Kitchen, 29085574, P
Nick Brink, 29677725, P
Danny Hayes, 2170288, 1B|UT
Manuel Pena, 29077664, 2B|UT
Ben Ruta, 3096091, OF|UT
Yeyson Yrizarri, 2167513, SS|UT
Danny Gutierrez, 1735904, P
Steve Scott, 29080367, C|UT
Tyler Schweitzer, 29075783, P
Cooper Pratt, 29322008, SS|UT
Brent Diaz, 2836805, C|UT
Zach Barnes, 29353870, P
Jorge Marban, 2224835, P
Yordanny Monegro, 29321988, P
Luke Dykstra, 2447483, 2B|UT
Haydn McGeary, 29088725, 1B|UT
Mitchell Tyranski, 29090987, P
Zac Ryan, 3094350, P
Alex Pham, 29295939, P
Yeltsin Gudino, 2733999, SS|UT
Joelvis Del Rosario, 29091446, P
Jeffrey Colon, 29356601, P
Wyatt Sanford, 29644445, SS|UT
Jesus Castillo, 29088487, SS|UT
Korey Holland, 2932822, OF|UT
Trystan Vrieling, 29075781, P
Jairo Pomares, 3152055, OF|UT
Derek Craft, 2932662, P
Henyer Gomez, 29089622, SS|UT
Clark Candiotti, 29644464, P
Luis Mey, 29631473, P
Connor Grey, 2823111, P
Ulysses Cantu, 2794799, 3B|UT
Andrew Pullin, 2223335, OF|UT
Cutter Dykstra, 1665383, OF|UT
William English, 2932718, P
Yoel Espinal, 2822580, P
Shane McGuire, 29683482, C|UT
Jhoan Urena, 2167359, 3B|UT
Elijah Dunham, 26911768, OF|UT
Travis Adams, 29616033, P
Blake Goldsberry, 29089621, P
Tucker Toman, 29075782, 3B|UT
Julio Francisco, 2829022, OF|UT
Avery Weems, 26911815, P
Derek Jenkins, 2920935, OF|UT
Julian Aguiar, 29295931, P
Shane Panzini, 26911786, P
Trent Farquhar, 29676690, 2B|UT
Ty Duvall, 28843208, C|UT
Lizandro Espinoza, 29077656, SS|UT
Raudel Lazo, 2042432, P
Brandon Grudzielanek, 2860382, SS|UT
Zander Sechrist, 29682346, P
Juan Matheus, 29676008, SS|UT
Mike Antico, 28840172, OF|UT
Nick Dombkowski, 29085024, P
Carson DeMartini, 29658280, 3B|UT
Paxton Thompson, 29344932, P
Colby Halter, 29349532, 2B|UT
Cade Harris, 2932798, 3B|UT
Wyatt Mills, 2837239, P
Zane Barnhart, 29678290, P
Nick Roselli, 29683714, 2B|UT
Ryan Reckley, 29077679, 2B|UT
Trey Gregory-Alford, 29644471, P
Nikau Pouaka-Grego, 29077673, 3B|UT
Connor Kopach, 3094400, 2B|UT
Tyler Tolbert, 28838890, SS|UT
Hyungchan Um, 29644240, C|UT
Jonah Todd, 2837605, OF|UT
Carlson Reed, 29084217, P
Angel Perdomo, 2507523, P
Chase Jaworsky, 29321954, SS|UT
Payton Henry, 2910601, C|UT
Andres Alvarez, 28840171, SS|UT
Juan Caballero, 2227744, P
Dane Acker, 29077340, P
Christopher Familia, 29349531, OF|UT
Owen Hall, 29644472, P
Michael Santos, 2167507, P
Ashton McGee, 28841209, 2B|UT
Santiago Nessy, 2044549, C|UT
Matt Solter, 2826011, P
Cody Stull, 2804024, P
Nick Sinacola, 29342441, P
Adrian Pinto, 28846862, 2B|UT
Malvin Valdez, 26913053, OF|UT
Lake Bachar, 3152730, P
Josh Kasevich, 29075717, SS|UT
Anderdson Rojas, 29683327, OF|UT
Christian Williams, 2804220, 1B|UT
Corey Black, 2040762, P
Alejandro Garcia, 2615374, OF|UT
Jeff Bain, 2836561, P
Keenyn Walker, 1947828, OF|UT
Hayden Harris, 29342270, P
Ryan Kussmaul, 1959173, P
Alejandro Pie, 28846861, SS|UT
Matt Sauer, 2837467, P
Eric Cerantola, 29342442, P
Bryan Harper, 2228203, P
Ashe Russell, 2184465, P
Edwin Espinal, 2171100, 1B|UT
Tyler Neslony, 2921039, OF|UT
Patrick Brady, 2120675, 2B|UT
Jake Holton, 29086654, 1B|UT
Dedgar Jimenez, 2915587, P
Brett McKinney, 2731206, P
Yahil Melendez, 29680225, SS|UT
Marcel Renteria, 2837384, P
Reynaldo Rodriguez, 1813383, C|UT
Brock Moore, 29676729, P
Casey Legumina, 29033794, P
Marcos Tineo, 2830262, P
Stanley Consuegra, 3094731, OF|UT
Ryan Arrowood, 2121169, P
Alan Mejia, 29086557, OF|UT
Luke Leftwich, 2921392, P
Ray Gaither, 29330466, P
Samuel Strickland, 29360064, P
Joel Seddon, 2825854, P
Benyamin Bailey, 26913030, OF|UT
Myles Smith, 2228217, P
Raffi Vizcaino, 2826531, P
Kevin Mahala, 2740418, P
Yankory Pimentel, 2825104, P
Juan Burgos, 29342236, P
Charles McAdoo, 29404846, 3B|UT
Alberto Triunfel, 2826315, 2B|UT
Miguel Cienfuegos, 29676721, P
Leandro Santana, 2804932, 3B|UT
Robbie Hitt, 2836994, P
Davis Sharpe, 29084418, P
Seth Corry, 2836746, P
Seth Spivey, 2171158, 2B|UT
Alex Klonowski, 2823714, P
Robinson Ortiz, 2846111, P
Mayo Acosta, 1670944, C|UT
Nathan Wiles, 29342367, P
David Gonzalez, 1962834, 2B|UT
Jose Godoy, 2822981, C|UT
Oscar Rangel, 28846863, C|UT
Erik Sabrowski, 2933070, P
Buck Britton, 1806043, 2B|UT
Benjamin Blackwell, 29342449, 2B|UT
Chad Sedio, 2921041, SS|UT
Alex McKenna, 2932931, OF|UT
Alberti Chavez, 2171850, 3B|UT
Chase Petty, 26719671, P
Nick Routt, 2509402, P
Michael Papierski, 2837321, C|UT
Noah Myers, 29360056, OF|UT
Samuel Aldegheri, 29321878, P
William Silva, 29685397, P
Sean Keselica, 2823688, P
Renny Hidalgo, 29086130, OF|UT
Carlos Arroyo, 2794806, OF|UT
Brock Lundquist, 2837148, OF|UT
Martin Agosta, 2044515, P
Kort Peterson, 3094749, OF|UT
Grant Zawadzki, 2921399, P
Pedro Ramirez, 28842610, 3B|UT
Jack Herman, 3077697, OF|UT
Landon Sims, 29075726, P
Tito Polo, 2122072, OF|UT
Travis Jones, 2837056, OF|UT
Jordan Wren, 2837706, OF|UT
Zach Nehrir, 2227181, OF|UT
Pedro Santos, 29345487, P
Luinder Avila, 29321885, P
Carlos Herrera, 2211762, SS|UT
Ethan Workinger, 29086267, OF|UT
Guy Lipscomb, 29091648, OF|UT
Ian McKinney, 2824286, P
Garrett Boulware, 2170132, C|UT
Kyle Kasser, 28840218, 2B|UT
Sammy Peralta, 28846908, P
Misael Gonzalez Acosta, 26911721, OF|UT
Zach Warren, 2837658, P
Christian Johnson, 28846855, OF|UT
Harold Chirino, 2822002, P
Marquez Smith, 1797884, 3B|UT
Jose Anderson, 29689591, OF|UT
Tyresse Turner, 29090136, SS|UT
Solomon Bates, 2932273, P
Roman Collins, 2804677, OF|UT
Tyler Spurlin, 2750314, P
Edgar Navarro, 2930960, P
Tyler Bryant, 29685426, P
Connor Caskenette, 29689592, C|UT
Ty Johnson, 29476194, P
Adam Weisenburger, 2034700, C|UT
Dominic Hamel, 26911799, P
Blair Henley, 26615458, P
Zack Bird, 2044501, P
Alejandro Salazar, 3094343, SS|UT
Ricky Salinas, 28838306, P
Vince Vannelle, 29086144, P
Bernie Martinez, 3158104, P
Brendan Jones, 29675417, OF|UT
Matt Frisbee, 2932747, P
Dustin Martin, 1208664, OF|UT
Jeff McVaney, 2044755, OF|UT
Jayson Schroeder, 2932049, P
Tanner Allen, 2836534, OF|UT
Lazaro Montes, 28839808, OF|UT
Cole Peterson, 2837344, SS|UT
Brandon Bayardi, 2227124, OF|UT
Ben Krauth, 3095383, P
Starlyn Caba, 29321904, SS|UT
Marten Gasparini, 2211769, SS|UT
Elvis Peralta, 28842425, SS|UT
Clark Elliott, 29075505, OF|UT
Emanuel Andrews, 29342219, OF|UT
Jameson Hannah, 2931962, OF|UT
Daiwer Castellanos, 28846846, OF|UT
Ryan Smith, 26911791, P
Logan Cozart, 3103746, P
Josh Hejka, 29688606, P
Justin Seager, 2791770, 1B|UT
Logan Farrar, 2836858, OF|UT
Carter Graham, 29689593, 1B|UT
Alexander Alvarez, 2821198, C|UT
Kevin Garcia, 2171327, OF|UT
Luis Mieses, 2829077, OF|UT
Simon Muzziotti, 2824616, OF|UT
Tyler Payne, 3103876, C|UT
Luke Albright, 29084600, P
Melvin Novoa, 3107593, C|UT
Nicholas Economos, 3157918, P
Randy Cesar, 2791369, 3B|UT
Bralin Jackson, 2121270, OF|UT
Tyler Krieger, 2226659, 3B|UT
Raymond Burgos, 29081045, P
Payton Green, 29679116, SS|UT
Neyfy Castillo, 28837124, 1B|UT
Michael Beltre, 2804512, OF|UT
Ryan Horstman, 2226607, P
Cory Thompson, 28840628, SS|UT
Fidel Montero, 26913044, OF|UT
CJ Alexander, 2932591, 3B|UT
Calvin Ziegler, 26911737, P
Steven Jennings, 2910642, P
David Sheaffer, 28843225, C|UT
Billy Fleming, 2228456, 2B|UT
Grant Witherspoon, 2933207, OF|UT
Eli Saul, 29349516, P
Tommy Sacco, 29089441, SS|UT
Johnny Rizer, 28838071, OF|UT
Jimmy Pickens, 2169693, OF|UT
Braylen Wimmer, 29676025, SS|UT
Tanner Hall, 29321943, P
Josh Tobias, 2211807, 2B|UT
Juan De Paula, 2910631, P
Tyler Jones, 2504133, P
Grayson Hitt, 29321949, P
Granden Goetzman, 2121453, OF|UT
Patrick Leonard, 2121871, 1B|UT
Ike Schlabach, 3158355, P
Colton Johnson, 29687795, P
Kevin Merrell, 2837224, SS|UT
Nash Walters, 28838072, P
Fernando Perez, 29660684, P
Reece Walling, 29086103, OF|UT
Kyle Hansen, 2121517, P
Jordan Cooper, 2169652, P
Iker Franco, 392224, C|UT
Braxton Martinez, 28837790, 3B|UT
Leonardo Balcazar, 26913003, SS|UT
Julian Leon, 2167337, C|UT
Chris Vallimont, 2933153, P
Carson Roccaforte, 29295916, OF|UT
Luke Berryhill, 28838045, C|UT
Devyn Bolasky, 2821609, OF|UT
Owen Murphy, 28920023, P
Seth Harrison, 2223949, OF|UT
Frederick Bencosme, 29077610, SS|UT
Michael Mariot, 1961062, P
Dennis Ortega, 2699272, C|UT
Ben Peoples, 29644519, P
Javier Mogollon, 29662446, SS|UT
Nathan Bates, 2918677, P
Cooper Kinney, 26719712, 2B|UT
Antonio Pinero, 2910615, SS|UT
Xavier Martinez, 29688610, P
Will Roberts, 2121445, P
Nova Valdez, 1669890, 3B|UT
Kevin Made, 26913009, SS|UT
Michael Tinsley, 2921540, C|UT
Packy Naughton, 2837281, P
Chad Johnson, 2226898, C|UT
Levi Hyams, 2227478, 1B|UT
Josh Hartle, 29662250, P
Jaquez Williams, 2921622, 1B|UT
Daniel Susac, 28920022, C|UT
Nonie Williams, 2507190, SS|UT
Rodrigo Orozco, 2824782, OF|UT
Dwanya Williams-Sutton, 2933199, OF|UT
Ronaldo Hernandez, 3077688, C|UT
Euribiel Angeles, 26913002, SS|UT
Miguel Nunez, 2739974, P
Brady Smith, 29322025, P
Brady McConnell, 2837197, SS|UT
Matt Kennelly, 1663603, C|UT
Carlos Paulino, 2042457, C|UT
Jose Baez, 29087645, SS|UT
Brooks Crawford, 29086087, P
Nolan Sanburn, 2044510, P
Cam Collier, 28920021, 3B|UT
Jace Bohrofen, 29321894, OF|UT
Guillermo Zuniga, 28838310, P
Cody Bohanek, 2836619, SS|UT
Jose Olivares, 29660658, P
Thayron Liranzo, 29321975, C|UT
Daniel Brito, 2507346, 2B|UT
Mack Chambers, 28841680, SS|UT
Marco Carrillo, 1940756, P
Jose Guzman, 28842606, SS|UT
Robert Gonzalez, 29086101, OF|UT
Jake Anchia, 2932265, C|UT
Brailer Guerrero, 29321942, OF|UT
Lazaro Estrada, 29668947, P
Antonio Jimenez, 29342287, P
Luis Guanipa, 29321941, OF|UT
JJ Schwarz, 29086102, C|UT
Yohendry Sanchez, 29662455, C|UT
Tyler Santana, 29342338, P
Junior Santos, 26615425, P
Quintin Torres-Costa, 2915606, P
Manny Sanchez, 2803763, OF|UT
Luis Palacios, 2829929, P
Beau Brewer, 29084369, 3B|UT
Matt Oberste, 2766202, 1B|UT
Beyker Pastran, 28847205, SS|UT
Theo Gillen, 29426047, OF|UT
Shawon Dunston, 2050498, OF|UT
Gabriel Cancel, 2921435, 2B|UT
Beau Brundage, 28842388, SS|UT
Christopher Bec, 2932275, C|UT
Jonah Arenado, 2227779, 3B|UT
Michael Sandle, 28837566, OF|UT
Tyson Neighbors, 29644487, P
Miguel Mejia, 2225421, P
Terance Marin, 2171880, P
Jeremy Fitzgerald, 3103650, P
Diogenes Almengo, 3094345, P
Zach Borenstein, 2050738, OF|UT
Ian Bedell, 26615438, P
J.D. McLaughlin, 29342415, OF|UT
Jonathan Guzman, 2823188, SS|UT
Jon Matthews, 2227632, OF|UT
Ryder Green, 2932781, OF|UT
Garrett Wolforth, 28842611, C|UT
Casey Cobb, 29086116, P
Eddinson Paulino, 28840187, 3B|UT
Wilfredo Rodriguez, 2798059, C|UT
Zane Morehouse, 29675798, P
Willy Vasquez, 26913016, 3B|UT
Arquimedes Gamboa, 3055540, SS|UT
Jhostynxon Garcia, 29089058, OF|UT
Bradley Markey, 2739964, P
Tyler Hardman, 2836963, 1B|UT
Brandon Sandoval, 2837461, OF|UT
John Rooney, 2933065, P
Aaron Brown, 29080206, P
Seth McGarry, 3094417, P
Dustin Houle, 2114646, C|UT
Rylan Bannon, 2836567, 2B|UT
Wilkin Ramos, 29342434, P
Miguel Eladio, 2822526, SS|UT
Justin Guerrera, 28841535, SS|UT
Steve Perakslis, 2049025, P
Marcos Torres, 29322038, OF|UT
Rodrigo Benoit, 3094353, P
Nazzan Zanetello, 29295909, SS|UT
Adam Shoemaker, 29066320, P
Andrew Sopko, 2826017, P
Willie Joe Garry Jr., 2932757, OF|UT
Erick Caripa, 29088926, OF|UT
Carlos Mendoza, 29085318, 3B|UT
Roberto Lopez, 1811745, UT
Bruce Caldwell, 2227772, 2B|UT
Mason Martin, 2837176, 1B|UT
Jean Carmona, 2828983, 2B|UT
Jesus Galiz, 26643917, C|UT
Nick Meyer, 2932937, C|UT
Michael Bienlien, 29342395, P
Stetson Allie, 1794703, P
Bruce Yari, 3107315, 1B|UT
Luis Vasquez, 3094399, P
Jerry Downs, 2915912, OF|UT
Carlos Tavera, 29671358, P
Jake Gelof, 29295901, 3B|UT
Kameron Esthay, 2836848, OF|UT
Cooper Adams, 29683705, P
London Lindley, 2227639, OF|UT
Blake Anderson, 2135268, C|UT
Justin Yeager, 28841195, P
Brandon Lewis, 3152040, 1B|UT
Morgan McSweeney, 28838886, P
Nestor Miranda, 29662385, 3B|UT
Yasser Mercedes, 29077687, OF|UT
JT Mabry, 29350509, 2B|UT
Sam Armstrong, 29676038, P
Michael Danielak, 2836778, P
Kevin Graham, 29084601, OF|UT
Chase Watkins, 29356650, P
Gerardo Reyes, 2228211, P
Alejandro Melean, 29077584, P
Ryan Nagle, 2227895, OF|UT
Mason Hickman, 29085158, P
Tyler Hill, 2449429, OF|UT
E.J. Exposito, 29089541, SS|UT
Kelvin Melean, 2824345, SS|UT
Kyler Fedko, 29085617, OF|UT
Danny Serretti, 29085925, 3B|UT
Ryan Brady, 29355926, P
Zach Davis, 3158171, OF|UT
Josh Breaux, 2836643, C|UT
Jose Carlos Urena, 2228198, OF|UT
Juan Mejia, 2835921, P
Spencer Mraz, 28838070, P
Nathaniel Hickey, 26911629, C|UT
Austin Drury, 3157939, P
Vinny Capra, 2932627, 3B|UT
Elian Rodriguez, 2851845, P
Yordy Cabrera, 1953419, P
Chris Seise, 2910613, SS|UT
Derek Miller, 2804018, OF|UT
Felix Reyes, 28843151, OF|UT
Caleb Baragar, 3152733, P
David Ledbetter, 2823819, P
Narbe Cruz, 29089440, SS|UT
Manuel Geraldo, 3103213, SS|UT
Rob Wort, 2228200, P
Gleider Figuereo, 29077612, 3B|UT
Cameron Cauley, 26911692, SS|UT
Claudio Finol, 2829336, 3B|UT
Matt Milroy, 2167935, P
Isaiah Greene, 26615366, OF|UT
Pablo Abreu, 2828950, OF|UT
Andrew Schultz, 28840614, P
Cody Scroggins, 29085047, P
Kevin Kendall, 29084142, SS|UT
Eric Torres, 28837792, P
Gabriel Garcia, 2506929, 3B|UT
Ethan Bagwell, 29644413, P
Michael Wagner, 2226044, P
Mike Boeve, 29295893, 3B|UT
Jordan McCants, 26911691, 2B|UT
Conrad Cason, 29644419, SS|UT
Geraldo Quintero, 29077611, OF|UT
Jeremiah Jackson, 2931972, SS|UT
Garrett Forrester, 29295899, 3B|UT
Wil Dalton, 28838953, OF|UT
Jhonny Pereda, 2825002, C|UT
Bryce Teodosio, 28837791, OF|UT
Luis Gastelum, 29662259, P
Justin Courtney, 29084141, P
Khristian Curtis, 29658248, P
Dahian Santos, 29077595, P
Erik Manoah, 28841683, P
Mac Horvath, 29295892, 3B|UT
Amaurys Minier, 2167501, OF|UT
Sam Antonacci, 29644412, 2B|UT
Angelo Castellano, 2788551, 3B|UT
Joey Rose, 2910607, 1B|UT
Eric Jagielo, 2066308, 1B|UT
Justin Crawford, 28920020, OF|UT
Colin McKee, 3158041, P
Sebastian Espino, 2829016, SS|UT
Daylen Lile, 26911693, OF|UT
Grant Hartwig, 29077613, P
Jarlin Susana, 29077619, P
Billy Amick, 29644411, 3B|UT
Matt Koperniak, 28841682, OF|UT
Xavier Casserilla, 29295891, 1B|UT
Reinier Roibal, 2209943, P
Ian Rice, 2803765, C|UT
Austin DeCarr, 2169520, P
Lucas Jacobsen, 28842584, P
Luis Torres, 29342358, 1B|UT
Zach Clark, 2921400, OF|UT
Mott Hyde, 2170022, SS|UT
Ben Ross, 29075474, SS|UT
Jose Bonilla, 26615354, SS|UT
Jacob Heatherly, 2836975, P
Eduardo Torrealba, 2826267, SS|UT
Brenan Hanifee, 2920352, P
James Reeves, 2699437, P
Leandro Emiliani, 29086775, 1B|UT
Avain Rachal, 2171853, 1B|UT
Cam Gibson, 2222108, OF|UT
Yoel Mecias, 2167301, P
Camden Duzenack, 2836833, SS|UT
Charles Mack, 2932896, 3B|UT
J.D. Gonzalez, 29321940, C|UT
Logan Moon, 2226174, OF|UT
Mitchell Kilkenny, 2931979, P
Alonzo Tredwell, 29295965, P
Charles King, 29678054, P
Jackson Baumeister, 29295944, P
Gabriel Mejia, 2211772, OF|UT
Joey Wong, 2050364, SS|UT
Ty Floyd, 29155735, P
Jeremy Celedonio, 29086100, OF|UT
Nick Lucky, 29676693, 2B|UT
Ross Carver, 29077349, P
Stephen Ridings, 26724489, P
Peyton Stovall, 29662167, 2B|UT
Logan Sendelbach, 2915788, P
Dylan File, 2836866, P
Michael Barash, 2663786, C|UT
Mario Sanchez, 2825737, P
Juan Silverio, 1741007, SS|UT
Jordan DiValerio, 29092495, P
Grant Taylor, 29295953, P
Wil Jensen, 29085461, P
John Aiello, 2932588, 3B|UT
Nelson Rada, 29077670, OF|UT
Keshawn Ogans, 29086258, SS|UT
Hunter Gregory, 29678299, P
David Sandlin, 29295959, P
Javeon Cody, 28843165, OF|UT
Beau Sulser, 2837579, P
Ed Howard, 26615343, SS|UT
Fernando Perez, 2167342, 2B|UT
Juan Montero, 29687767, C|UT
Cole Billingsley, 3107625, OF|UT
Miles Gordon, 2915694, OF|UT
Ike Buxton, 29295976, P
Patrick Cantwell, 2118804, C|UT
Gerson Montilla, 2118829, 2B|UT
Alex Destino, 2836803, OF|UT
Hirotoshi Onaka, 2049020, OF|UT
Jared Mckenzie, 29077343, OF|UT
Matthew Olsen, 29085462, P
Kris Hall, 2121511, P
Harrison Cohen, 29087619, P
Derek Molina, 2837251, P
Wade Kirkland, 2170514, 2B|UT
Nick Quintana, 3157902, 3B|UT
Madison Stokes, 2933126, SS|UT
Ashton Creal, 28843013, OF|UT
Pedro Garcia, 28839286, P
Anders Tolhurst, 29355117, P
DJ Layton, 29644436, SS|UT
Gustavo Campero, 2829874, OF|UT
Eric Marinez, 2824081, 3B|UT
Hueston Morrill, 29686866, P
Zak Kent, 28843019, P
Eddie Park, 29686888, OF|UT
Zach Sullivan, 2797627, OF|UT
Tyreque Reed, 2837379, 1B|UT
Izzy Wilson, 2826646, OF|UT
Tyler Massey, 2119562, OF|UT
Brad Wilson, 2933201, P
Josh Hood, 29087229, SS|UT
Adam Crampton, 29089620, SS|UT
Jonathan Jones, 1963304, OF|UT
Trey Martin, 1963329, OF|UT
Kleimir Lemos, 29686707, SS|UT
Jordan Nwogu, 26615375, OF|UT
Edwin Quirarte, 2049202, P
Joey Mancini, 29675769, P
Hector Perez, 2825032, P
Aaron Bracho, 3152045, 2B|UT
Galli Cribbs, 2822161, 2B|UT
Hunter Stratton, 2837572, P
Troy Melton, 29075780, P
Jacob Latz, 2837111, P
Francisco Vilorio, 29662265, OF|UT
Jancarlos Cintron, 2836720, 2B|UT
Ty Tice, 2837603, P
Mark Peterson, 2791773, P
Jon Olczak, 2775274, P
Ryan Loutos, 29077088, P
Jeff Roy, 2118822, OF|UT
J.R. Freethy, 29687806, OF|UT
Bubba Hollins, 2869879, 3B|UT
Jaxon Wiggins, 29295952, P
Elmer Rodriguez-Cruz, 29077341, P
Luis De Leon, 29321915, P
Jesus Chirinos, 29349530, 1B|UT
Trace Loehr, 3157957, SS|UT
Michael Matuella, 2805122, P
Jonathan Martinez, 2743625, P
Daniel Cabrera, 2836683, OF|UT
Carlos Rivero, 3107590, 2B|UT
Stone Russell, 29681325, 3B|UT
Michael Paez, 2772289, SS|UT
Patrick Lee, 29676692, OF|UT
Trent Toplikar, 28838891, P
Andretty Cordero, 2822098, UT
Andro Cutura, 3158009, P
Ryan Forcucci, 29644470, P
Jean Ramirez, 29085463, OF|UT
Tyler Schimpf, 2837477, P
Hayden Juenger, 29077342, P
Jacob Dorris, 2804918, P
Stephen Perez, 2119569, SS|UT
Tyler McDonough, 26911707, OF|UT
Nick Northcut, 26615342, 3B|UT
Francisco Urbaez, 28838892, 3B|UT
Wilmer Dominguez, 2227754, C|UT
Kobe Kato, 29676691, 2B|UT
Austin St. Laurent, 29687810, 3B|UT
Tyler Warmoth, 2826559, P
Omar Martinez, 29087584, C|UT
Devereaux Harrison, 29342271, P
Chandler Redmond, 29091598, 2B|UT
Bobby Bundy, 1971218, P
Rando Moreno, 2120673, SS|UT
Jorge Juan, 26861437, P
Ralphy Velazquez, 29157419, 1B|UT
Adrian Bohorquez, 29662209, P
Ryan Jensen, 3117927, P
Ryan Sublette, 29675170, P
Sam Knowlton, 29680520, P
Juan Encarnacion, 29344238, P
Maxwell Romero, 29086295, C|UT
Michael Trautwein, 29087687, C|UT
Victor Labrada, 28842467, OF|UT
Luke Holman, 29632448, P
Todd Peterson, 26635158, P
Ryan Dent, 1670386, 2B|UT
Jacob Sharp, 29674816, C|UT
Andrew Moritz, 2932959, OF|UT
Michael Darrell-Hicks, 29342245, P
Devin Mann, 2932907, 1B|UT
Ordomar Valdez, 2120407, 2B|UT
Connor Gillispie, 29342264, P
Nick Pasquale, 2760035, P
Jonathan Maciel, 2227624, P
Randolph Oduber, 1954848, OF|UT
Seth Nordlin, 2837298, P
Termarr Johnson, 28920007, 2B|UT
Zacrey Law, 2228205, OF|UT
Liam Hicks, 29329516, C|UT
Edwin Arroyo, 26911686, SS|UT
Sean Miller, 2915539, SS|UT
Abraham Gutierrez, 3077691, C|UT
George Feliz, 26913039, OF|UT
Reshard Munroe, 2824604, OF|UT
Branden Boissiere, 26911668, 1B|UT
Terry Fuller, 2836888, OF|UT
Ryan Harbin, 29681723, P
Gabriel Agostini, 29085018, P
Daniel Amaral, 2932597, OF|UT
Heath Quinn, 2507193, OF|UT
Garrett Hawkins, 29075689, P
Tucker Bradley, 26913032, OF|UT
Kevin Lenik, 2823840, P
Tristan Gray, 2836936, 1B|UT
Derek Diamond, 29681722, P
Luis Villegas, 2826513, C|UT
Cameron Cannon, 3152106, 2B|UT
Jake Wong, 2933210, P
Zac Leigh, 29360036, P
Jonathan Schwind, 2120733, C|UT
Donovan Walton, 2756827, 2B|UT
Luis Bolivar, 26913031, OF|UT
Kyle Whitten, 29091138, P
Jonathan Bermudez, 26861422, P
Ryan Moseley, 2915820, P
Willy Collado, 2822051, P
William Fleming, 29342256, P
Todd Van Steensel, 2826409, P
Mike Sirota, 29662202, OF|UT
Kevin Taylor, 2772290, 2B|UT
Jordan Brown, 28842636, SS|UT
Jonah Davis, 2932679, OF|UT
Bennett Hostetler, 29342279, SS|UT
Kevin Gowdy, 2453277, P
Juan Uriarte, 2826352, C|UT
Justin Hagenman, 28838087, P
Tyler Alamo, 2921051, 1B|UT
Mike Walsh, 29679429, P
Cade Doughty, 29075498, 2B|UT
Jeff Malm, 1959092, 1B|UT
Alberto Hernandez, 29342273, SS|UT
Slade Smith, 2121500, P
Francisco Jimenez, 2823569, P
Eric Pardinho, 3077728, P
Jadiel Sanchez, 28840774, OF|UT
J.C. Rodriguez, 2774626, 2B|UT
Zack Coppola, 2915532, OF|UT
Taylor Kohlwey, 2792433, OF|UT
Alejandro Hidalgo, 26913412, P
Luis Suisbel, 29322028, 3B|UT
Franklin Sanchez, 29087648, P
Tanner Chleborad, 2822005, P
Ruben Castro, 2921389, C|UT
Erik Forgione, 2228477, 2B|UT
Eiberson Castellano, 29631481, P
Jose Disla, 3108526, P
Andrew Salas, 29669164, SS|UT
Carmen Benedetti, 3094352, 1B|UT
Wilkerman Garcia, 2211765, SS|UT
Junior Tilien, 29087200, SS|UT
Jansel Luis, 29321978, SS|UT
Humberto Cruz, 29660655, P
Samuel Reyes, 2829117, P
Luis Guerrero, 29089609, P
Ewry Espinal, 29090977, 1B|UT
Matt Lloyd, 28841049, OF|UT
PK Morris, 29088705, 1B|UT
Brody Moore, 29342314, 2B|UT
Jimmy Robbins, 29079727, P
Parker Mushinski, 2837276, P
Keith Curcio, 2170372, OF|UT
Nick Additon, 2117347, P
Adam Miller, 2218317, P
Cole Brannen, 3094393, OF|UT
Collin Radack, 2171698, OF|UT
Carson Rudd, 29342335, P
Aiden May, 29644483, P
Jordany Ventura, 26615428, P
Alec Baker, 29343001, P
Walbert Urena, 29077682, P
Michael Petersen, 29385927, P
Casey Soltis, 2167458, OF|UT
Jackson Goddard, 2932766, P
Trey Yesavage, 29426049, P
Ali Sanchez, 2766203, C|UT
Steven Klimek, 2918656, P
Callan Moss, 29692350, 1B|UT
Josh Stowers, 2932053, OF|UT
Austin Ross, 2170572, P
Josh Randall, 29644489, P
Simon Juan, 29077681, OF|UT
Jeral Perez, 29351815, 2B|UT
Evan Skoug, 2837514, C|UT
James Tibbs, 29426042, OF|UT
Willy Fanas, 29077683, OF|UT
Wilfred Astudillo, 2828964, C|UT
Cole Urman, 29687798, C|UT
Gareth Morgan, 2167508, OF|UT
Kade Kern, 29342651, OF|UT
Jesus Zambrano, 2826713, P
Stephen McGee, 2165524, C|UT
Deion Walker, 28843228, OF|UT
Josh Hatcher, 2836969, OF|UT
Braden Montgomery, 29426041, OF|UT
Nathan Martorella, 29075745, 1B|UT
Robbie Glendinning, 2921564, SS|UT
Arxy Hernandez, 29687330, 3B|UT
Seth Stephenson, 29086260, OF|UT
Jake Polancic, 29342652, P
Blake Larson, 29644481, P
Yendry Rojas, 29077689, 3B|UT
Brandon Butterworth, 29676028, SS|UT
Mark Coley II, 29350507, OF|UT
Anfernee Benitez, 2821521, P
Ryan Clifford, 29075764, 1B|UT
Rickardo Perez, 26643919, 1B|UT
Wes Benjamin, 2804515, P
Austin Roberts, 28840658, P
Tanner McDougal, 26911759, P
Jake Skole, 1757991, OF|UT
Williams Ramirez, 2915913, P
Stiven Martinez, 29660110, OF|UT
Rhylan Thomas, 29086444, OF|UT
Avery Short, 29675845, P
Graysen Tarlow, 29692327, C|UT
Jack Weisenburger, 26911776, P
Edgar Alvarez, 29683090, 1B|UT
Andry Lara, 26913413, P
Silas Ardoin, 29075772, C|UT
Anthony Ray, 2171336, OF|UT
Stephen Woods, 3152270, P
Robbie Tenerowicz, 2921501, 2B|UT
Julian Escobedo, 28840981, OF|UT
Wander Perez, 2804726, P
Christian Cairo, 28838298, SS|UT
Rainier Rivas, 28838048, OF|UT
Carlos Linarez, 29089885, C|UT
Jonathan Teaney, 2837594, P
Alex Monsalve, 2171425, C|UT
Yoelqui Cespedes, 26643913, OF|UT
Ryan Campos, 29644417, C|UT
Anthony Miller, 2228434, 1B|UT
Yohandy Morales, 29295897, 1B|UT
Orlando Ribalta, 29085043, P
Yunior Severino, 2830260, 1B|UT
Sahid Valenzuela, 28842428, SS|UT
Coleman Crow, 29075508, P
Felix Arronde, 29660106, P
Osiel Rodriguez, 29087626, P
Anthony Gallas, 2050951, OF|UT
Juaron Watts-Brown, 29322046, P
Gerald Ogando, 2860171, P
Zach Lovvorn, 3077306, P
Anderson Green, 2823102, SS|UT
Hayden Alvarez, 29662257, OF|UT
Jiwan James, 1955137, OF|UT
Will Kincanon, 2837077, P
Yemal Flores, 28846884, OF|UT
Jordan Thompson, 29682095, SS|UT
Will Schomberg, 29676055, P
Eric Karch, 2823651, P
Luis Rodriguez, 2825537, OF|UT
Garrett Martin, 29681943, OF|UT
Roderick Arias, 28839805, SS|UT
Shay Schanaman, 29676703, P
Ismael Munguia, 2824593, OF|UT
Seth Elledge, 2836839, P
Hunter Stanley, 29085049, P
Adam Lau, 2915588, P
Andrew Morales, 2824513, P
Brady Feigl, 2167326, P
Maddux Houghton, 29342280, OF|UT
Francisco Morales, 2911280, P
Harrison Kreiling, 29677762, P
Mason Smith, 2121347, OF|UT
Rob Kaminsky, 2066310, P
Matt Scheffler, 29079966, C|UT
Micah Gibbs, 1952346, C|UT
Alvaro Rubalcaba, 3107129, 2B|UT
Jose Salvador, 26615446, P
Gustavo Armas, 3095686, P
Josh Richmond, 1961065, OF|UT
Keythel Key, 29677761, P
Joander Suarez, 26912488, P
Anthony Maldonado, 29084245, P
Logan Landon, 2227765, OF|UT
Drew Carlton, 2836695, P
Joel Diaz, 26912466, P
Ivan Brethowr, 29675181, OF|UT
Johnny Adams, 2836520, SS|UT
Bryce Denton, 2447493, OF|UT
Jeremy de la Rosa, 3158359, OF|UT
Aldrin Batista, 29321888, P
Luke Mann, 29348838, 3B|UT
Ricardo Gonzalez, 29686650, 2B|UT
Ian Sagdal, 2750020, 2B|UT
Trent Woodward, 2224253, C|UT
Matt Alvarez, 2227176, P
Angel Ortiz, 29677763, OF|UT
Mike Ahmed, 2227130, 3B|UT
Evan Elliott, 28846905, P
Tyler Myrick, 29089644, P
Ramon Mendoza, 28846858, 1B|UT
Fernery Ozuna, 2171203, P
Duke Ellis, 2836841, OF|UT
Alexander Ramirez, 3151954, OF|UT
C.D. Pelham, 2920592, P
Carlos Jimenez, 29662334, OF|UT
Will Bush, 29676046, C|UT
Bryan Evans, 2117050, P
Will Swanner, 2050583, C|UT
Hendrik Clementina, 2822030, C|UT
Dean Nevarez, 3083968, C|UT
Brett Wellman, 2226848, C|UT
Chandler Pollard, 29686697, OF|UT
Reggie Pruitt, 2910619, OF|UT
Todd Hankins, 2051178, 2B|UT
Eric Yang, 3152037, C|UT
Dante Bichette, 1910544, 3B|UT
Jeffry Antigua, 2052633, P
Yohanse Morel, 2931289, P
Yasiel Balaguert, 2050879, 1B|UT
Adrian Placencia, 26912515, SS|UT
Stiward Aquino, 2830089, P
Jacob Wallace, 26615455, P
Matt Fraizer, 26747026, OF|UT
Conrad Gregor, 2791373, 1B|UT
Bryan Rincon, 29088880, SS|UT
Braeden Ogle, 3166984, P
Johan Lopez, 2829056, SS|UT
Ryan Ward, 28840234, OF|UT
Eric Brown, 28920030, SS|UT
Jose Nin, 3108246, P
Brett Squires, 29345798, 1B|UT
Stefan Raeth, 29085041, P
Nelson Jorge, 2740417, 2B|UT
Terry McClure, 2228218, OF|UT
Jairo Rosario, 2218074, C|UT
Tyler Ramirez, 2803486, OF|UT
Sam McMillan, 2837211, C|UT
Alan Garcia, 2804030, P
Simon Rodriguez, 29087232, OF|UT
Rikuu Nishida, 29679382, OF|UT
Wyatt Hoffman, 28843017, SS|UT
Jhonny Level, 29662408, SS|UT
Matt Jones, 2227218, OF|UT
Tyler Waldron, 2120588, P
Reid Humphreys, 26615463, P
Jheremy Vargas, 26912854, OF|UT
TT Bowens, 29087617, 1B|UT
John Matthews, 29087231, P
Alexander Ovalles, 29087925, OF|UT
Gray Fenter, 3152059, P
Chase Valentine, 29091315, SS|UT
Easton Lucas, 29084554, P
Wendolyn Bautista, 2804234, P
Gabe Snyder, 3157903, 1B|UT
Daniel Eagen, 29644426, P
Argenis Angulo, 2821257, P
Austin Deming, 29685406, 3B|UT
Drew Swift, 26912449, 3B|UT
Samuel Munoz, 29321994, OF|UT
Wander Arias, 29687309, P
Jhalan Jackson, 2211760, OF|UT
Romeo Sanabria, 29632436, 1B|UT
Gabriel Sosa, 29678297, P
Jalen Battles, 29678047, SS|UT
Blake Wolters, 29295957, P
Natanael Yuten, 29687769, OF|UT
Trenton Denholm, 2836802, P
Andrew Church, 2066814, P
Anthony Donofrio, 29677755, OF|UT
Thomas Jones, 3077698, OF|UT
Victor Mateo, 1963323, P
Marcus Johnson, 29077347, P
Troy Watson, 2933189, P
Joey DeMichele, 2044488, 2B|UT
Jesse Franklin, 2836881, OF|UT
Jordan Viars, 26911702, OF|UT
Carson Tucker, 26615347, 2B|UT
Drake Fellows, 29687763, P
Jacob Reimer, 29075706, 3B|UT
Daiverson Gutierrez, 29644247, C|UT
Mikey Perez, 29084395, SS|UT
Angel Rosa, 2121482, SS|UT
Jace Grady, 29350953, OF|UT
Viandel Pena, 2931295, 2B|UT
Zach Linginfelter, 2932878, P
Bud Jeter, 2804510, P
Tyler Higgins, 2223332, P
Lonnie White, 26911709, OF|UT
Rafael Pineda, 2226608, P
Jose Oyervidez, 1099043, P
Nick Raquet, 2837373, P
Jason Hagerty, 1793608, C|UT
Blake Wright, 29676115, SS|UT
Michael Medina, 2171420, OF|UT
Jared James, 2823528, OF|UT
Patrick Romeri, 26911703, OF|UT
Tyler Cropley, 2932665, C|UT
Bryant Packard, 3152052, OF|UT
Carlos Garcia, 28838274, P
Tristan Smith, 29644496, P
Kalian Sams, 1741766, OF|UT
Drew Gray, 29075525, P
Alfredo Duno, 29321924, C|UT
Nate Mondou, 2921058, 2B|UT
Brandyn Garcia, 29344255, P
Tyler Davis, 2227794, P
Jin-De Jhang, 1961786, C|UT
Christian Little, 29676355, P
Josiah Sightler, 2933101, 1B|UT
Dillan Shrum, 29089060, 1B|UT
Tony Dibrell, 2836809, P
Zack Draper, 2836824, P
Holden Powell, 26615461, P
Fidel Pena, 2171837, 3B|UT
Rafael Kelly, 2829362, P
Griffin Cheney, 29087227, SS|UT
Leon Landry, 1809063, OF|UT
Kemp Alderman, 29295920, OF|UT
Jose Felix, 1798564, C|UT
Ryan Hissey, 2823420, C|UT
Danny Mars, 2225245, OF|UT
Wady Mendez, 29686709, OF|UT
Cole Zaffiro, 29677746, P
Joe Elbis, 29077626, P
Justin King, 29348710, P
Hector Hernandez, 2823328, P
Yaqui Rivera, 29675767, P
Romer Cuadrado, 2822186, OF|UT
Aeverson Arteaga, 26912441, SS|UT
Jacob Berry, 28920009, OF|UT
Justin Riemer, 29675445, 2B|UT
Luke Eubank, 2918678, P
Jean Encarnacion, 2822542, 3B|UT
Dalvinson Reyes, 29660661, P
Jose Montilla, 2829920, P
Mishael Deson, 26913037, OF|UT
Chad Dallas, 26911818, P
Adrian Hernandez, 26616950, OF|UT
Brian Van Belle, 29342360, P
R.J. Dabovich, 2932673, P
Rolando Espinosa, 2930839, 2B|UT
Duque Hebbert, 29085838, P
Luke Sinnard, 29644448, P
Leobaldo Cabrera, 2821763, OF|UT
Adam Lopez, 2169650, P
Adam Laskey, 29680497, P
Trent Baker, 27023026, P
Jordi Martinez, 2931994, P
Isael Soto, 2167476, OF|UT
Isaiah Campbell, 3152121, P
Luke Westphal, 2826599, P
Ryan Gusto, 29085772, P
Matt Smoral, 2044519, P
Nerio Rodriguez, 2839284, C|UT
Alex McGarry, 28842469, OF|UT
Kyle Nevin, 29085304, 1B|UT
Tommy Nance, 2731490, P
Cameron Bishop, 2836610, P
Joan Martinez, 2824156, P
Blair Calvo, 29033788, P
Charles Hall, 29084721, P
Nick Wissman, 29680255, P
Jancel Villarroel, 29660097, C|UT
Peter Tago, 1765805, P
Mitch Hansen, 2507199, OF|UT
Adam Wolf, 2933208, P
Jesus Bugarin, 28843205, OF|UT
Jecksson Flores, 2121318, SS|UT
C.J. Retherford, 1595126, 3B|UT
Chris Jacobs, 2049016, 1B|UT
Trent Palmer, 26615405, P
Aaron McKeithan, 29670827, C|UT
Kyle Marman, 2932912, P
Shane Telfer, 29675456, P
Chris Baker, 2804935, SS|UT
Sean Guenther, 2836944, P
Mike Franco, 2822783, P
Logan Boyd, 2915533, P
Bryson Smith, 2048776, OF|UT
Nick Van Stratten, 1741221, OF|UT
Darlin Saladin, 29660496, P
Blake Holub, 29342277, P
Bryce Windham, 29080904, 2B|UT
Tyler Pike, 2044545, P
Ricky Karcher, 2837061, P
Chris Okey, 2447474, C|UT
Douglas Hodo III, 29683512, OF|UT
Gabriel Alfaro, 2114629, P
Willy Ortiz, 2824806, P
Colin Houck, 29153564, SS|UT
Yeuris Jimenez, 29692173, P
Benjamin Onyshko, 28838089, P
Jake Bennett, 29075710, P
Daniel Harper, 29354502, P
Andrew Pinckney, 29322005, OF|UT
Luis Guerrero, 29085756, OF|UT
PJ Poulin, 2933027, P
Teddy McGraw, 29321985, P
Mason McCoy, 2837200, SS|UT
Luis Diaz, 2220464, P
Jordan Geber, 29091128, P
Collin Price, 29085773, C|UT
Matt Russell, 2837446, P
Josue De Paula, 29077648, OF|UT
Austin Wright, 2118735, P
Wei-Chieh Huang, 2823456, P
Beau Amaral, 2044553, OF|UT
Luis Valenzuela, 2826392, SS|UT
Kurt Hoekstra, 3157178, P
Ben Wright, 2921091, P
Evan Miller, 2921620, P
Anthony McIver, 2921035, P
Ramon Morla, 1950983, SS|UT
Montreal Robertson, 2044497, P
Austin Murr, 29085286, OF|UT
Manuel Beltre, 26643936, 2B|UT
Jake Palomaki, 2932992, 2B|UT
Samuel Sanchez, 29662105, P
Carl Chester, 2836716, OF|UT
Jorge Flores, 2171864, SS|UT
Christian Martin, 29689747, 2B|UT
Caleb Dirks, 2220474, P
Jalen Miller, 2447482, 2B|UT
Alec Grosser, 2167345, P
Kevin Villavicencio, 29676060, SS|UT
Donta' Williams, 29089627, OF|UT
Ethan Elliott, 26635146, P
Jeffeson Medina, 3107256, P
Jimmy Kingsbury, 29087230, P
Antonio Menendez, 29091135, P
Wil Browning, 2122210, P
Danny Black, 1960255, SS|UT
Gabe Bierman, 29678324, P
Jordan Johnson, 2211241, P
Jacen Roberson, 29086794, OF|UT
Adrian Salcedo, 2121437, P
Ben Carhart, 2171291, C|UT
Cameron Gann, 2822836, P
Michael Forret, 29644526, P
David Banuelos, 2836568, C|UT
Gabriel Noriega, 1665389, SS|UT
Ryan Hennen, 29344192, P
Kaleo Johnson, 3108844, 3B|UT
Mason Fluharty, 29295991, P
Rhett Wiseman, 2507329, OF|UT
Mitch Farris, 29683795, P
Bryson Worrell, 29349537, OF|UT
Jaron Long, 2169805, P
Jerry Keel, 2823657, P
Caleb Cali, 29349529, 3B|UT
Simon Miller, 29676988, P
Dale Burdick, 2804216, 2B|UT
Luis Caballero, 2171882, 3B|UT
Dalton Rogers, 29295992, P
Hunter Dula, 29350521, P
Will Banfield, 2931897, C|UT
Dylan Jordan, 29644477, P
Charles Nading, 2804686, P
Andrew Saalfrank, 29084219, P
Chad Castillo, 29088698, 1B|UT
Ryan Doolittle, 2120530, P
Avery Romero, 2106659, 2B|UT
Alexander Vargas, 3152901, SS|UT
Austin Fleet, 1937566, P
Dustin Saenz, 29632445, P
Jorge Ruiz, 29085645, OF|UT
Jeremy Reyes, 29662088, P
Anthony Mulrine, 26635155, C|UT
Jared Carr, 29092514, OF|UT
Chris O'Brien, 2044667, C|UT
Andy Perez, 29686665, SS|UT
Bryce Ball, 3152042, 1B|UT
Michael Smith, 2837528, OF|UT
Daniel Cope, 29089074, C|UT
Darrell Thompson, 29091595, P
Mike Jarvis, 29085034, SS|UT
Mike Salvatore, 3158364, P
Aneuris Rosario, 2825620, P
Ben Verlander, 2118878, OF|UT
Brett Wichrowski, 29348711, P
Alec Barger, 2932606, P
Chris Kohler, 2118136, P
Oddanier Mosqueda, 2824564, P
Casey Hughston, 2228188, OF|UT
Blaine Crim, 26911665, 1B|UT
Adonis Uceta, 2826338, P
Ryan Lasko, 29295921, OF|UT
Irving Lopez, 2837141, 2B|UT
Tony Locey, 26615460, P
David Mershon, 29674788, SS|UT
Joshua Zamora, 29089061, 3B|UT
Yordany De Los Santos, 29088489, SS|UT
Matthew Kent, 2918875, P
Ethan Lindow, 2837132, P
Colton Ledbetter, 29295922, OF|UT
Andrew Istler, 2731339, P
Marcos Lennin Molina, 26616952, P
Emaarion Boyd, 29075538, OF|UT
Duanel Jones, 2048694, 3B|UT
Nolan Clenney, 29086246, P
Ghordy Santos, 2829135, SS|UT
Mac Seibert, 2921393, 2B|UT
J.B. Woodman, 2449456, OF|UT
Tanner Burns, 2836674, P
Brandon Parker, 29086559, OF|UT
Luis Velasquez, 29342361, P
Michael Tonkin, 2027421, P
Jacob DeLabio, 29085770, P
Zack Qin, 29660660, P
Colin Barber, 26615378, OF|UT
Kyle Battle, 29086553, OF|UT
Hunter Adkins, 2223636, P
Ryan Sandberg, 29676733, P
Austin Vernon, 29342362, P
Ruben Cardenas, 2932628, OF|UT
Jud Fabian, 29075719, OF|UT
Danny Bethea, 2804017, C|UT
Estarlin Arias, 2921352, P
Brady Puckett, 2837363, P
Ryan Brinley, 2228202, P
Bryan Lavastida, 2932868, C|UT
Adolfo Sanchez, 29339046, OF|UT
Gunner Gouldsmith, 29692365, SS|UT
Garrett Weber, 2048269, SS|UT
Camilo Diaz, 29321918, 3B|UT
Danis Correa, 2828993, P
Nathan Landry, 29342296, P
Luis Rodriguez, 26914520, OF|UT
Jose Vinicio, 2228471, SS|UT
Wyatt Crenshaw, 29348146, OF|UT
Carter Rustad, 29687316, P
Kevin Medrano, 2120089, 2B|UT
Joe Lampe, 29075713, OF|UT
Jason Stoffel, 1794787, P
Jake Madden, 29075711, P
Daniel Sweet, 3103546, OF|UT
Cristhian Rodriguez, 28843168, 3B|UT
Yorger Bautista, 29669376, OF|UT
Chantz Mack, 2791769, OF|UT
Demetrio Crisantes, 29417287, 2B|UT
Jacob Gonzalez, 2836927, 3B|UT
Juan Garcia, 28843186, C|UT
Lucas Herbert, 2921559, C|UT
Dillon Tatum, 28846867, C|UT
Jordan Smith, 2052584, 3B|UT
Samuel Perez, 29679123, P
Vicarte Domingo, 29687817, P
Elian Leyva, 2922422, P
Jimmy Crooks, 29075712, C|UT
Andrew Mitchell, 2932943, P
Jase Bowen, 28841664, OF|UT
Michael Guldberg, 26911716, OF|UT
Angel Del Rosario, 29685393, OF|UT
Tyler Horan, 2223950, OF|UT
Cole McDonald, 29092498, P
Angel Aponte, 2828959, OF|UT
Warming Bernabel, 26912504, 3B|UT
Tyler Durna, 2932711, 1B|UT
Jonathan Brand, 29682338, P
T.J. Bennett, 2821527, 3B|UT
Julian Garcia, 3157976, P
Carlos Espinosa, 29683784, P
Zach Haake, 2932791, P
Xavier Meachem, 29692136, P
Junior Soto, 2804933, OF|UT
Derlin Figueroa, 29686885, 1B|UT
Alex De Goti, 2791370, 2B|UT
Ramon Marcelino, 2824076, OF|UT
Braydon Fisher, 2932735, P
Brenner Cox, 29075484, OF|UT
Chris Madera, 2824030, OF|UT
Valentin Linarez, 29354500, P
Luis De Los Santos, 2822307, 3B|UT
Cameron Wynne, 29342369, P
Alex Santos, 26616953, P
Joe Vetrano, 29342363, 1B|UT
Eudy Ramos, 2910608, 3B|UT
Cole Sturgeon, 2169876, OF|UT
Walker Weickel, 2044543, P
Junior Arias, 1804114, SS|UT
Jesus Liranzo, 2444385, P
Randy Rodriguez, 26861452, P
Ben Leeper, 28837046, P
Hunter Stovall, 28840204, 2B|UT
Nick Bennett, 29342226, P
Jake Gatewood, 2135271, 3B|UT
Caleb Hamilton, 3093641, C|UT
Michael Jensen, 2169800, P
Matt Winaker, 2837698, 1B|UT
Cleuluis Rondon, 2119560, SS|UT
Steve Hajjar, 26911797, P
Nate Tellier, 29342355, P
Chase Huchingson, 2051168, P
Will Maddox, 3104008, 1B|UT
Preston Johnson, 29683093, P
Sal Giardina, 3094342, C|UT
Ty Washington, 2797628, 2B|UT
Jeremy Walker, 3094395, P
Jeff Criswell, 2836761, P
Kevin Keyes, 1959455, OF|UT
Brandon Johnson, 29675836, P
Eduardo Valencia, 29088496, UT
Ryder Ryan, 3081744, P
Wagner Lagrange, 3157900, OF|UT
Jesus Gonzalez, 29088945, P
Gabriel Bracamonte, 2921432, C|UT
Blake Tiberi, 2766205, 3B|UT
Rubi Silva, 1957209, OF|UT
Carlos Portuondo, 2696994, P
Pablo Olivares, 2824750, OF|UT
Dedniel Nunez, 26608285, P
Roy Morales, 28842394, C|UT
Cam Alldred, 28837074, P
Boston Baro, 29658279, 3B|UT
Sean Isaac, 2921003, P
Matt Anderson, 2169786, P
Ryan Burrowes, 29077680, SS|UT
Eric Adler, 29295968, P
Cam Maron, 2171034, C|UT
Derrik Gibson, 1741606, 2B|UT
Cody Palmquist, 2777676, P
Jojo Ingrassia, 29658256, P
Jared Sprague-Lott, 29692351, SS|UT
Jimmy Joyce, 29295986, P
Levi Stoudt, 26911731, P
Bret Helton, 2915787, P
Carlos Vargas, 3090769, P
Brendan Cellucci, 29083998, P
Samuel Vasquez, 29683436, P
Listher Sosa, 29343000, P
Luis Ravelo, 29086778, SS|UT
Aramis Ademan, 2821100, SS|UT
Mason Barnett, 29075736, P
Ross Adolph, 2932587, OF|UT
Christian James, 3152798, P
Erich Uelmen, 2837618, P
Caleb Roberts, 29084178, C|UT
Ruben Ibarra, 29684932, 1B|UT
Alfredo Lopez, 1961028, SS|UT
L.P. Langevin, 29644480, P
Fred Schlichtholz, 2837478, P
Cade Hunter, 29687331, C|UT
Luis Frias, 2822799, P
Franklin Navarro, 3094349, C|UT
Ben Ramirez, 2837370, SS|UT
Mitchell Daly, 29692359, SS|UT
Bryce Rainer, 29426040, SS|UT
Jared Southard, 29342346, P
Ryan Holgate, 26911727, 1B|UT
Blake Butler, 2804513, 2B|UT
Colin Peluse, 26911739, P
Michael Berglund, 2932279, C|UT
Bryan Broecker, 29686518, C|UT
Elliot Ashbeck, 3157958, P
Mylz Jones, 2227775, SS|UT
Ricardo Marcano, 2171423, OF|UT
Joseph Yabbour, 29687332, P
Daniel Paolini, 2120049, 2B|UT
Austin Briggs, 29085458, P
Nicholas Padilla, 28938319, P
Diomar Lopez, 2823922, P
Deybert Lozano, 2693482, OF|UT
Seth Keller, 29075770, P
Will Sanders, 29658264, P
Ronald Pena, 2120591, P
Hunter Haas, 29683092, 2B|UT
Dalvy Rosario, 2931036, 3B|UT
Colin Kleven, 2217335, P
Andrew Alvarez, 29342217, P
Ben Holmes, 2746506, P
Ben Shields, 29660112, P
Zack Phillips, 28851015, P
Cole Anderson, 2734421, OF|UT
Jacob Bresnahan, 29658245, P
Brian Hernandez, 1959505, 3B|UT
Douglas Glod, 29077598, OF|UT
Zac Houston, 3083188, P
Jose Peroza, 2829105, 3B|UT
Cristopher Espinola, 29683091, OF|UT
Bladimir Restituyo, 26615385, OF|UT
Stephen Jones, 28839251, P
Freylin Minyety, 28841146, SS|UT
Jorge Quintana, 29660111, SS|UT
Ismael Mena, 3152090, OF|UT
Garrett Stallings, 3166652, P
Thomas Burrows, 3085540, P
Houston Roth, 29342398, P
Cooper Bowman, 26911676, 2B|UT
Alessandro Ercolani, 29644517, P
Tayler Saucedo, 26682004, P
Mikey Romero, 28920027, SS|UT
Chris Jefferson, 28843214, P
Justin Jacobs, 2851842, OF|UT
Anthony Dirocie, 3094750, OF|UT
Jake DeLeo, 29683708, OF|UT
Cristian Gonzalez, 26913007, SS|UT
Marlon Arias, 2803769, P
Wuilfredo Antunez, 29089616, OF|UT
Argenis Blanco, 2821579, P
Greg Cullen, 2932670, 2B|UT
Reggie Crawford, 28920033, P
Leonardo Crawford, 2822156, P
Ronny Hernandez, 29321947, C|UT
Nick Howard, 2136392, P
Travis Harrison, 1947844, OF|UT
Alfredo Angarita, 2821251, 2B|UT
Kirby Snead, 3101479, P
Jasseel De La Cruz, 2822267, P
Carson Jones, 29677760, OF|UT
Joel Hurtado, 29342282, P
Greyson Jenista, 2931975, OF|UT
Thomas Schultz, 29685386, P
Desmond Lindsay, 2211209, OF|UT
Franklin De La Paz, 2829327, P
Diego Rincones, 2825389, OF|UT
Eduardo Vera, 3075571, P
Marcos Brito, 2828974, SS|UT
Ricky Pacione, 3108869, C|UT
Kyle Schmidt, 26635163, C|UT
Domingo Robles, 2825451, P
Quinn Brodey, 2836652, OF|UT
River Stevens, 2226786, 2B|UT
Rainiel Rodriguez, 29662388, C|UT
Kirby Bellow, 2921574, P
Ian Strom, 2791375, OF|UT
Durbin Feltman, 2932730, P
Alex Iadisernia, 29342283, OF|UT
Junior Sosa, 1959090, OF|UT
Garrett Mattlage, 2169619, SS|UT
Regi Grace, 2932776, P
Garrett Ramsey, 29342328, P
Austin Pettibone, 2743634, P
Will Stewart, 3077727, P
John Church, 2113633, P
Nick Robertson, 26635161, P
Chris Williams, 2837687, C|UT
Peter Maris, 2803762, 3B|UT
Riley Mahan, 2837157, SS|UT
Braeden Schlehuber, 1735794, C|UT
Kevin Milam, 28837585, 2B|UT
Dylan Smith, 2933107, P
Dillon Lewis, 29686651, OF|UT
Kendry Rojas, 29322014, P
Eddie Micheletti, 29676975, OF|UT
Garrett Davila, 2507334, P
Nick Jones, 29342289, P
Adrian Sugastey, 28841713, C|UT
Jack Labosky, 3158035, P
Tate Scioneaux, 2769146, P
Gianfranco Wawoe, 2171205, SS|UT
Zane Mills, 29085040, P
Ryan Scott, 2915684, OF|UT
Eriq Swan, 29322035, P
Aderlin Rodriguez, 1812647, 3B|UT
Alex Isola, 3158011, C|UT
Aaron McGarity, 2837203, P
Antoine Kelly, 2932846, P
Nick Lorusso, 29675795, 3B|UT
Matthew Allan, 3152089, P
Hobie Harris, 3152787, P
Eduard Bazardo, 2821477, P
Matheu Nelson, 26719717, C|UT
Xavier Isaac, 28920032, 1B|UT
Brett Vertigan, 2171639, OF|UT
Adam Parks, 2223347, P
Jose Lozada, 2048309, SS|UT
Sal Biasi, 2836607, P
Mahki Backstrom, 26615324, 1B|UT
Hunter Haworth, 2836972, P
Tyler Jay, 2184353, P
Starlin Aguilar, 26912848, 3B|UT
Yolbert Sanchez, 3158253, 2B|UT
Geno Encina, 2804927, P
Ryan Stephens, 2228500, OF|UT
Barrett Kleinknecht, 1812705, 3B|UT
Matt Lollis, 1804328, P
Felnin Celesten, 29096048, SS|UT
Chris Givin, 28842422, 2B|UT
Jose Urbina, 29660692, P
Cayden Wallace, 29075502, 3B|UT
Peter Heubeck, 26911795, P
Charlie Shirek, 2027405, P
Grayson Thurman, 29342357, P
Evan Lee, 2932874, P
Steven Fuentes, 2170500, 3B|UT
Craig Dedelow, 2836792, OF|UT
Wilmy Sanchez, 29689613, P
Jesse Hodges, 2226604, 3B|UT
Juremi Profar, 2226629, 3B|UT
Randy Ventura, 2826469, 2B|UT
Shayne Fontana, 28842421, OF|UT
Jack Perkins, 2933011, P
Jiandido Tromp, 2826316, OF|UT
Patrick Halligan, 29342625, P
RJ Hively, 2113499, P
Kohl Franklin, 2932744, P
Stephen Wrenn, 2507196, OF|UT
Wilfri Peralta, 28842151, SS|UT
Rayner Arias, 29321883, OF|UT
Landon Dieterich, 28846853, OF|UT
Brandon Komar, 29680343, P
Josh Uhen, 2915544, P
Aaron Phillips, 2837347, P
Austin Bailey, 2227127, SS|UT
Colin Selby, 29033796, P
Harrison Ray, 28842152, SS|UT
Kevin McAvoy, 2824245, P
Matt Gorski, 3152103, OF|UT
Rainer Nunez, 28846859, 1B|UT
Darin Gillies, 2794805, P
Garrett Baumann, 29321889, P
Sebastian Rivero, 2507340, C|UT
Max George, 2226661, C|UT
Roismar Quintana, 26912482, OF|UT
David Martin, 29348839, C|UT
Ethan O'Donnell, 29342320, OF|UT
Ryan Middendorf, 29088541, P
Josh Rapacz, 2804674, C|UT
Warren Saunders, 28842590, OF|UT
Jake Paulson, 2804238, P
Raudy De Los Santos, 28846852, SS|UT
Aaron Blanton, 2171302, SS|UT
Stevie Branche, 29342234, P
Patricio Aquino, 29321882, P
Alexis Rivero, 2825428, P
Jesse Scholtens, 3083995, P
Nellie Rodriguez, 2169707, 1B|UT
Kala'i Rosario, 26911725, OF|UT
Jadher Areinamo, 28847200, 2B|UT
Jefrey De Los Santos, 28846851, SS|UT
Antonio Anderson, 29321881, 3B|UT
Skeiling Rodriguez, 28842153, OF|UT
Jamie Ritchie, 2227214, C|UT
Jonathan Ornelas, 3077694, 3B|UT
Kevin Krause, 2731205, C|UT
Dylan Harris, 28842423, OF|UT
Jack Sinclair, 29085048, P
Zach Rutherford, 2837449, SS|UT
Karl Kauffmann, 3152117, P
Bryan Torres, 2826274, OF|UT
Larry Ernesto, 26615387, OF|UT
Joe Gunkel, 2226884, P
Myles Emmerson, 29082233, C|UT
Jon Kemmer, 2215847, OF|UT
Jonathan Galvez, 1946521, SS|UT
Taylor Rashi, 28851017, P
Patrick Copen, 29658247, P
Maxwell Leon, 1601824, 2B|UT
Toby Welk, 28842429, 3B|UT
Sam Garcia, 29676368, P
Sean Linan, 29679088, P
Ricky Vanasco, 2837628, P
Henry Martinez, 2824152, P
Sabier Marte, 29660699, P
Mason Adams, 29342215, P
Colton Gordon, 29075509, P
Angel Miguel, 2228483, SS|UT
Tyson Perez, 2170015, P
Tommy White, 29644454, 3B|UT
Bishop Letson, 29321972, P
Adrian Alcantara, 3152056, P
Erik Stock, 29089456, OF|UT
Mitch Delfino, 2167290, 3B|UT
Joe Broussard, 2803675, P
Luis De Avila, 29096120, P
Jared Serna, 29322022, SS|UT
Noah Campbell, 2836686, SS|UT
Juan Santander, 28838049, C|UT
Eddy Demurias, 28838299, P
Max Lazar, 2837114, P
Austin Gordon, 29674777, P
Dario Laverde, 29321971, C|UT
Rayne Doncon, 26913005, 3B|UT
Nolan Long, 3107155, P
Garrett McDaniels, 29631466, P
Danry Vasquez, 1957443, OF|UT
Adam Walton, 2915812, 3B|UT
Will Robertson, 28840659, OF|UT
Anthony Scull, 29322021, OF|UT
Cristian Hernandez, 26643918, SS|UT
Cooper Hjerpe, 28920025, P
Josh Stephen, 3157969, OF|UT
Yaramil Hiraldo, 29671357, P
Dylan Ray, 29295960, P
Yeiner Fernandez, 29077688, 2B|UT
Alfred Morillo, 29676029, P
John Kuchno, 2171825, P
Austin Warren, 2933186, P
Alberto Barriga, 29644212, C|UT
Kai Wynyard, 28843229, P
Michael Arroyo, 29077666, 2B|UT
Brayden Taylor, 29155730, 3B|UT
Owen Wild, 29644534, P
J.D. Orr, 28840954, OF|UT
Zach McCambley, 26615422, P
Michael Koval, 2915892, P
Jose Fermin, 29672111, P
Brantley Bell, 2223536, 2B|UT
Edryn Rodriguez, 28843223, SS|UT
Damon Dues, 29085157, SS|UT
Raylin Heredia, 29321945, OF|UT
Ryan Och, 29672112, P
Erik Rivera, 26615421, P
Joe Gatto, 2167334, P
Jackson McClelland, 2915691, P
Victor Payano, 2118801, P
Joey Oakie, 29644488, P
Mitch Horacek, 2226385, P
Jean Perez, 28843221, 2B|UT
Hunter Cranton, 29644466, P
Roemon Fields, 2171040, OF|UT
Carson Benge, 29426048, OF|UT
Esmerlyn Valdez, 29676977, 1B|UT
Nick Kahle, 26615319, C|UT
Anthony Vilar, 29672113, C|UT
Scott Manea, 2824062, C|UT
Kevin Matthews, 1894648, P
Braden Zarbnisky, 28840188, P
Bengie Gonzalez, 1810927, SS|UT
Tyler Mark, 3107242, P
Kevin Kopps, 26911784, P
Javier Rivas, 28843222, SS|UT
Zach Neal, 2118882, P
Kai-Wei Teng, 26615437, P
Daison Acosta, 26615429, P
Nick Goodwin, 29678144, 2B|UT
Tyson Hardin, 29676099, P
Colby Lusignan, 2921607, 1B|UT
Leandro Arias, 29077654, SS|UT
Jun-Seok Shim, 29322023, P
Trevor Martin, 29075778, P
Colby Shade, 29683716, OF|UT
Jack Dunn, 29089057, SS|UT
Coby Morales, 29675797, OF|UT
Demi Orimoloye, 2211804, OF|UT
Aaron Schunk, 3151905, 2B|UT
Sheng-En Lin, 29321973, 3B|UT
Kyle Johnston, 2837050, P
Edgar Escobar, 29085026, P
Nick Rickles, 2226585, C|UT
Chris O'Dowd, 2119381, C|UT
Alberth Martinez, 1961789, OF|UT
Gerelmi Maldonado, 29321979, P
Jesus Tillero, 29322037, P
Seth Simmons, 2043937, P
Arturo Reyes, 2224836, P
Kyle Karros, 29321956, 3B|UT
Skyler Messinger, 2837227, 3B|UT
David Roseboom, 2599642, P
Corey Littrell, 2216699, P
Jon Perrin, 2825069, P
Victor Mederos, 29075785, P
Jose Mesa, 2824406, P
Kyler Murray, 2942969, OF|UT
Aaron Schnurbusch, 2778500, OF|UT
Ty Damron, 3158463, P
Alec Willis, 26911812, P
Blake Rivera, 2837398, P
Lupe Chavez, 2507512, P
Chandler Seagle, 2837490, C|UT
Griff O'Ferrall, 29644441, SS|UT
Juan Guerrero, 29077649, OF|UT
Tayden Hall, 29088723, C|UT
Trent Harris, 29662260, P
Petey Halpin, 26615370, OF|UT
Dayron Varona, 2216811, OF|UT
Ashton Izzi, 29071710, P
Riley Thompson, 3116184, P
Luis Alejandro Basabe, 2507345, 2B|UT
Jose Pastrano, 29089625, SS|UT
Taylor Dollard, 26911811, P
Graeme Stinson, 29091137, P
Luis Lugo, 3096444, P
Johan Barrios, 29077643, 1B|UT
Daniel Salters, 2792293, C|UT
Sean Harney, 29091129, P
Jason Jester, 2227172, P
Shane Mardirosian, 2170089, 2B|UT
Danny Watson, 29087590, P
Austin Overn, 29644442, OF|UT
Cade Austin, 29677723, P
Max Pentecost, 2135607, C|UT
Dominic DeMasi, 2794800, P
Colton Plaia, 2227747, C|UT
Cole Carrigg, 29295914, OF|UT
Garrett Howe, 29689772, SS|UT
Nolan Kingham, 2932852, P
Dasan Hill, 29644475, P
Ruben Sosa, 2119660, 2B|UT
AJ Lewis, 28838088, C|UT
Roberto Campos, 3151911, OF|UT
Tanner Andrews, 2932266, P
Jeff Arnold, 2050504, C|UT
John Schuknecht, 2803482, OF|UT
Ali Camarillo, 29689771, SS|UT
Jhonatan German, 3157716, P
Jake Rucker, 28842740, 2B|UT
Angel Cepeda, 29662444, SS|UT
Max Roberts, 2837410, P
Aaron Rund, 29349535, P
Carlos Aguiar, 2930753, OF|UT
Isaiah Coupet, 29321910, P
Jake Haberer, 3107699, P
Jorge Saez, 2171284, C|UT
Nicholas Shumpert, 3107126, SS|UT
Brad Kuntz, 2915605, P
Justin Meis, 29342307, P
Brycen Mautz, 29075497, P
Jonathan Johnson, 2226039, 2B|UT
Michael Turner, 29090730, C|UT
Matt Whitehouse, 2783332, P
Juancito Martinez, 2120635, OF|UT
Melvin Adon, 2507519, P
Matt Mullenbach, 29091597, P
Daniel Pinero, 2794534, SS|UT
Jonathan Dziedzic, 2216692, P
Noel Vela, 29077675, P
Anthony Misiewicz, 2915885, P
A.J. Vukovich, 26615336, OF|UT
Nick Montgomery, 29644236, C|UT
Daniel Bravo, 2228082, 2B|UT
Gabriel Rodriguez, 29689773, SS|UT
Liam Spence, 29091451, SS|UT
Hayden Mullins, 29632447, P
Scott Bandura, 29676329, OF|UT
Marlin Made, 28842468, OF|UT
Jose Cruz, 29033789, P
Brayan Perez, 26635157, P
Jordan Qsar, 3102772, OF|UT
Jonathan Willems, 2826626, 2B|UT
Lucas Braun, 29321896, P
Juan Mercedes, 2835039, P
Johan Mieses, 2227179, OF|UT
Noah Perio, 1961731, SS|UT
Zack Kone, 2932859, SS|UT
Andy Garriola, 29088722, OF|UT
Jordan Edgerton, 2228443, 3B|UT
Francisco Del Valle, 28842604, OF|UT
Jake Stinnett, 2453264, P
Chris Clark, 29678151, P
Connor Jones, 3089587, P
Austin Love, 26911813, P
Angel Ortega, 2044119, SS|UT
Trey Snyder, 29644449, SS|UT
Ben Turner, 2114070, C|UT
Luca Tresh, 26912426, C|UT
Joe Hudson, 2121200, C|UT
Christian Chamberlain, 29088721, P
Mark Thomas, 1945618, C|UT
Chase Simpson, 2171694, 3B|UT
Carlos Vargas, 2910616, 3B|UT
Kelvin Ramirez, 29677722, P
John Mora, 2226041, OF|UT
Indigo Diaz, 26911819, P
Ian Petrutz, 29644443, OF|UT
JT Schwartz, 26911667, 1B|UT
Brock Hebert, 2121446, 2B|UT
Juan Abreu, 29085017, P
Elijah Green, 28920008, OF|UT
Angel Macuare, 2829059, P
Alberto Mineo, 2801260, C|UT
Jose Devers, 2829007, 2B|UT
Tyler Bremer, 2759730, P
Alaska Abney, 29092523, P
Jake Palisch, 29342456, P
David Masters, 2121211, SS|UT
Rico Garcia, 3088370, P
Markus Solbach, 2826006, P
Kyle Kinman, 2226844, P
Lamar King, 29075724, 1B|UT
Luis Marquez, 29686708, 2B|UT
Ivan Murzi, 29090115, C|UT
Greg Weissert, 3103745, P
Jared Walker, 3095767, 3B|UT
Riley Cooper, 29680223, P
Cameron Flynn, 2118922, OF|UT
Blake Logan, 2120600, P
Nick Peoples, 29350158, OF|UT
Robert Zarate, 2167295, P
Alex Glenn, 2171175, OF|UT
Joe Stewart, 29090134, OF|UT
Andrew Schwaab, 2918659, P
Ryan Peurifoy, 3101957, OF|UT
Carlos Munoz, 2211747, 1B|UT
Brennan Gowens, 1959467, OF|UT
Carlos Sepulveda, 2228214, 2B|UT
Levi Jordan, 3101497, OF|UT
Wandisson Charles, 3157664, P
Wade Wass, 2218078, C|UT
Erick Mejia, 2171341, 3B|UT
Tyler Whitaker, 26911708, OF|UT
Emilio Guerrero, 2051174, SS|UT
Jack Young, 29692367, P
Kyle Haynes, 2220258, P
Joe Naranjo, 28838304, 1B|UT
Turner Hill, 29683335, OF|UT
Alexander Cornielle, 29675824, P
Dane Hutcheon, 3103753, SS|UT
Cole Wilcox, 3166988, P
Gage Workman, 2837705, 3B|UT
Scott Schreiber, 2837482, 1B|UT
B.J. Boyd, 2114643, OF|UT
Michael Johnson, 2171053, P
Alex Amalfi, 29679043, P
Evan Mitchell, 2171703, P
Jhondaniel Medina, 2656661, P
Matt Pierpont, 2228438, P
Jason Bahr, 2836559, P
Ronny Simon, 28846865, 2B|UT
Kyle Carr, 29321906, P
Lou Albrecht, 29687308, C|UT
Zach Gibbons, 2822954, OF|UT
Laz Rivera, 2837401, SS|UT
Ethan Murray, 29086257, SS|UT
Wander Guante, 29688604, P
Kenny Hernandez, 2823339, P
Adrian Valerio, 2753300, SS|UT
Luke Brown, 28846844, OF|UT
Jeremy Rhoades, 3085231, P
Lazaro Armenteros, 2804027, OF|UT
Joel Diaz, 2822414, C|UT
Lucas Tancas, 2837587, 1B|UT
Mason McCullough, 2921414, P
Jonathan Rodriguez, 2119614, 1B|UT
Tomas Morales, 2779812, C|UT
Aaron West, 2615377, P
Sam Kulasingam, 29686887, 1B|UT
Adisyn Coffey, 29342240, P
D'Arby Myers, 2048864, OF|UT
Braeden Fausnaught, 29679114, P
Jeremy Lucas, 2171339, C|UT
Brandon Gold, 28837126, P
Yohendrick Pinango, 26913046, OF|UT
Carlos Belen, 2821499, P
Edward Lantigua, 29662262, OF|UT
Carson LaRue, 3157954, P
Marcus Littlewood, 2169710, C|UT
Brian Keller, 2915826, P
Clay Dungan, 3158250, SS|UT
Patrick Winkel, 29087591, C|UT
Omar Obregon, 2824729, 2B|UT
Collin Ferguson, 2228499, 1B|UT
David Calabrese, 26615371, OF|UT
Cael Brockmeyer, 2170503, C|UT
Ching-Hsien Ko, 29662261, OF|UT
Christian Mejias, 29084417, P
Errol Robinson, 2915603, SS|UT
Gage Miller, 29644440, 2B|UT
Ricky Knapp, 2739971, P
Drew Stankiewicz, 3095368, 2B|UT
Luis Almanzar, 2507355, 3B|UT
Sean Jamieson, 2113500, SS|UT
Tyler Woessner, 29342368, P
Adam Hill, 2932815, P
Jordan Betts, 2227059, 3B|UT
John Valente, 3104022, 3B|UT
Jacob Ehret, 2803766, P
Colin Davis, 28843015, OF|UT
Dasan Brown, 26615372, OF|UT
Shane Zeile, 2170499, C|UT
Willie MacIver, 2932895, C|UT
Kenny Piper, 29092499, C|UT
Cabera Weaver, 29090731, OF|UT
Jan Vazquez, 2663792, C|UT
Casey Martin, 26615345, SS|UT
Anthony Prato, 29073993, OF|UT
Jim Jarvis, 29682339, SS|UT
Jason Urquidez, 1741022, P
Trey Jeans, 28839742, P
Jonah Cox, 29321911, OF|UT
Ben Hecht, 2836976, P
Peter Burns, 29689770, C|UT
Ryan Dobson, 2836814, SS|UT
Jesus Alastre, 2821127, OF|UT
Josh Altmann, 2226789, OF|UT
Kennie Taylor, 28842741, OF|UT
Bryce Willits, 29090732, 3B|UT
Austin Smith, 29685398, P
Sean McLain, 29086584, SS|UT
Marcos Gonzalez, 2829031, SS|UT
Marino Campana, 2821798, OF|UT
Garvin Alston, 28839741, P
Andrew Walters, 29295955, P
Rixon Taylor-Wingrove, 28843169, 1B|UT
Ryan Costello, 2836750, 3B|UT
Marvin Alcantara, 29678045, SS|UT
John Cruz, 29321912, OF|UT
Amalani Fukofuka, 2211206, OF|UT
Chris Pieters, 2507343, 1B|UT
Cristopher Barete, 29092493, OF|UT
Chase Johnson, 3156996, P
Maui Ahuna, 29321877, SS|UT
Chaz Hebert, 2848439, P
Jason Matthews, 29090727, SS|UT
Cobie Vance, 2933156, 2B|UT
Nelson Molina, 2915617, 3B|UT
Michel Triana, 29085465, 3B|UT
Triston Polley, 28839743, P
Devan Ahart, 2171165, OF|UT
Mark Karaviotis, 2921299, SS|UT
Andrew Magno, 29085444, P
Victor Mesia, 26912477, C|UT
Chris Diaz, 2121874, SS|UT
Adam Zebrowski, 29091450, C|UT
Jack Anderson, 29092492, P
Austin Schulfer, 2933088, P
Gerardo Carrillo, 2829311, P
Aidan Curry, 29321913, P
Garrett Williams, 2910634, P
Zack Burdi, 2250611, P
Christian Suarez, 29683328, P
JR Ritchie, 29075718, P
Blake Burkhalter, 29075476, P
Joe Suozzi, 29084397, 1B|UT
Tanner Murray, 28842586, SS|UT
Kyle Barrett, 2797624, OF|UT
Kevin Cornelius, 2822113, 1B|UT
Alsander Womack, 29090733, 2B|UT
Joantgel Segovia, 2228453, OF|UT
Alex Burgos, 2167936, P
Joseph Sullivan, 29675765, OF|UT
Dylan Beavers, 29075533, OF|UT
Bryan Bonnell, 2915883, P
Sean McLaughlin, 3108259, P
Kevin Ziomek, 2066824, P
Rob Zastryzny, 2066809, P
Max Bain, 29088720, P
Zach Daniels, 26615379, P
Blake Barber, 2120633, 2B|UT
Yairo Padilla, 29662416, SS|UT
David Morgan, 29662263, P
Aaron Palensky, 29086558, OF|UT
Chesny Young, 2226051, 2B|UT
Marcus Smith, 26615373, OF|UT
Josh Turley, 2121456, P
Griffin Benson, 3093587, 1B|UT
Travis Kuhn, 27022045, P
Armando Araiza, 2170993, C|UT
Nate Nankil, 29678056, OF|UT
Austin Byler, 2915697, 1B|UT
Garrett Spain, 28842407, OF|UT
Braxton Roxby, 29344257, P
AJ Labas, 2837099, P
Carlos Alvarado, 2663267, P
Brennan Bernardino, 2228480, P
Wes Helsabeck, 2823279, P
Jacob Rogers, 2227206, 1B|UT
Austin Franklin, 2507338, P
Kelvin Diaz, 29342249, OF|UT
Hector Nieves, 28837564, SS|UT
Ty Ross, 2167293, C|UT
Jauri Custodio, 29088488, OF|UT
Zach Evans, 29680495, SS|UT
Jodd Carter, 2226827, OF|UT
Yerlin Confidan, 26913035, OF|UT
Aaron Perry, 2837341, P
Jeffrey Ramos, 3094729, OF|UT
Luke Shilling, 2933097, P
Jeremy Kivel, 2169268, P
Mark Washington, 2837660, P
Jason Blanchard, 29678306, P
Caeden Trenkle, 29350528, OF|UT
Michael Plassmeyer, 2933017, P
Juan Martinez, 2824164, P
Jose Valdespina, 2226790, P
Manuel Sequera, 26913014, 2B|UT
Michael Nix, 1587074, P
Ruddy Giron, 2211757, 3B|UT
Heriberto Ruelas, 1663442, P
Roberto Chirinos, 28843207, SS|UT
Rod Boykin, 2920201, OF|UT
Jakob Wright, 29644504, P
Jay Jabs, 2915688, 3B|UT
Troy Sieber, 2921610, 1B|UT
Stephen Bruno, 2121071, SS|UT
Parker Morin, 2167028, C|UT
Franklin Guzman, 2227896, OF|UT
Matthias Dietz, 2449985, P
Dayeison Arias, 2829300, P
Jake Rice, 29084218, P
Vince Jackson, 2804921, OF|UT
Bennett Sousa, 2837541, P
Jerson Ramirez, 3158164, P
Jacson McGowan, 2932929, 1B|UT
Fitz Stadler, 2933120, P
Kyle Hooper, 2744184, P
Collin Kober, 2837092, P
Michael Dimock, 2822436, P
Jayson McKinley, 3152826, P
Luke Persico, 2921436, OF|UT
Kodie Tidwell, 2227184, SS|UT
Kyle Hunter, 2120046, P
Yosmany Guerra, 2171043, SS|UT
Johnny Ascanio, 29346112, SS|UT
Stephen Alemais, 2921084, SS|UT
Sergio Morillo, 2862995, P
Shervyen Newton, 2824659, SS|UT
Dario Beltre, 3094346, P
Wladimir Pinto, 2825131, P
Delvis Morales, 2171705, 2B|UT
Steve Bean, 2114645, C|UT
Juan Valera, 29662107, P
Caleb Freeman, 26911806, P
Alex Cook, 29342241, P
Jordan Jones, 28838884, P
Camden Minacci, 29321987, P
Brian Burgamy, 549243, 2B|UT
Alimber Santa, 29077586, P
Justin Farmer, 29090988, OF|UT
Tyler Bugner, 2750311, P
Keoni Cavaco, 3117909, 1B|UT
Kyle Overstreet, 2804240, C|UT
Andy Yerzy, 2910599, 1B|UT
Nickolas Sarianides, 2226129, P
Connor Walsh, 2777672, P
Eduardo Herrera, 2830239, P
Jean Pinto, 29322007, P
Alexander Cornielle, 29342242, P
Nolan Watson, 2211228, P
Jack Hostetler, 29676684, P
Ricardo Olivar, 29087586, C|UT
Carson Palmquist, 29075500, P
Emerson Landoni, 2121297, 2B|UT
Cam Devanney, 3158460, SS|UT
Brady Allen, 28841533, OF|UT
Matt Seelinger, 2837493, P
Colby Fitch, 2836873, C|UT
Cameron Seitzer, 2118916, 1B|UT
Clint Coulter, 2044534, OF|UT
Keeler Morfe, 29660657, P
Max McDowell, 2772559, C|UT
Creed Willems, 29088707, C|UT
Matt Flemer, 2794803, P
Ben Simon, 29355686, P
Tyler Zombro, 3157473, P
Cal Hernandez, 3097892, 3B|UT
Connor Pavolony, 29342323, C|UT
Edward Duran, 29662381, C|UT
Edwin Jimenez, 29342288, P
Jonathan Griffin, 1956550, SS|UT
Josh Ekness, 29674814, P
Brett Pope, 2837357, SS|UT
Miguel Hernandez, 2823347, SS|UT
Gabriel Martinez, 26900209, OF|UT
Jace Conrad, 2728773, 2B|UT
Calten Daal, 2169715, SS|UT
Bijan Rademacher, 2048852, OF|UT
Joey Marciano, 28841191, P
Antonio Lamas, 2045876, SS|UT
Jake Gozzo, 29342266, P
Dylan Heid, 29342413, P
Andrick Nava, 3157972, C|UT
Josh Sale, 1765821, OF|UT
Randy Bednar, 2836589, OF|UT
Aroon Escobar, 29662382, 2B|UT
Eduardo Diaz, 2822406, OF|UT
Will Robertson, 2837413, OF|UT
Daniel Guilarte, 28847203, 2B|UT
Brock Huntzinger, 1962831, P
Landy Pena, 28842150, SS|UT
Natanael Santana, 29342337, OF|UT
Carson Matthews, 28841192, SS|UT
Anibal Sierra, 2507350, SS|UT
Julio Robaina, 29342329, P
Andy Beltre, 2739967, P
Cameron Eden, 29082789, OF|UT
Wyatt Short, 3094414, P
Yassel Soler, 29662389, 3B|UT
Casey Anderson, 29321880, P
Jace Avina, 28847201, OF|UT
Freddvil Chevez, 28846850, 1B|UT
Clark Eagan, 2731203, OF|UT
John Stilson, 2043265, P
Nick Morabito, 29075747, OF|UT
Christian Montes De Oca, 29093636, P
Geraldi Diaz, 2829330, C|UT
Harrison Wenson, 2837673, C|UT
Logan Baldwin, 2836564, OF|UT
Anderson Paulino, 29342322, P
Victor Jesus Acosta, 26643924, SS|UT
Yosver Zulueta, 26635168, P
Roniel Raudes, 2507508, P
Scott McKeon, 28841193, SS|UT
Cody Stashak, 3127143, P
Paul Hoenecke, 2052597, 3B|UT
Steven Cruz, 2845455, P
Jake Sanchez, 2798061, P
Eduarqui Fernandez, 28847202, OF|UT
Jose Adames, 2821095, P
Dylan Spain, 28842591, P
Aron Estrada, 29662383, 2B|UT
Adony Mejia, 29088540, C|UT
Marcos Almonte, 2821179, 3B|UT
Caleb Knight, 29360034, C|UT
Tim Remes, 2800868, C|UT
Cole Paplham, 29342321, P
Kody Kerski, 2171160, P
Cam Sanders, 2837459, P
Ivan Pineyro, 2763377, P
Braulio Lara, 2029073, P
Matthew Etzel, 29342254, OF|UT
Cody Roberts, 2837407, C|UT
Aaron Pinto, 3158079, P
Nelson Alvarez, 29360015, P
LeDarious Clark, 3094734, OF|UT
Yorvis Torrealba, 29085803, OF|UT
Mitch Reeves, 2837381, 1B|UT
Zach Fruit, 29683709, P
Ronnie Mitchell, 2227480, OF|UT
Ashley Graeter, 2801263, C|UT
Kyle Virbitsky, 29342399, P
Sean Hunley, 29692325, P
David Olmedo-Barrera, 2803302, OF|UT
Barrett Loseke, 2932889, P
Christian Koss, 3152046, SS|UT
Brendan White, 28838955, P
Cole Schoenwetter, 29322020, P
Diego Goris, 2167036, SS|UT
Carter Young, 29077593, SS|UT
Jhancarlos Lara, 29321970, P
Kyle Watson, 2837665, SS|UT
Johnathan Lavallee, 29675776, P
Anthony Gutierrez, 28839807, OF|UT
Adam Bray, 2804682, P
Jhonayker Ugarte, 29662431, 3B|UT
Joan Baez, 2507526, P
Theo Denlinger, 29096121, P
Roc Riggio, 29295895, 2B|UT
Fernando Perez, 2825027, P
Caleb Bonemer, 29644415, SS|UT
Cole Waites, 28946373, P
Didier Vargas, 2829949, P
LJ Hatch, 2864366, SS|UT
Mitchell Tolman, 3107897, 2B|UT
Ben Hernandez, 26615420, P
J.C. Cardenas, 2804219, SS|UT
Kyle Young, 2910629, P
Trey Supak, 2167462, P
Wes Clarke, 29085459, 1B|UT
Starling Peralta, 2029065, P
Mario Meza, 2743626, P
Charlee Soto, 29155732, P
Straton Podaras, 28842754, C|UT
Cody Ramer, 2803673, SS|UT
Adrian Marin, 2042936, SS|UT
Jackson Lancaster, 29686519, OF|UT
Sean Keys, 29644434, 3B|UT
Reid Redman, 2050484, 3B|UT
Eudy Pina, 2121016, OF|UT
Charcer Burks, 2227732, OF|UT
Michael Prosecky, 29295962, P
Sebastian Walcott, 29147384, SS|UT
Johan Belisario, 2170275, P
Konner Piotto, 29345623, C|UT
Connor Charping, 29672110, C|UT
Luis Payano, 2920914, OF|UT
Yaya Chentouf, 29084156, P
Phil Fox, 29692358, P
Vito Friscia, 28840627, C|UT
Norel Gonzalez, 28838220, OF|UT
Willy Montero, 29686864, OF|UT
Marty Herum, 2746788, 3B|UT
Josh Knoth, 29155731, P
Jairo Beras, 2053472, P
Gio Brusa, 2507326, OF|UT
Blake Whitney, 29084179, P
James Nelson, 2768552, 3B|UT
Shawn Haviland, 2782921, P
Jack Brannigan, 29085923, SS|UT
Sean Sullivan, 29295961, P
Angeudis Santos, 29086779, 2B|UT
Payton Martin, 29295963, P
Bryce Bonnin, 2836625, P
Ryan Casteel, 2117266, 1B|UT
Thomas White, 29155733, P
Wyatt Olds, 29083999, P
Corey Toups, 2226047, 2B|UT
Welbyn Francisca, 29321936, SS|UT
Angelo Gumbs, 2026910, 2B|UT
Connor Justus, 2804689, SS|UT
Jamal O'Guinn, 28846907, OF|UT
Joseph Montalvo, 28843220, P
Alexander Albertus, 29658278, 3B|UT
Kevin Franklin, 2066832, 3B|UT
Mitch Lively, 1937569, P
Allan Castro, 29086773, OF|UT
Hunter Hollan, 29295969, P
Gary Gill Hill, 29424566, P
Edgar Basabe, 29345622, OF|UT
David McCabe, 29075516, 1B|UT
Reed Harper, 2804212, 2B|UT
Jeisson Rosario, 2910622, OF|UT
Braylin Tavera, 29077592, OF|UT
Jose King, 2823700, SS|UT
Gavin Hollowell, 26615457, P
Reivaj Garcia, 3077705, 2B|UT
Ripken Reyes, 29096137, 2B|UT
Jhonny Severino, 29662427, 3B|UT
Jonah Tong, 29376615, P
Brayan Medina, 29077591, P
Ryan Long, 29096129, P
Irving Wilson, 2826645, C|UT
Hector Rodriguez, 29077615, OF|UT
Luis Mateo, 2053479, P
Brad Zunica, 2227499, 1B|UT
Michael Rucker, 2863866, P
Adam Retzbach, 29342638, C|UT
Chris Rivera, 2118139, 2B|UT
Andrew Baker, 29069953, P
Chris Gittens, 2226315, 1B|UT
Osvaldo Tovalin, 28846868, 3B|UT
Justin Bullock, 2836667, P
Ryan Hawks, 29677753, P
Josue Huma, 2829043, 3B|UT
Taylor Lehman, 29084391, P
Grant Richardson, 28846886, OF|UT
Nick Basto, 2171834, 3B|UT
Andrew Navigato, 28843167, SS|UT
Jose Marte, 2824108, P
Edgardo Henriquez, 26912472, P
Joe Glassey, 29687765, P
Marco Vargas, 29322044, 2B|UT
Andres Sthormes, 2826079, C|UT
Eduardo Lopez, 29087624, OF|UT
Luis Almeyda, 29321879, SS|UT
Kaden Polcovich, 3165229, 2B|UT
Andrew Marrero, 29092497, P
Connor Kaiser, 2932843, SS|UT
Alexis Pantoja, 2228459, SS|UT
Frank Rubio, 2837440, P
Adam Leverett, 29084392, P
Chandler Welch, 29676111, P
Carlos Soto, 3157427, C|UT
Wilkel Hernandez, 2823358, P
Maverick Handley, 26635150, C|UT
Xavier Fernandez, 2227128, C|UT
Angel De Jesus, 2822252, P
Jay Baum, 2743631, 3B|UT
Jeferson Morales, 2930951, C|UT
Charlie Beilenson, 29676330, P
Jonathan Aceves, 390791, C|UT
Keon Barnum, 2052694, 1B|UT
Carter Williams, 29084419, OF|UT
Jordan Zimmerman, 2915602, 3B|UT
Sebastian Elizalde, 2170673, OF|UT
Nick Zammarelli, 3104023, 3B|UT
Tyler Dyson, 26615444, P
T.J. Brock, 29092530, P
Matthew Peguero, 2830306, P
Eleardo Cabrera, 2821758, OF|UT
Kelvin Nunez, 2829387, P
Chris Hudgins, 3158014, C|UT
Carlos Duran, 26912445, P
Andrew Guillotte, 2804928, OF|UT
Andrew Vasquez, 2985551, P
Reiss Knehr, 2932855, P
Victor Castaneda, 26912464, P
Luis Pacheco, 2830248, P
Taylor Floyd, 29084413, P
Dietrich Enns, 2247803, P
J.J. Franco, 2919161, 2B|UT
Luis Contreras, 29084411, P
Tanner Murphy, 29087199, OF|UT
Carter Bins, 26635139, C|UT
Malquin Canelo, 2507349, SS|UT
David Rohm, 1804765, OF|UT
Adrian Chaidez, 29087922, P
Nick Krauth, 29676728, P
Alex Mauricio, 2837184, P
Blake Taylor, 2066817, P
Pedro Castellanos, 2821886, 1B|UT
Antonio Santos, 3151009, P
Chris Alleyne, 29344253, OF|UT
Terence Dotson, 29084412, OF|UT
Jimmy Lewis, 3152118, P
Tommy Parsons, 3152061, P
Dominic Keegan, 29075523, C|UT
Angelo Mora, 2226168, 2B|UT
Parker Curry, 2822207, P
Rainy Lara, 2226783, P
Brendan McCurry, 2215848, P
Cesar Berbesi, 29091130, SS|UT
Jeff Belge, 29087921, P
Michael Burgess, 1599600, OF|UT
Mac Wainwright, 26615377, OF|UT
Jose Geraldo, 29686705, P
Joshua Baez, 26911705, OF|UT
John Gorman, 2921571, P
Chih-Jung Liu, 26912473, P
Kurt Spomer, 2170524, P
Angel Ventura, 2826460, P
Breland Almadova, 2044243, OF|UT
Alex Phillips, 29087214, P
Brad Case, 2932633, P
Sandy Lugo, 2804237, P
Blake Perry, 2226905, P
Jeff Ames, 2006999, P
Torin Montgomery, 29090729, 1B|UT
Carter Loewen, 29342300, P
Tanner Jesson-Dalton, 28862950, P
Morgan McCullough, 29084393, SS|UT
Mac Marshall, 3158534, P
Drew Campbell, 28838569, OF|UT
Nick Kuzia, 28838024, P
Juan Pinto, 26912479, P
Anyelo Leclerc, 2797617, P
Filippo Di Turi, 29321917, SS|UT
Joe McCarthy, 2228493, OF|UT
Julio Garcia, 2167470, 2B|UT
Diego Tornes, 29669166, OF|UT
Dru Baker, 28843203, OF|UT
Zach Cable, 28842465, P
Tristan Pompey, 2933024, OF|UT
Ben Bowden, 3088354, P
Alexander Almonte, 29662087, P
David Leal, 29680253, P
T.J Hopkins, 28841208, OF|UT
Max Clark, 29153542, OF|UT
William Simoneit, 29086780, C|UT
Cole Henry, 26615401, P
Santiago Florez, 2830233, P
Collin Burns, 29088697, SS|UT
Dalbert Siri, 2825960, P
Garrett Burhenn, 29676009, P
Brett Austin, 2171311, C|UT
Tim Elko, 29086250, 1B|UT
Joe Nahas, 29342316, P
Ruben Santana, 29077678, 3B|UT
Austin Beck, 2835058, OF|UT
Ronny Henriquez, 26615402, P
Willy Yahn, 2837709, 3B|UT
Connor Scott, 2942973, OF|UT
Jose Escorche, 28843209, SS|UT
James Dykstra, 2739978, P
Kieran Lovegrove, 2044494, P
Landen Maroudis, 29321981, P
Yoniel Curet, 29292533, P
Chase Lee, 28837033, P
Manny Jefferson, 2915810, 2B|UT
Rougned Jose Odor, 2921888, 2B|UT
Oliver Garcia, 2822888, P
Anthony Phillips, 1956976, SS|UT
Rubendy Jaquez, 2823535, 2B|UT
Tyler Dearden, 2836789, OF|UT
Brandon McIlwain, 2221842, OF|UT
Capri Ortiz, 29322001, SS|UT
Cody Buckel, 1956930, P
Robinson Martinez, 2824183, P
Dexture McCall, 2804516, 1B|UT
Rayder Ascanio, 2171391, SS|UT
Michael De Leon, 2121232, SS|UT
Jeter Martinez, 29321982, P
Gerardo Gutierrez, 29675443, P
Esteban Mejia, 29662101, P
Eric Aguilera, 2171049, 1B|UT
Ryan Johnson, 29674787, P
Bailey Dees, 29342247, P
Hunter Owen, 29322002, P
Yovanny Rodriguez, 29339050, C|UT
Hogan Windish, 29089906, 2B|UT
Alex Mooney, 29321989, 3B|UT
Ryan Mason, 2921006, P
Tyler Stuart, 29295938, P
Brett Conine, 2932648, P
Cristian Gomez, 2227221, SS|UT
Korry Howell, 2837013, OF|UT
Cesar Galvez, 2170136, SS|UT
Cassidy Brown, 2777673, C|UT
Matt Pushard, 29322009, P
Yadir Drake, 2227788, OF|UT
Jose Corniell, 29292532, P
Thomas Farr, 26911761, P
Wen-Hui Pan, 29322003, P
Jay Driver, 29683466, P
Michael Hernandez, 2921608, C|UT
Ryan Cermak, 29075766, OF|UT
Roman Angelo, 29675442, P
Alex Lavisky, 2120276, C|UT
Cole Stobbe, 2507186, 1B|UT
Doug Nikhazy, 26911762, P
Craig Stem, 2120230, P
Steven Gingery, 2932765, P
Jesus Bastidas, 2821449, SS|UT
Michael Zouzalik, 2791366, P
Leonardo Taveras, 2830141, P
Ever Moya, 2824577, P
Jake Hager, 1894647, 2B|UT
Trevor Kuncl, 29680252, P
Victor Manuel Acosta, 3157960, 2B|UT
Eric Orze, 26911774, P
Mason Auer, 28843202, OF|UT
Christian Roa, 26615403, P
Jackson Kent, 29644478, P
Jeff Glenn, 1803543, C|UT
Benjamin Cowles, 28839851, SS|UT
Peyton Alford, 28838085, P
Will Carter, 2821868, P
Bernard Jose, 29680251, P
Drew Dosch, 2167299, 3B|UT
Dauri Fernandez, 29692360, 2B|UT
Juan Carlos Linares, 1799268, OF|UT
Yapson Gomez, 3103879, P
Zack Plunkett, 28839452, P
Danny Young, 3157973, P
Angel Arevalo, 29689781, 2B|UT
Bryce Conley, 2836731, P
Boomer White, 2804936, 2B|UT
Caden Kendle, 29692166, OF|UT
Austin Bergner, 29084368, P
Yoander Rivero, 28842451, SS|UT
Cole Gabrielson, 29351813, OF|UT
Rafael Lantigua, 2829050, 2B|UT
Alec Sayre, 29342339, OF|UT
Luis Castro, 2821926, 1B|UT
Austin Pope, 29342327, P
Tayler Aguilar, 29084386, OF|UT
Jacob Zanon, 2788420, OF|UT
Cristian Toribio, 2226390, SS|UT
Michael Horrell, 28839451, P
Chase Davis, 29153554, OF|UT
Keylan Killgore, 2932850, P
Carson Messina, 29644485, P
Jose Romero, 29342333, P
Whit Mayberry, 2169991, P
Jack Jasiak, 29689782, P
Trey Hair, 2836951, 2B|UT
Slade Caldwell, 29426064, OF|UT
Michael Knorr, 29075741, P
Brennon Lund, 2803480, OF|UT
PJ Morlando, 29426045, OF|UT
Patrick Ruotolo, 2921367, P
Jedixson Paez, 29660659, P
Franklin Labour, 2823751, OF|UT
Pedro Gonzalez, 2507498, OF|UT
Logan Warmoth, 2835076, 2B|UT
Scott Burcham, 2794802, SS|UT
Daniel Nunez, 29675841, P
Jose Albertos, 2507510, P
Jonathan Cheshire, 2836715, P
Kirvin Moesquit, 2915594, 3B|UT
Najer Victor, 29684955, P
T.J. White, 29075775, OF|UT
Jackson Loftin, 29088703, SS|UT
Albert Minnis, 2740131, P
Micah Dallas, 29683475, P
Kodi Whitley, 2837679, P
Pablo Guerrero, 29669143, 1B|UT
Darlin Moquete, 28851010, OF|UT
Dace Kime, 2117056, P
Viosergy Rosa, 2120727, 1B|UT
Reece Hampton, 2932794, OF|UT
Livan Reinoso, 29675842, P
Brian Rey, 2933041, 2B|UT
Ryne Slack, 2121103, P
Chris Campos, 29675454, P
Patrick Biondi, 2226625, OF|UT
Anfernee Grier, 2449445, OF|UT
Brody Rodning, 2837419, P
Carlos Jorge, 26913008, OF|UT
Corey Collins, 29683707, 1B|UT
Cristian Hernandez, 29088701, P
Jacob Bosiokovic, 2801262, 1B|UT
K.J. Woods, 2121471, 1B|UT
Armando Cruz, 26643915, SS|UT
Erick Pinales, 29342397, P
Spencer Jones, 28920028, OF|UT
Brody Hopkins, 29644518, P
Tom Cosgrove, 2836749, P
Matthew Alifano, 29089883, 3B|UT
Michael Boyle, 2786283, P
Kai Roberts, 29675843, OF|UT
Chandler Jozwiak, 29088702, P
Ryan Nutof, 2837303, P
D.J. Baxendale, 2059472, P
Myles Naylor, 29153566, SS|UT
Sean Sullivan, 29342350, P
Eury Ramos, 2825282, P
Brian O'Keefe, 3089588, C|UT
Maikis De La Cruz, 2228474, OF|UT
Barret Loux, 1840205, P
Travis Hissong, 2744040, P
Mitch Bratt, 29075743, P
Scott Gracey, 1961740, P
Nick Fraze, 29351812, P
Jimmy Allen, 2227980, 2B|UT
Eduarniel Nunez, 2870046, P
Kehden Hettiger, 29321948, C|UT
Andrew Cossetti, 29683443, C|UT
Buddy Reed, 2449453, OF|UT
Eric Rodriguez, 29330426, C|UT
Brock Rodden, 29342331, 2B|UT
Trevor Schwecke, 28839453, SS|UT
Isaac Collins, 3158249, OF|UT
Won-Bin Cho, 29077685, OF|UT
Edgleen Perez, 29662387, C|UT
Brennan Malone, 3117933, P
Jack Choate, 29351811, P
Jake Lowery, 2114460, C|UT
Daniel Arribas, 2731202, 3B|UT
Mason Davis, 2223633, 2B|UT
Steven Sensley, 2837499, 1B|UT
Yanki Baptiste, 29689783, SS|UT
Steven Leyton, 29085284, SS|UT
Miguel Rodriguez, 29342332, P
Andres Sotillet, 2826027, P
Ariel Almonte, 26643934, OF|UT
Derrick Chung, 2118562, C|UT
Ian Dawkins, 3107610, OF|UT
Ian Moller, 28840804, C|UT
Esteban Quiroz, 2912181, 2B|UT
Mac James, 2823530, C|UT
Ricardo Yan, 29322051, P
Matt Ball, 3103667, P
Jarod Wright, 29084573, P
Tristin English, 3158361, 1B|UT
Frandy Torres, 2826283, P
Chad Patrick, 29084177, P
Jaylen Ferguson, 2224129, OF|UT
Rafael De Paula, 2053473, P
Jose Flores, 1787652, P
Heiker Meneses, 1956991, 2B|UT
Willie Abreu, 2915815, OF|UT
Diego Mosquera, 29086405, 2B|UT
Mattingly Romanin, 2734156, 2B|UT
John Lujan, 1103378, P
Ryan Wrobleski, 29675804, C|UT
Jim Fuller, 2119260, P
Jace Vines, 3152904, P
Beck Way, 26615430, P
Michael Alfonso, 28846902, P
Preston Beck, 2046504, 1B|UT
Gian Zapata, 29322052, OF|UT
Jorma Rodriguez, 2803672, SS|UT
Jayson Bass, 29686517, OF|UT
Chester Pimentel, 27022853, P
Connor Myers, 3101498, OF|UT
Tyler Mapes, 2226389, P
Michael Strentz, 2218077, C|UT
R.J. Yeager, 29674736, 1B|UT
Keinner Pina, 2825108, C|UT
Connor Hollis, 3101958, 2B|UT
Luis Ledo, 2823822, P
JD Dix, 29644424, SS|UT
Jaime Melendez, 26912511, P
Cristhian Vaquero, 28839803, OF|UT
Bryan Rodriguez, 2734574, P
Jake Brodt, 2932287, 1B|UT
Alexis Ramirez, 26615451, P
Carlos Rincon, 2804683, OF|UT
Rene Garcia, 1795779, C|UT
Edwin Nunez, 29321996, P
Dionys Rodriguez, 29077597, P
Jhon Torres, 2829160, OF|UT
Joe Sever, 2120602, 2B|UT
Ryan Anderson, 29342218, P
Alexander Mojica, 26912512, 1B|UT
Mark Zimmerman, 2803303, P
Trevor McDonald, 26615452, P
Gabriel Lino, 1953527, C|UT
J.D. Mundy, 26762077, 1B|UT
Christopher Suero, 29676059, C|UT
Blake Taylor, 3151553, P
Diego Benitez, 28839809, SS|UT
Misael Tamarez, 26912519, P
Marco Raya, 26911798, P
Colby Jones, 29686912, SS|UT
Silento Sayles, 2171294, OF|UT
Logan Rinehart, 26615459, P
Jeffrey Baez, 2794796, OF|UT
Dylan Rock, 29096139, OF|UT
Paulshawn Pasqualotto, 29676052, P
Tyler Samaniego, 29085131, P
Daniel Palencia, 28837106, P
Jameson Fisher, 2507364, OF|UT
Dylan Phillips, 29350974, P
Randolph Gassaway, 2804028, 1B|UT
Daniel Spingola, 2920674, OF|UT
Justin Kelly, 2823669, P
Brian Schales, 2804213, 3B|UT
Enmanuel Terrero, 29085132, OF|UT
Grenny Cumana, 2171861, SS|UT
Nick Torres, 2170717, OF|UT
David Shields, 29644494, P
Zach Petrick, 2090428, P
Quincy Hamilton, 28838276, OF|UT
Malvin Pena, 26615453, P
Daniel Montesino, 26912513, OF|UT
Cole Ayers, 29687776, P
Cam Fisher, 29321926, OF|UT
Cole Zabowski, 28843230, 1B|UT
Shane Hoelscher, 2228437, 3B|UT
Dereck Salom, 28846909, SS|UT
Enrique Bradfield, 29155729, OF|UT
Cody Orr, 28840219, OF|UT
Jesse Wainscott, 29676030, P
Spencer Stockton, 29084572, P
Jake Johansen, 2066833, P
Blake Allemand, 2821165, SS|UT
Brody McCullough, 29295967, P
Ben Norman, 29091649, OF|UT
Caden Monke, 29086777, P
Will Turner, 29677744, OF|UT
Michael Benjamin, 2119305, 3B|UT
Telmito Agustin, 2749888, OF|UT
Forrest Snow, 1918579, P
Brandon Lockridge, 2932883, OF|UT
Jesus Estrada, 1603346, P
Mark Minicozzi, 1225741, 3B|UT
Dalton Stambaugh, 29084571, P
Parker Bates, 29083997, OF|UT
Zion Bannister, 28846903, OF|UT
Chris Muller, 2837270, P
Josh Almonte, 2171829, OF|UT
Jean Munoz, 29077624, P
Evan Taylor, 29355104, P
Donovan Benoit, 29086244, P
Micah Ottenbreit, 29075740, P
Daniel Marte, 28846857, OF|UT
Grant Massey, 2919941, SS|UT
Angel Bastardo, 29321887, P
Lex Rutledge, 2118850, P
Cade Bunnell, 28839450, 2B|UT
Jason Morozowski, 2226156, OF|UT
Spencer Griffin, 2836941, OF|UT
Sean Poppen, 3118726, P
Kahlil Watson, 26723808, 2B|UT
Todd Lott, 28842450, OF|UT
Henri Lartigue, 3095367, C|UT
Steve Rodriguez, 2113502, C|UT
David Kubiak, 2823741, P
River Town, 29342359, OF|UT
Chris Rotondo, 29086561, OF|UT
Greg Deichmann, 2836793, OF|UT
Wilson Soriano, 2171412, OF|UT
Jaison Chourio, 29077618, OF|UT
Bryan Pope, 29092500, P
Jose Perdomo, 29339044, SS|UT
Jorge Barrosa, 26615382, OF|UT
Ryan Johnson, 29684914, 3B|UT
Daniel McGrath, 2915536, P
Dylan Rheault, 3152859, P
Jacob Meador, 29675840, P
Darrien Miller, 29345797, C|UT
Kaylan Nicasia, 28851012, SS|UT
Boo Vazquez, 2803829, OF|UT
John King, 2837082, P
Jose Bermudez, 2821541, OF|UT
Julio Eusebio, 2921290, P
Sean Roby, 2933051, 3B|UT
Benny Montgomery, 26719576, OF|UT
Logan Salow, 2837455, P
Trey Gibson, 29687314, P
Tanner Kiest, 29342294, P
Bryce Tassin, 29342353, P
Ronnie Freeman, 2170038, C|UT
Ben Troike, 3158075, SS|UT
Grae Kessinger, 3152109, 3B|UT
Cory Taylor, 2453414, P
Noah Williamson, 28851019, OF|UT
Kyle DeBarge, 29658249, 2B|UT
Zach Watson, 26615383, OF|UT
Robert Arias, 29662258, OF|UT
Ryan Boldt, 2449455, OF|UT
Sabin Ceballos, 29295898, 3B|UT
Matt Gage, 2915698, P
Josh Caron, 29644418, C|UT
Denny Roman, 28842427, P
Victor Santos, 2829136, P
Jaden Fein, 28843184, OF|UT
Cole Phillips, 29075507, P
Joseph Kuzia, 2836024, P
Matt Svanson, 29342352, P
Aaron Shackelford, 28841666, SS|UT
Logan Cerny, 26911714, OF|UT
Jake Elliott, 2822534, P
Tres Gonzalez, 29088700, OF|UT
Victor Arias, 29658243, OF|UT
Alberto Rodriguez, 26615389, OF|UT
Chris Sharpe, 2837505, OF|UT
JJ Goss, 3117935, P
Kevin Herget, 2823303, P
Zack Weiss, 2171419, P
Christian Knapczyk, 29683786, SS|UT
Austin Wood, 2044240, P
Andrew Bechtold, 2836585, 3B|UT
Dylan Campbell, 29351810, OF|UT
Brock Jones, 29075486, OF|UT
Chris Paul, 2915618, 3B|UT
Tyler DeLoach, 2218067, P
JJ Wetherholt, 29426036, SS|UT
Brett Daniels, 2932676, P
Brett Bateman, 29342224, OF|UT
Tommy Shirley, 2171303, P
Blaine Knight, 2837089, P
Lucas Long, 2823907, P
Yoelvin Silven, 26912487, P
Chad Smith, 26635165, P
Tyler Rodriguez, 29687797, 3B|UT
Drew Strotman, 2837576, P
Christian Binford, 2167027, P
Jorbit Vivas, 2931076, 2B|UT
Brandon Eisert, 28837582, P
Bryant Flete, 2226441, 2B|UT
Thatcher Hurd, 29662225, P
Tyler Gough, 29632454, P
Josue Briceno, 29632924, C|UT
Jose De La Cruz, 26635144, OF|UT
Carson Ragsdale, 26615431, P
Mitch Ghelfi, 2804685, C|UT
Nick Podkul, 2933018, 3B|UT
Micah Bello, 2931900, OF|UT
Dakota Hawkins, 29676663, P
Braedon Karpathios, 29676027, OF|UT
Dixon Llorens, 2119871, P
Paxton Schultz, 29676039, P
Alexis Hernandez, 29350508, OF|UT
Jeral Toledo, 28843227, SS|UT
Kevin Parada, 28920014, C|UT
George Wolkow, 29322050, OF|UT
Matt Jones, 2759861, C|UT
Travis MacGregor, 26615432, P
Matt Walker, 2915893, P
Austin Bernard, 2836604, C|UT
Jake Boone, 2836629, SS|UT
Miguel Aparicio, 2821262, OF|UT
Jarryd Dale, 28840657, UT
Yorvin Pantoja, 27022827, P
Maxx Tissenbaum, 2047808, 2B|UT
Miguel Hiraldo, 3077709, 2B|UT
Charlie Madden, 2837154, C|UT
Osvaldo Abreu, 2227735, SS|UT
Evan Sisk, 2933104, P
Connor Marabell, 2228482, OF|UT
Luis Pena, 29662420, SS|UT
Tyler Brown, 2836661, P
Braden Webb, 26615450, P
Ashford Fulmer, 2227791, OF|UT
Estiven Machado, 26912510, SS|UT
Leosdany Molina, 28838047, SS|UT
Ben Williamson, 29295908, 3B|UT
Jesus Lopez, 29321977, C|UT
Tom Colletti, 2921619, P
Walter Ibarra, 1666689, SS|UT
Alex Balog, 2066835, P
Estuar Suero, 29322027, OF|UT
Luis Sanchez, 29092516, SS|UT
Derniche Valdez, 29322039, 2B|UT
Zach Muckenhirn, 3097034, P
Emerson Purroy, 29087647, SS|UT
Fineas Del Bonta-Smith, 29086085, P
Alexander Campos, 2828977, SS|UT
Diego Infante, 2829357, OF|UT
Logan Ice, 2804231, C|UT
Brian Howard, 2837010, P
Jose Izarra, 29089076, SS|UT
Kevin Comer, 2822060, P
Gunnar Hoglund, 26719618, P
Nic Kent, 29089059, SS|UT
Steven Perez, 29675799, P
Jack Neely, 29087565, P
Andres Sosa, 29079728, C|UT
Keaton Steele, 2921577, P
Cody Bolton, 2836622, P
Joseph King, 29085036, P
Michael O'Neill, 2169806, OF|UT
Jackson Miller, 26615317, C|UT
T.J. Nichting, 2837294, OF|UT
Yohairo Cuevas, 29349508, 1B|UT
Connor Curlis, 29084570, P
Layne Henderson, 28837583, P
Jacob Heyward, 3107243, OF|UT
Erick Pena, 3152067, OF|UT
Junior Garcia, 3157963, P
Tyler Kolek, 2135242, P
Tyler Friis, 2836884, 2B|UT
Brett Ash, 2780090, P
Omar Cruz, 26615433, P
Gabriel Jackson, 29342285, P
Zach Hedges, 2823270, P
Alfred Vega, 29676662, P
Deyni Olivero, 2824756, P
Michael Costanzo, 28842389, P
Zach Jacobs, 29676331, P
Mavis Graves, 29632441, P
Logan Workman, 29096144, P
Zach King, 26635151, P
Mason Janvrin, 3157970, OF|UT
Antonio Gomez, 26912470, C|UT
Sam Runion, 2052636, P
Michael Stryffeler, 28837774, P
Angel Felipe, 27022497, P
Josh Grosz, 29679428, P
Wander Javier, 2507352, SS|UT
Bayron Lora, 3151951, OF|UT
Matt Merrill, 29342309, P
Daniel Torres, 2170026, C|UT
Jason Ruffcorn, 29676332, P
Alex Hoppe, 29342278, P
Chris Berset, 1956552, C|UT
Jared King, 2169870, OF|UT
Gage Jump, 29632442, P
Dominic Abbadessa, 3158036, OF|UT
Riley Martin, 29342303, P
Mickey Gasper, 29084390, 1B|UT
Brett Kinneman, 2932853, OF|UT
Pin-Chieh Chen, 2048850, 2B|UT
Taylor Snyder, 2803483, 2B|UT
Jax Biggers, 2932281, SS|UT
Ranfi Casimiro, 2821878, P
Kai Murphy, 29090985, OF|UT
Conor Larkin, 29092532, P
Emilker Guzman, 2835966, P
Richard Castillo, 2218071, P
C.J. Stubbs, 26911661, C|UT
Daniel Ozoria, 2829092, SS|UT
Sammy Natera, 29671052, P
Logan Ratledge, 2769145, SS|UT
Jose Pujols, 2211776, OF|UT
Ricky DeVito, 29682390, P
Braxton Davidson, 2135264, OF|UT
Connor Cooke, 29092531, P
Corey Taylor, 2599643, P
Carter Jensen, 26911662, C|UT
Jordan Sanchez, 29662364, OF|UT
Malik Collymore, 2185125, OF|UT
Dustin Dickerson, 29682357, SS|UT
Bradley Jones, 2734000, 3B|UT
Gabriel Rincones, 29075688, OF|UT
Josh Stephan, 29077647, P
Justin Lange, 26615396, P
DaShawn Keirsey, 2932845, OF|UT
Nolan Hoffman, 2932819, P
Jeferson Espinal, 26913038, OF|UT
Oscar Campos, 29091131, C|UT
Irv Carter, 26911817, P
Ben Sears, 29677732, P
Franco Aleman, 29085019, P
Austen Wade, 2837644, OF|UT
Cristian More, 29092533, OF|UT
Derian Cruz, 2507359, SS|UT
Griffin Roberts, 2837408, P
Devin Saltiban, 29322016, 2B|UT
Ethan DeCaster, 2932691, P
Jean Walters, 29343014, 2B|UT
Angel Perez, 2228495, OF|UT
Dylan Hall, 29091132, P
Beycker Barroso, 29085944, C|UT
C.J. Rodriguez, 26911663, C|UT
Robbie Baker, 29084410, P
Ulices Campos, 29088485, P
Andre Granillo, 29069377, P
Alexander Ramirez, 26635159, OF|UT
Ofelky Peralta, 2507507, P
Nick Decker, 2931930, OF|UT
Eduard Santos, 2171867, P
Yunesky Sanchez, 1666695, SS|UT
Wilfredo Pereira, 2825006, P
Allan Cerda, 26861428, OF|UT
Tanner Gordon, 28862951, P
Walker Jenkins, 29157418, OF|UT
Jonathon Long, 29342301, 1B|UT
Anderson Miller, 2507903, OF|UT
Keyner Benitez, 29662208, P
John Holobetz, 29676655, P
Evan Van Hoosier, 2171184, OF|UT
Osiris German, 2835917, P
Daniel Mateo, 29091599, OF|UT
Paul Voelker, 2169646, P
Aroni Nina, 2216693, P
Aldenis Sanchez, 2829128, OF|UT
Waner Luciano, 29342302, 3B|UT
Owen Kellington, 29632443, P
Aldemar Burgos, 2228083, OF|UT
Evan Shawver, 29676333, P
Caleb Lomavita, 29644226, C|UT
Jose Rosario, 2226307, 2B|UT
Trey Riley, 2933047, P
Kyle Johnson, 2120721, OF|UT
Breckin Williams, 3101513, P
Danny Lantigua, 2868319, OF|UT
Aaron Cox, 2798056, P
Jose Espada, 29086251, P
Josh Lester, 2921561, 1B|UT
Denny Bentley, 29352614, P
Tyler Depreta-Johnson, 3102404, SS|UT
Mike Wallace, 3107898, P
Alan Rangel, 2825293, P
Evan McKendry, 29077502, P
Dylan Shockley, 29088494, C|UT
Emmanuel Mejia, 28837076, P
Jonathon Crawford, 2066304, P
Erick Leal, 29086252, P
Herard Gonzalez, 2930869, 2B|UT
Aaron Ochsenbein, 29084587, P
Blake Burke, 29676714, 1B|UT
Stephen Nogosek, 3118589, P
Wesley Jones, 2227776, 2B|UT
Matt Keating, 29086555, P
Yandel Ricardo, 29339051, SS|UT
Hosea Nelson, 2804680, OF|UT
Nick Raposo, 29077089, C|UT
Connor Sabanosh, 2921529, C|UT
Yujanyer Herrera, 29662100, P
Zander Mueth, 29295984, P
Nick Snyder, 2837535, P
Skylar Hales, 29658254, P
Casey Golden, 2836924, OF|UT
Francisco Perez, 2825028, P
Corey Wimberly, 1662094, 2B|UT
Kyle Smith, 2053578, P
Alfredo Alcantara, 29686882, SS|UT
Abimelec Ortiz, 29322000, 1B|UT
Dawel Joseph, 29339052, SS|UT
Angel Mateo, 29683434, OF|UT
Rehiner Cordova, 2803300, 3B|UT
Peter Van Loon, 29675768, P
Esteban Gonzalez, 29087228, OF|UT
Mason Erla, 29075734, P
Tyler Viza, 2826525, P
Jorge Marcheco, 29321980, P
Jack Hartman, 29675786, P
Alek Jacob, 29066644, P
Brandon Birdsell, 29476136, P
Hunter Smith, 3094396, P
Bayden Root, 29686889, P
Angel Feliz, 29662407, SS|UT
Ronny Dominguez, 2822454, OF|UT
Caden Connor, 29692374, 1B|UT
Lucas Wepf, 29342365, P
Luis Pena, 2824975, P
Dillon Dobson, 2227636, SS|UT
Shane Smith, 29342344, P
Cesar Idrogo, 28843018, 1B|UT
Mateo Gil, 2932763, SS|UT
Nick Shaw, 1958606, 2B|UT
Chris Nunn, 2122296, P
Cooper Johnson, 3157028, C|UT
Colby Woodmansee, 2766206, SS|UT
Jonathan Machado, 2910620, OF|UT
Glynn Davis, 1947818, SS|UT
Noah Cardenas, 29087618, C|UT
Matt Cronin, 3165359, P
Shane Matheny, 2837179, 3B|UT
Enmanuel Zabala, 2797630, OF|UT
Mark Kolozsvary, 2837095, C|UT
Colton Becker, 29686883, SS|UT
Connor Hujsak, 29685395, OF|UT
Yunior Marte, 3095063, P
Wyatt Lunsford-Shenkman, 29676106, P
Heriberto Hernandez, 2930884, OF|UT
Brendan Durfee, 29680250, C|UT
Jared Sundstrom, 29658266, OF|UT
Hiro Wyatt, 29295958, P
Randal Diaz, 29678298, SS|UT
Jesse Bergin, 29678048, P
Jake Adams, 2836519, 1B|UT
Hunter Schryver, 2837483, P
Robert Henry, 2836981, OF|UT
Luis Ramirez, 2825259, P
Kody Eaves, 2171052, 2B|UT
Nick Zwack, 29077348, P
Jeyner Baez, 2750019, C|UT
Abrahan Ramirez, 29679125, 2B|UT
Jackson Glenn, 28841144, 3B|UT
Matt Rose, 2226048, 1B|UT
