Will Klein, 26911770, P
Enmanuel De Jesus, 2822254, P
Spencer Miles, 50037917, P
Anthony Nunez, 50036778, P
Peyton Pallette, 29075752, P
Jonathan Loaisiga, 2898233, P
Cole Wilcox, 3166988, P
Casey Legumina, 29033794, P
Ryan Watson, 29080198, P
Zach Pop, 2837356, P
Carter Baumler, 26615412, P
Christian Roa, 26615403, P
Walbert Urena, 29077682, P
Chris Roycroft, 29350513, P
Justin Bruihl, 26729168, P
Mason Fluharty, 29295991, P
Jorge Barrosa, 26615382, OF|UT
Jedixson Paez, 29660659, P
ref='/players/playerpage/2901324?o_pos=U'data-o_pos="U">Shohei Ohtani, 2901324?o_pos=U'data-o_pos="U">Shohei Ohtan, UT|P
Tristan Peters, 29077350, OF|UT
John Omahen, 2170033, P
CJ Gray, 50041197, P
Junior Fernandez, 2211785, P
Chase Mobley, 29644486, P
Carlos Guarate, 2931959, P
Joe Filomeno, 2227795, P
Luke Persico, 2921436, OF|UT
Jean Ramirez, 29085463, OF|UT
Konner Piotto, 29345623, C|UT
Tim Torres, 1741021, 3B|UT
Andrew Perez, 2933007, P
Malvin Pena, 26615453, P
Zane Russell, 29675453, P
Casey Opitz, 2837310, C|UT
Adrian De Horta, 3108967, P
Dalton Roach, 29077090, P
Jonathan Willems, 2826626, 2B|UT
Jared Southard, 29342346, P
Bryant Flete, 2226441, 2B|UT
Connor O'Halloran, 29321999, P
Matt Eckelman, 3095354, P
Elijah Hainline, 50043988, SS|UT
Matheu Nelson, 26719717, C|UT
Daniel Missaki, 29683094, P
Blake Rivera, 2837398, P
Mason Hickman, 29085158, P
Greg Cullen, 2932670, 2B|UT
Francisco Mendoza, 2171183, P
Thomas McIlraith, 3158248, P
Kevin Graham, 29084601, OF|UT
Jake Anchia, 2932265, C|UT
Ricky Vanasco, 2837628, P
Manny Rodriguez, 2933059, SS|UT
Jose Cabrera, 29675814, P
Cristian Hernandez, 26643918, SS|UT
Jansel Luis, 29321978, 2B|UT
Jake Scheiner, 2837473, 2B|UT
Bradley Malm, 29086404, 3B|UT
Nick Basto, 2171834, 3B|UT
Cade Smith, 29351817, P
Antonio Santos, 3151009, P
Max Belyeu, 50041311, OF|UT
Reinold Navarro, 50042247, P
Andrew Sopko, 2826017, P
Jeremy Reyes, 29662088, P
Michael Burgess, 1599600, OF|UT
B.J. Lopez, 2804511, C|UT
Miguel Perez, 2846113, OF|UT
Chad Stevens, 2837561, 2B|UT
Raynel Delgado, 2932695, 2B|UT
Antony Peguero, 29077587, OF|UT
Justin Meis, 29342307, P
Willie Abreu, 2915815, OF|UT
Nate Furman, 29360030, 2B|UT
Reid Johnston, 50044856, P
Brayan Hernandez, 2910621, OF|UT
Corbin Williams, 3107896, OF|UT
Nick Wissman, 29680255, P
Zane Taylor, 50041077, P
Tyler Filliben, 2171610, SS|UT
Carson Coleman, 28840202, P
Trevor Kelley, 2797616, P
Anthony Prato, 29073993, OF|UT
Matt Morgan, 2921517, C|UT
Marcus Chiu, 2836717, 2B|UT
Roismar Quintana, 26912482, OF|UT
Jose Curpa, 2829320, 2B|UT
Tristan Pompey, 2933024, OF|UT
Cade McGee, 29692990, 3B|UT
Ricardo Velez, 50044006, P
Andy Vasquez, 1812664, SS|UT
RJ Petit, 29086759, P
Luiyin Alastre, 29687794, 3B|UT
Luis Guerrero, 29089609, P
Collin Radack, 2171698, OF|UT
Quentin Young, 50041206, SS|UT
Jason Pineda, 2837350, 1B|UT
Wilfred Astudillo, 2828964, C|UT
D.J. Baxendale, 2059472, P
Jared Mckenzie, 29077343, OF|UT
Henry Williams, 29075698, P
Yemal Flores, 28846884, OF|UT
Carlos Linarez, 29089885, C|UT
Andrew Russell, 2049585, P
Bernie Martinez, 3158104, P
Luis Velasquez, 29342361, P
Demi Orimoloye, 2211804, OF|UT
Ben Norman, 29091649, OF|UT
Kellum Clark, 29350971, OF|UT
Juan Montero, 29687767, C|UT
Christian Williams, 2804220, 1B|UT
Nick Lorusso, 29675795, 3B|UT
Ben Madison, 2932897, P
Landon Harper, 29679117, P
Jhon Torres, 2829160, OF|UT
J.P. Sportman, 2170515, OF|UT
Nelson Molina, 2915617, 3B|UT
Declan Cronin, 29078827, P
Nellie Rodriguez, 2169707, 1B|UT
Logan Taylor, 2837592, OF|UT
Cade Bunnell, 28839450, 2B|UT
Keith Curcio, 2170372, OF|UT
Ben Troike, 3158075, SS|UT
Luis Silverio, 2746789, OF|UT
Jake Ring, 2915595, OF|UT
Gabriel Barbosa, 50044068, P
Preston Scott, 2804929, OF|UT
Theo Hardy, 29688605, SS|UT
Jeff Gelalich, 2044554, OF|UT
Jacob Watters, 29075705, P
Yohandy Morales, 29295897, 1B|UT
Brandon Komar, 29680343, P
Julian Aguiar, 29295931, P
Gabriel Rodriguez, 50044775, OF|UT
Derek Datil, 50044678, OF|UT
Jose Monzon, 29686865, SS|UT
Jonah Arenado, 2227779, 3B|UT
Jack Weisenburger, 26911776, P
Michael Lombardi, 50041314, P
Johnny Ray, 29344256, P
Tyler Callihan, 3175014, OF|UT
Joey Stock, 29084161, P
Dalvinson Reyes, 29660661, P
Dillon Head, 29153557, OF|UT
Juniel Querecuto, 1959743, 3B|UT
Angel Cuenca, 29687312, P
Dylan Phillips, 29350974, P
Matt Fraizer, 26747026, OF|UT
Bryce Warrecker, 29342364, P
Jack Ralston, 50043099, P
Whit Mayberry, 2169991, P
Erick Brito, 28846881, SS|UT
Franklin Rollin, 2794807, 2B|UT
Kameron Esthay, 2836848, OF|UT
Joseph Zanghi, 2826721, P
Josh Owens, 50041223, 2B|UT
Noe Toribio, 2829156, P
Ryan Anderson, 29342218, P
Yerald Nin, 50044699, SS|UT
Billy Lescher, 2837126, P
Erick Pinales, 29342397, P
Simon Juan, 29077681, OF|UT
Davis Wendzel, 3117942, 3B|UT
Luis Ledo, 2823822, P
Daniel Robert, 2837406, P
AJ Lewis, 28838088, C|UT
Cristopher Espinola, 29683091, OF|UT
Pascanel Ferreras, 29658252, 2B|UT
Jakson Reetz, 2167503, C|UT
Chase Vallot, 2135270, C|UT
Adrian Salcedo, 2121437, P
Jose Baez, 29087645, SS|UT
Max Wagner, 29075739, 3B|UT
Miguelangel Sierra, 2507360, SS|UT
Ali Sanchez, 2766203, C|UT
Alex Iadisernia, 29342283, OF|UT
Scott Kapers, 2932844, C|UT
Jim Haley, 2921500, 3B|UT
Marcus Littlewood, 2169710, C|UT
Jonah Davis, 2932679, OF|UT
Nelson Jorge, 2740417, 2B|UT
Max McDowell, 2772559, C|UT
Max George, 2226661, C|UT
Jack Mahoney, 29295972, P
Connor Owings, 2747493, 2B|UT
Ben Wright, 2921091, P
Bryce Bonnin, 2836625, P
Donavan Tate, 1739602, OF|UT
Tyler Schoff, 29686467, P
Raudel Lazo, 2042432, P
Ethan Roberts, 2933050, P
Yoniel Curet, 29292533, P
Zach Watson, 26615383, OF|UT
Sam Long, 26635153, P
Bobby Honeyman, 3094733, SS|UT
Ryan Kellogg, 3094351, P
Mike Walsh, 29679429, P
Trent Harris, 29662260, P
Tayler Scott, 2825846, P
Jeff Ames, 2006999, P
Juan Abreu, 29085017, P
Seth Stephenson, 29086260, OF|UT
David Garner, 2822912, P
Dustin Dickerson, 29682357, SS|UT
Austin Athmann, 2915685, C|UT
Ruddy Giron, 2211757, 3B|UT
Byron Chourio, 29321909, OF|UT
Austin Wright, 2118735, P
Deivid Coronil, 50042268, 3B|UT
Ben Jacobs, 50041107, P
Chad Christensen, 2171607, 1B|UT
Jairo Beras, 2053472, P
John Stilson, 2043265, P
Stephen Nogosek, 3118589, P
Terance Marin, 2171880, P
Helcris Olivarez, 2830125, P
Jonathon Crawford, 2066304, P
Angel Ventura, 2826460, P
James Teague, 2915683, P
Dillon McNamara, 2824294, P
Andrew Gross, 28838022, P
Nick Quintana, 3157902, 3B|UT
Christopher Suero, 29676059, C|UT
Tanner English, 2227626, OF|UT
Edgar Alvarez, 29683090, 1B|UT
Layant Tapia, 29090135, SS|UT
Mark Serrano, 1960791, P
Joseph Dzierwa, 50041084, P
Neil Holland, 2122175, P
Blake Tiberi, 2766205, 3B|UT
Joey DeNato, 2921391, P
Luis Vargas, 50044337, P
Arturo Nieto, 2921621, C|UT
Edgar Isea, 29687807, P
Adrian Santana, 29153563, SS|UT
Chavez Young, 3095673, OF|UT
Michael Barash, 2663786, C|UT
Grant Gambrell, 26615448, P
Joantgel Segovia, 2228453, OF|UT
Gage Boehm, 29676685, P
Justin Dirden, 28837561, OF|UT
Isaiah Jackson, 50037903, OF|UT
Hector Vargas, 2223642, 2B|UT
Ching-Hsien Ko, 29662261, OF|UT
Blake Bass, 3104014, P
Tony Pena, 2824982, OF|UT
Kyle DeBarge, 29658249, 2B|UT
Tyler Stasiowski, 29686523, P
Leonardo Seminati, 28837773, 1B|UT
Jhonny Piron, 26643929, OF|UT
Tim Shibuya, 2788550, P
Michael Costanzo, 28842389, P
Tyler Viza, 2826525, P
Luis Jean, 2227182, SS|UT
Noah Skirrow, 29084160, P
Alex Phillips, 29087214, P
Cole Miller, 29321986, P
Edgar Navarro, 2930960, P
Steven Sensley, 2837499, 1B|UT
Paul Gervase, 29342262, P
Enrique Jimenez, 29321955, C|UT
Tyler Skulina, 2135330, P
Rylan Kaufman, 2837066, P
Rafael Ramirez, 29088927, 2B|UT
Caleb Knight, 29360034, C|UT
Jonathan Cluff, 3158358, OF|UT
Kenny Piper, 29092499, C|UT
Scott Griggs, 2750313, P
Justin Jarvis, 2932831, P
Michael Horrell, 28839451, P
Gabe Mosser, 29342315, P
Armani Smith, 26615362, OF|UT
Nolan Clenney, 29086246, P
Brendan White, 28838955, P
Jorge Corona, 50044979, C|UT
Jose Pena Jr., 50043969, P
D'Arby Myers, 2048864, OF|UT
Seth Lonsway, 2837140, P
Kyle Nicolas, 26615404, P
Ryan Burrowes, 29077680, 2B|UT
Sandro Santana, 50044474, P
Matt Milburn, 3152833, P
Jared Lakind, 2592851, P
Feldi Tavarez, 50044966, C|UT
Chris Betts, 3077689, C|UT
Hayden Cantrelle, 2836691, 2B|UT
Drew Compton, 29692324, 3B|UT
Dario Pizzano, 2119292, OF|UT
Jared Serna, 29322022, SS|UT
Enyervert Perez, 50041365, 1B|UT
Brad Schreiber, 2122258, P
Braulio Lara, 2029073, P
Jackson Kent, 29644478, P
Austin Gordon, 29674777, P
Miguel Hernandez, 50044998, SS|UT
Wilber Sanchez, 28837107, SS|UT
Ruben Ibarra, 29684932, 1B|UT
Carlos Ramirez, 1741386, C|UT
Jordan Guerrero, 3157974, P
Joe Vogatsky, 50044012, P
Zack Qin, 29660660, P
Garrett Boulware, 2170132, C|UT
Jiwan James, 1955137, OF|UT
Jared Jones, 50041212, 1B|UT
Aron Estrada, 29662383, 2B|UT
Hans Montero, 29681944, 3B|UT
Alex Amalfi, 29679043, P
Xavier Fernandez, 2227128, C|UT
James Free, 29085482, C|UT
Andrew Schultz, 28840614, P
Michael Brooks, 50044908, SS|UT
Joel Seddon, 2825854, P
L.J. Talley, 28839454, 2B|UT
Devin Ortiz, 50043839, 3B|UT
Tyson Guerrero, 29360031, P
Jordan Rodgers, 2837418, 3B|UT
Deivis Nadal, 29088492, 2B|UT
Johan Belisario, 2170275, P
Camden Duzenack, 2836833, SS|UT
Holden Laws, 2932869, P
Mark Coley II, 29350507, OF|UT
Drew Weeks, 2226846, OF|UT
Matthew Barefoot, 26911713, OF|UT
Tristen Lutz, 2837149, OF|UT
Ubaldo Soto, 29662106, P
Nolan Schubart, 50041310, OF|UT
Kyle Johnston, 2837050, P
Darlin Saladin, 29660496, P
Josh Kasevich, 29075717, SS|UT
Aidan Anderson, 29350970, P
Chase Costello, 29676017, P
Michael Alfonso, 28846902, P
Alex Clemmey, 29295954, P
Nick Routt, 2509402, P
Brett McKinney, 2731206, P
Keithron Moss, 26615329, 2B|UT
Joe Bennie, 2171876, 2B|UT
Angelo Gumbs, 2026910, 2B|UT
Tanner Jesson-Dalton, 28862950, P
Josh Blum, 50043922, P
Demetrio Crisantes, 29417287, 2B|UT
Mason Auer, 28843202, P
Brian Van Belle, 29342360, P
Shane McCain, 2171841, P
Brandon Pimentel, 29692991, 1B|UT
Tito Polo, 2122072, OF|UT
Travis Banwart, 1813270, P
Silvano Hechavarria, 50042289, P
Conor Grammes, 29075512, P
Gabriel Maciel, 3077720, OF|UT
Nathan Bannister, 2821409, P
Kristian Trompiz, 2826317, 2B|UT
Ryne Slack, 2121103, P
Troy Miller, 29085039, P
Reid Birlingmair, 29342229, P
Daniel Gonzalez, 2915586, P
Chandler Seagle, 2837490, C|UT
TJ Ford, 50044471, OF|UT
Raymond Mola, 50044836, OF|UT
Ivan Pineyro, 2763377, P
Jose Geraldo, 29686705, P
Wade Stauss, 29077091, C|UT
Antonis Macias, 50044113, 2B|UT
Joey DeMichele, 2044488, 2B|UT
Alex Scherff, 2837475, P
Eric Torres, 28837792, P
Tyler Wilson, 29683719, OF|UT
Andy Sugilio, 2915696, OF|UT
Richard Guasch, 29087583, P
Ryder Green, 2932781, OF|UT
Brian Hernandez, 1959505, 3B|UT
Evan Kruczynski, 2837098, P
Daniel Vellojin, 26912428, C|UT
Todd Glaesmann, 1954083, OF|UT
Brandon Valenzuela, 2931064, C|UT
Jesus Baez, 29077625, SS|UT
Tyler Selesky, 2804031, 3B|UT
Chad Donato, 3094748, P
Izaac Pacheco, 26911685, 3B|UT
Brian Howard, 2837010, P
Omar Cruz, 26615433, P
Mason Fox, 26635148, P
Joshua Kuroda-Grauer, 29644435, SS|UT
Steve Perakslis, 2049025, P
Angel Ortiz, 29677763, OF|UT
Hector Nieves, 28837564, SS|UT
Eduardo Guerrero, 50044758, SS|UT
Starling Heredia, 2507502, OF|UT
Albert Fabian, 50044686, 3B|UT
Cristian Paulino, 2227793, OF|UT
Gabriel Hughes, 28920013, P
Landon Marceaux, 26911788, P
Marcos Tineo, 2830262, P
Randy Ventura, 2826469, 2B|UT
Nate Griep, 2919943, P
Juan Kelly, 2921037, C|UT
Luke Albright, 29084600, P
Luis Lopez, 3108232, SS|UT
Anderdson Rojas, 29683327, OF|UT
Michael Morales, 26911809, P
Connor Kokx, 28838069, OF|UT
Jack Kartsonas, 50044281, P
Michael Medina, 2171420, OF|UT
Ryan Peurifoy, 3101957, OF|UT
Madison Stokes, 2933126, SS|UT
Edwin Espinal, 2171100, 1B|UT
Jason Ruffcorn, 29676332, P
Robinson Pina, 2829108, P
Parker Bates, 29083997, OF|UT
Logan Baldwin, 2836564, OF|UT
Landon Beidelschies, 50041081, P
Juaron Watts-Brown, 29322046, P
Kaleb Wing, 50041089, P
Brady Choban, 29675828, P
Brock Selvidge, 26911801, P
Rob Kaminsky, 2066310, P
Quincy Hamilton, 28838276, OF|UT
Carter Johnson, 29644433, SS|UT
Kevin Coulter, 28838882, P
Keegan Curtis, 26912465, P
Caden Powell, 50041113, SS|UT
Moises Castillo, 2821909, SS|UT
Matt Williams, 2052556, SS|UT
Brett Netzer, 2837290, 2B|UT
Aaron Davenport, 29676341, P
Jarryd Dale, 28840657, UT
Osvaldo Tovalin, 28846868, 3B|UT
Lucas Mahlstedt, 50044441, P
Stephen Wrenn, 2507196, OF|UT
Josh Bostick, 29658244, P
Cole Stapler, 2837553, P
Austin Rei, 2912182, C|UT
Patricio Aquino, 29321882, P
Luis Gonzalez, 2932773, P
Victor Jesus Acosta, 26643924, SS|UT
Brandon Koch, 2211746, P
Argenis Angulo, 2821257, P
Ismael Salgado, 1962827, OF|UT
Jason Schiavone, 50044115, C|UT
Matt Ball, 3103667, P
Kyle Keller, 3055521, P
Jin-De Jhang, 1961786, C|UT
Bryson Worrell, 29349537, OF|UT
Juan Hillman, 2211242, P
Kyle Hess, 29683711, OF|UT
German Ramirez, 29676054, SS|UT
LJ McDonough, 50043872, P
Torin Montgomery, 29090729, 1B|UT
Jack Hurley, 29295917, OF|UT
Jorma Rodriguez, 2803672, SS|UT
Jean Cabrera, 29077623, P
Starlyn Nunez, 50044862, 3B|UT
Zach Shank, 2227208, 3B|UT
Brian Loconsole, 2171120, P
Jesus Gonzalez, 29088945, P
Aldenis Sanchez, 2829128, OF|UT
Ryan Ramiz, 3102101, OF|UT
Douglas Glod, 29077598, OF|UT
Robert Robertis, 29091329, OF|UT
Tommy Sacco, 29089441, SS|UT
Zach Messinger, 29087585, P
Jack Little, 29669222, P
Michael Nix, 1587074, P
Jonathan Linares, 50044479, C|UT
Jose Marte, 2824108, P
Manuel Beltre, 26643936, SS|UT
Omar Hernandez, 29090984, C|UT
Junior Garcia, 3157963, P
Domingo Gonzalez, 29085031, P
Andrew Baker, 29069953, P
Luarbert Arias, 29342221, P
Kelvis Salcedo, 50042281, P
Sean Godfrey, 2169883, OF|UT
Henry Baez, 29657141, P
Jordyn Adams, 2942977, OF|UT
Jeffrey Baez, 2794796, OF|UT
Luke Holman, 29632448, P
Leonardo Taveras, 2830141, P
Rylan Bannon, 2836567, 2B|UT
Zach Rutherford, 2837449, SS|UT
Jeremy Vasquez, 2837631, 1B|UT
Jean Pinto, 29322007, P
Fenwick Trimble, 29679126, OF|UT
Fernando Kelli, 2823664, OF|UT
Nicolas Perez, 29693052, SS|UT
Colton Davis, 2921034, P
Ben Turner, 2114070, C|UT
Teddy Stankiewicz, 2066812, P
Gabriel Quintana, 2050730, 3B|UT
Leonardo Molina, 2167357, OF|UT
Yohander Martinez, 28838046, SS|UT
Ben Klimesh, 2170149, P
Spencer Bramwell, 50045005, C|UT
Juan Benjamin, 29355137, 2B|UT
Yoander Rivero, 28842451, SS|UT
Mark Washington, 2837660, P
Bryce Cunningham, 29644467, P
Nestor Miranda, 29662385, 3B|UT
Pres Cavenaugh, 29086580, OF|UT
Bryson McArn, 50044498, SS|UT
Kyle Survance, 2915543, OF|UT
Jacob Buchberger, 29092494, 3B|UT
Kyle Wilcox, 29085050, P
Cayne Ueckert, 28837047, P
Chris Veach, 50044466, P
Carlos Guzman, 2823182, P
Danny Diekroeger, 2171862, 3B|UT
Dillon Moyer, 2171044, SS|UT
David Shields, 29644494, P
Javier Betancourt, 2121065, SS|UT
Jason Hagerty, 1793608, C|UT
Albert Suarez, 2829147, SS|UT
Miguel Sime, 50041363, P
David Sandlin, 29295959, P
Nick Kennedy, 2837072, P
Aramis Ademan, 2821100, SS|UT
Miguel Hiraldo, 3077709, 2B|UT
Nicholas Vizcaino, 2693481, 1B|UT
Ranyelmy Mendoza, 2119343, OF|UT
Joe Sever, 2120602, 2B|UT
Ethan Lindow, 2837132, P
Mahki Backstrom, 26615324, 1B|UT
Ivan Brethowr, 29675181, OF|UT
Brandon Downes, 2226896, OF|UT
Jonah Advincula, 29680248, OF|UT
Nick Banks, 2507328, OF|UT
Jose Franco, 50036772, P
Boston Baro, 29658279, SS|UT
Kasen Wells, 50044690, OF|UT
Alec Sole, 2171417, SS|UT
Argenis Cayama, 50042284, P
Colby Suggs, 2066838, P
Jeral Toledo, 28843227, SS|UT
Mike Jarvis, 29085034, SS|UT
Brett Bateman, 29342224, OF|UT
Chandler Marsh, 50044408, P
Jose Flores, 1787652, P
Lisbel DIaz, 29684941, OF|UT
Logan VanWey, 29091448, P
Romer Cuadrado, 2822186, OF|UT
Leo Heras, 2114139, OF|UT
Estanli Castillo, 28846847, OF|UT
Frank Rubio, 2837440, P
Ryan Weingartner, 50043961, SS|UT
Mitch White, 50044971, P
Bryant Packard, 3152052, OF|UT
Wyatt Crenshaw, 29348146, OF|UT
Jared Sundstrom, 29658266, OF|UT
Junior Franco, 28842638, OF|UT
Ty Washington, 2797628, 2B|UT
Greg Nappo, 2117126, P
Peter Kussow, 50041328, P
Bryan Rincon, 29088880, SS|UT
Anthony Dirocie, 3094750, OF|UT
Wil Dalton, 28838953, OF|UT
Michael Matuella, 2805122, P
Ben Krauth, 3095383, P
Josh Stephan, 29077647, P
Andrew Moore, 29342313, P
Yohendry Sanchez, 29662455, C|UT
Cutter Dykstra, 1665383, OF|UT
Shane Zeile, 2170499, C|UT
Calvin Coker, 2932643, P
Chester Pimentel, 27022853, P
Luke Fox, 50043946, P
Jesus Freitez, 50044829, C|UT
Shalin Polanco, 26643921, OF|UT
Edwin Quirarte, 2049202, P
Lucas Gilbreath, 2836915, P
Kendall George, 29153565, OF|UT
Edgar Escobar, 29085026, P
Juan Burgos, 29342236, P
Blake Perry, 2226905, P
Aaron Bracho, 3152045, 2B|UT
Randal Diaz, 29678298, SS|UT
Brady Ebel, 50009362, SS|UT
Erich Weiss, 2171097, 2B|UT
Dom Thompson-Williams, 3083970, OF|UT
Pete Hansen, 29075751, P
Seth Corry, 2836746, P
Danyer Sanabria, 28847206, OF|UT
John Gorman, 2921571, P
A.J. Vukovich, 26615336, OF|UT
Tyler Webb, 3157922, SS|UT
Gavin Turley, 50037905, OF|UT
Luke Sinnard, 29644448, P
Will Childers, 29676683, P
Jesse Wainscott, 29676030, P
John Bertrand, 50043893, P
Drew Stankiewicz, 3095368, 2B|UT
Stephen Landazuri, 2166759, P
Taylor Snyder, 2803483, 2B|UT
Bryson Brigman, 2447623, SS|UT
Gabe Craig, 50041337, P
Alfredo Alcantara, 29686882, SS|UT
Nick Roselli, 29683714, 2B|UT
Junior Sanquintin, 29090133, SS|UT
Jesse Berardi, 2836603, SS|UT
Chantz Mack, 2791769, OF|UT
Justin Maese, 2453425, P
Caleb Ricketts, 29295888, C|UT
Starlin Aguilar, 26912848, 3B|UT
Brandon Van Horn, 3107684, SS|UT
Chase Jessee, 50043782, P
Rashad Crawford, 2228213, OF|UT
Alberto Mineo, 2801260, C|UT
John Kuchno, 2171825, P
Cesar Prieto, 28842426, 2B|UT
Danny Gutierrez, 1735904, P
Jose Medina, 2227216, OF|UT
Troy Bacon, 2836558, P
Ricky Eusebio, 2794804, OF|UT
Stephen Wickens, 2121137, SS|UT
Luis Baez, 29170741, OF|UT
Jancarlos Cintron, 2836720, 2B|UT
Dalton Pence, 50041357, P
Ryan Cook, 2822092, P
Joan Martinez, 2824156, P
James Pugliese, 2734419, P
Andrew Pintar, 29070454, OF|UT
Adam Laskey, 29680497, P
Yiddi Cappe, 26643920, 2B|UT
Jose Velez, 2227745, P
Osvaldo Berrios, 2836605, P
Dylan Ross, 50028318, P
Lucas Tancas, 2837587, 1B|UT
Kendall Williams, 3151908, P
Gabriel Jackson, 29342285, P
J.C. Rodriguez, 2774626, 2B|UT
Jon Matthews, 2227632, OF|UT
Cole Bartlett, 2836575, P
Chesny Young, 2226051, 2B|UT
Michael Gigliotti, 2836913, OF|UT
Austin Smith, 29685398, P
William Fleming, 29342256, P
Bryan Andrade, 50044648, 3B|UT
Dylan File, 2836866, P
Bladimir Restituyo, 26615385, OF|UT
Pedro Rodriguez, 2170722, P
Anthony Mulrine, 26635155, C|UT
Mike Antico, 28840172, OF|UT
Ryan Lawlor, 3158298, P
Ewry Espinal, 29090977, 1B|UT
Samuel Munoz, 29321994, OF|UT
Luke Murphy, 29075731, P
Imanol Vargas, 29692383, 1B|UT
Mike McCarthy, 2118854, P
Kade Kern, 29342651, OF|UT
Daniel Lockhart, 1963328, 3B|UT
Zack Draper, 2836824, P
Michael Koval, 2915892, P
Anthony Gutierrez, 28839807, OF|UT
Tyler Davis, 29684940, P
Yendry Rojas, 29077689, 2B|UT
Eric Rataczak, 50044507, 1B|UT
Nerio Rodriguez, 2839284, C|UT
Sean Isaac, 2921003, P
Austin Sodders, 2915538, P
Angel Sanchez, 1959497, P
Carson Rucker, 29322015, 3B|UT
Uziel Viloria, 28846889, SS|UT
Denyi Reyes, 2825336, P
Jhonathan Diaz, 2822412, P
Jamison Hill, 29084176, P
Jhonny Pereda, 2825002, C|UT
Jack Wynkoop, 2826673, P
Adam Hall, 2836953, OF|UT
Gabriel Rodriguez, 29689773, SS|UT
Jake Miller, 50043091, P
Thomas Farr, 26911761, P
Jason Creasy, 2733998, P
Ashe Russell, 2184465, P
Alfred Vega, 29676662, P
Jerrick Suiter, 2228430, OF|UT
Mason Morris, 50041096, P
Sam Shaw, 50041225, 2B|UT
Rowdey Jordan, 28842585, OF|UT
Logan Berrier, 50044604, P
Mark McLaughlin, 29687778, P
Nomar Fana, 29688603, OF|UT
Alex Pham, 29295939, P
Sean McLain, 29086584, SS|UT
Brian Burgamy, 549243, 2B|UT
Felix Reyes, 28843151, OF|UT
Esteban Gonzalez, 29087228, OF|UT
Tyler McDonough, 26911707, OF|UT
Brady Afthim, 50045017, P
Andrew Jenkins, 29678052, 1B|UT
Diego Gonzalez, 29693194, 3B|UT
T.J. Weir, 2227752, P
Diego Infante, 2829357, OF|UT
Patrick Leonard, 2121871, 1B|UT
Dylan Jasso, 29686863, 3B|UT
Gerson Montilla, 2118829, 2B|UT
Spencer Herrmann, 2915884, P
Matthew Tippie, 50043763, P
Alberth Palma, 50044773, SS|UT
Camden Troyer, 50043960, OF|UT
Clay Dungan, 3158250, SS|UT
Nathaniel Hickey, 26911629, 1B|UT
Eduardo Garcia, 28843016, SS|UT
Abel Mercedes, 50044970, P
Kyle Robinson, 29644490, P
Anderson Paulino, 29342322, P
Silas Ardoin, 29075772, C|UT
Travis Adams, 29616033, P
Benjamin Gross, 28837089, P
Manuel Castro, 29676026, P
Michael Snyder, 29676295, 3B|UT
Matt Dean, 2216806, 1B|UT
Alaska Abney, 29092523, P
Cameron Wynne, 29342369, P
Zavier Warren, 26615320, OF|UT
Bryan Evans, 2117050, P
Sadbiel Delzine, 50042280, P
Will Frizzell, 29075793, 1B|UT
Payton Henry, 2910601, C|UT
Fidel Pena, 2171837, 3B|UT
Drew Gray, 29075525, P
Luke Stofel, 50044077, P
Andrew Walling, 50043067, P
Steve Hajjar, 26911797, P
Ruben Castro, 2921389, C|UT
Brett Roberts, 29360059, SS|UT
Chris Jensen, 2915545, P
Robert Benincasa, 2120238, P
Kehden Hettiger, 29321948, C|UT
Johendi Jiminian, 2228484, P
Michael Jensen, 2169800, P
Cesar Gomez, 29085030, P
Matthew Alifano, 29089883, 3B|UT
Chad Spanberger, 2837542, OF|UT
Garabez Rosa, 2119720, SS|UT
Dayeison Arias, 2829300, P
Randolph Gassaway, 2804028, 1B|UT
William English, 2932718, P
Jonathan Piron, 2228439, 2B|UT
Bryce Madron, 29692596, OF|UT
Mike Salvatore, 3158364, P
Jacob Bimbi, 50044564, P
Amos Willingham, 29085051, P
Kelvin Alcantara, 29693191, OF|UT
Hemmanuel Rosario, 29087627, C|UT
Cory Thompson, 28840628, SS|UT
Todd Lott, 28842450, OF|UT
Philip Abner, 29693032, P
Antonio Knowles, 29089077, P
David Leal, 29680253, P
Clay Helvey, 29086581, P
Angel Franco, 2048677, 2B|UT
Landon Sims, 29075726, P
Brendan Tunink, 50041319, OF|UT
Travis Hissong, 2744040, P
Austen Wade, 2837644, OF|UT
Chase McDonald, 2803409, 1B|UT
Larry Martinez, 50045059, C|UT
Juan Gonzalez, 2209465, P
Rodney Boone, 29676340, P
Chad Sedio, 2921041, SS|UT
Lorenzo Quintana, 2915789, C|UT
Luke Adams, 29088537, 1B|UT
Dwanya Williams-Sutton, 2933199, OF|UT
Tristan Stivors, 29089080, P
Starlyn Caba, 29321904, SS|UT
Slate Alford, 50044440, 3B|UT
Bill Sullivan, 2837578, P
Josh Maciejewski, 2932894, P
Abraham Gutierrez, 3077691, C|UT
Rikelbin De Castro, 26913036, 2B|UT
Chase Johnson, 3156996, P
Brendan Beck, 26911800, P
Josh Tobias, 2211807, 2B|UT
Paul Hoenecke, 2052597, 3B|UT
Albertus Barber, 29091596, P
Antonio Lamas, 2045876, SS|UT
Jacob Wallace, 26615455, P
Cody Morse, 50044080, P
Jimmy Lambert, 3083186, P
Narbe Cruz, 29089440, SS|UT
Mason Erla, 29075734, P
Bobby Ison, 2171171, OF|UT
Dariel Gomez, 2822995, 1B|UT
Tyler Bradt, 29681597, P
Nick Mondak, 29686499, P
Michel Triana, 29085465, 3B|UT
Frankie Tostado, 2837608, OF|UT
Brailyn Antunez, 50042277, OF|UT
Asbel Gonzalez, 29660109, OF|UT
Wei-Chieh Huang, 2823456, P
Parks Harber, 29683710, 3B|UT
Brock Jones, 29075486, OF|UT
Thomas Coyle, 2043828, 2B|UT
Garrett Schoenle, 2837481, P
Frank Lopez, 2227131, P
Kit Scheetz, 3093905, P
Dylan Rheault, 3152859, P
Charles McAdoo, 29404846, 3B|UT
Dylan Wilson, 29662213, P
Hendrik Clementina, 2822030, C|UT
Grant Kipp, 29675455, P
Connor Sabanosh, 2921529, C|UT
Gleider Figuereo, 29077612, 3B|UT
Eric De La Rosa, 2932685, OF|UT
Jake Paulson, 2804238, P
Anthony Arguelles, 29692982, P
Bailey Horn, 29080903, P
Harrison Ray, 28842152, SS|UT
Zach Evans, 29680495, SS|UT
Andres Sthormes, 2826079, C|UT
Christian Martin, 29689747, 2B|UT
Taylor Dollard, 26911811, P
Hamlet Marte, 2218073, C|UT
Jose Rosario, 2226307, 2B|UT
Sean Sullivan, 29295961, P
Jimmy Reyes, 2052592, P
Ayden Johnson, 29669158, SS|UT
Reagan Todd, 28837130, P
Michael Smith, 2837528, OF|UT
Lebarron Johnson, 50041103, P
Wilfred Veras, 26912490, OF|UT
Jhon Peluffo, 3158102, P
Brandon Alger, 2170011, P
Aldalay Kolokie, 50044539, OF|UT
Amador Arias, 2828962, 3B|UT
Chris Givin, 28842422, 2B|UT
Luis Mendez, 2171293, 3B|UT
Alexander Alberto, 50043454, P
Luis Pintor, 2921609, SS|UT
Josh Trentadue, 50041355, P
Zach Barnes, 29353870, P
Merphy Hernandez, 50044956, OF|UT
Reynaldo Rivera, 2837403, 1B|UT
Hagen Danner, 2836779, P
Larry Ernesto, 26615387, OF|UT
Brayan Perez, 26635157, P
Moises Lugo, 2830240, P
Matt Scheffler, 29079966, C|UT
Yeuris Jimenez, 29692173, P
Emanuel Luna, 50043813, OF|UT
Landon Tomkins, 50043959, P
Marcus Evey, 2932725, P
Corey Baker, 2734288, P
Juan Then, 2829153, P
Werner Blakely, 26615352, OF|UT
Jeff Howell, 1660447, C|UT
Antonio Jimenez, 29342287, P
Aaron Rozek, 29342334, P
Colin Peluse, 26911739, P
Frank Duncan, 2592848, P
Spencer Stockton, 29084572, P
Luis Aviles, 2746790, SS|UT
Nelson Alvarez, 29360015, P
Brady Puckett, 2837363, P
Jordan Smith, 2052584, 3B|UT
Osiris Johnson, 2931977, OF|UT
Stevie Emanuels, 29342252, P
Will Ethridge, 26615419, P
Daniel Pinero, 2794534, SS|UT
Zach Swanson, 29644502, P
Tayler Aguilar, 29084386, OF|UT
Franklin Torres, 2826284, SS|UT
Alejandro Hidalgo, 26913412, P
Hayden Harris, 29342270, P
Sir Jamison Jones, 50041227, C|UT
Jose Espada, 29086251, P
Jake Stinnett, 2453264, P
Alex Klonowski, 2823714, P
Landon Hodge, 50041092, C|UT
Moises Perez, 2825050, SS|UT
Colby Woodmansee, 2766206, SS|UT
Tanner Gillis, 50043888, P
Samuel Miranda, 2824453, C|UT
Roderick Arias, 28839805, SS|UT
Hunter Bishop, 3117482, OF|UT
Billy Amick, 29644411, 3B|UT
Xorge Carrillo, 2122176, C|UT
Keon Barnum, 2052694, 1B|UT
Petey Halpin, 26615370, OF|UT
Carlos Sanchez, 29322017, SS|UT
Sean Hermann, 29075769, P
Jeremy Kehrt, 2118870, P
Joey Mancini, 29675769, P
Jorge Reyes, 1946523, P
Nate Nankil, 29678056, OF|UT
Joe Rogers, 2227625, P
Jack Dallas, 2830066, P
Johnathan Lavallee, 29675776, P
David Walker, 2226324, OF|UT
Chase Plymell, 29342326, P
Tanner Schobel, 29075776, 3B|UT
Rafe Perich, 50044139, 3B|UT
T.J. Bennett, 2821527, 3B|UT
Christian Chamberlain, 29088721, P
Antonio Nunez, 2824700, SS|UT
Brandon Wagner, 3095754, 3B|UT
Mike Boeve, 29295893, 1B|UT
Wyatt Young, 28840775, SS|UT
Matt O'Neill, 28842587, C|UT
Jordan Brink, 27022494, P
Karch Kowalczyk, 2823729, P
Aaron Palensky, 29086558, OF|UT
Kelly Austin, 50044142, P
Drake Fellows, 29687763, P
Nicolas Cruz, 29679113, P
PJ Morlando, 29426045, OF|UT
Marcus Johnson, 29077347, P
Kevin Bazzell, 29644414, C|UT
Ricky DeVito, 29682390, P
Eddy Rodriguez, 29348841, OF|UT
Anthony Vilar, 29672113, C|UT
Randy Guzman, 50044075, 1B|UT
Eric Loomis, 50043065, P
Peter Heubeck, 26911795, P
Dax Fulton, 26660164, P
Ryan Hawks, 29677753, P
Calvin Bickerstaff, 50043917, P
Tyler Pike, 2044545, P
Ty Damron, 3158463, P
Eduardo Beltre, 29662332, OF|UT
Isaiah Barkett, 50044418, 3B|UT
Riley Gowens, 50043778, P
Tyler DeLoach, 2218067, P
Adam Hill, 2932815, P
Lorenzo Cedrola, 2507495, OF|UT
Michael De Leon, 2121232, SS|UT
Garrett Schilling, 2837476, P
Montrell Marshall, 2915695, SS|UT
Cameron Weston, 50043263, P
Yassel Pino, 28843188, 3B|UT
Frank Rodriguez, 50044273, C|UT
Haylen Green, 29089075, P
Ricardo Pinto, 2167461, P
Justin Campbell, 29075722, P
Carlos Mesa, 2118879, OF|UT
Matthew Hardy, 2846712, P
Tommy McCollum, 29088724, P
Alex Binelas, 26911679, 1B|UT
John Parke, 2837322, P
Tyler Jones, 2504133, P
Dan Rizzie, 3094751, C|UT
Gage Hinsz, 2453281, P
Yoel Mecias, 2167301, P
Ryan January, 2506927, C|UT
Abdias De La Cruz, 29077583, OF|UT
Riley Martin, 29342303, P
Josh Martin, 2211469, P
Frank Nigro, 29087625, C|UT
Dylan Unsworth, 2226788, P
Stharlin Torres, 50042243, P
Victor Garcia, 29686899, P
Jacob Zanon, 2788420, OF|UT
Cole Gabrielson, 29351813, OF|UT
Randy Reyes, 2171286, OF|UT
Reed Harper, 2804212, 2B|UT
Mario Camilletti, 29678307, 2B|UT
Arvicent Perez, 2169647, C|UT
Anthony Simonelli, 29360060, P
Dawel Joseph, 29339052, SS|UT
Carlos Martinez, 2228444, C|UT
Tucker Bradley, 26913032, OF|UT
Isaiah Coupet, 29321910, P
Beamer Weems, 1666697, SS|UT
Josue Huma, 2829043, 3B|UT
Kevin Krause, 2731205, C|UT
Emaarion Boyd, 29075538, OF|UT
Alec Kenilvort, 2921570, P
Esney Chacon, 2829312, OF|UT
Sean Sullivan, 29342350, P
Kevin Smith, 26616955, P
Brandon Trinkwon, 2171875, 3B|UT
Austin Schulfer, 2933088, P
Keyber Rodriguez, 2931025, SS|UT
Reiss Knehr, 2932855, P
Alex McGarry, 28842469, OF|UT
Bear Bellomy, 29088484, P
Nelson Ward, 2171392, SS|UT
Mitch Lively, 1937569, P
Brock Rodden, 29342331, SS|UT
Jeremy Lucas, 2171339, C|UT
Zach Gibbons, 2822954, OF|UT
Roberto Ramos, 2171677, 1B|UT
Inohan Paniagua, 29077616, P
Chay Yeager, 50042725, P
Josh Sale, 1765821, OF|UT
Abdiel Mendoza, 2824379, P
Gavin Hollowell, 26615457, P
C.J. Hinojosa, 2227637, SS|UT
David Ledbetter, 2823819, P
Justin Lamkin, 50041193, P
Ryan Harbin, 29681723, P
Enddy Azocar, 50042275, OF|UT
Trenton Denholm, 2836802, P
Lisandro Santos, 2825801, P
Zach Linginfelter, 2932878, P
Jonathan Teaney, 2837594, P
Erlin Cerda, 2801261, 3B|UT
Miguel Nunez, 2739974, P
Wyatt Lunsford-Shenkman, 29676106, P
Gonzalo Sanudo, 2171858, P
Derniche Valdez, 29322039, OF|UT
Freddy Pacheco, 26861449, P
James Harris, 2120619, OF|UT
C.J. McElroy, 2044904, OF|UT
Carlos Franco, 2226843, 3B|UT
Andrick Nava, 3157972, C|UT
Luis Verdugo, 3077712, SS|UT
Kacy Clemens, 2836721, 1B|UT
Juan Baez, 29321886, 3B|UT
Jagger Rusconi, 2918657, OF|UT
Will Banfield, 2931897, C|UT
Echedry Vargas, 29322042, 3B|UT
Telvin Nash, 1805143, UT
Jonah Cox, 29321911, OF|UT
J.C. Correa, 28838272, SS|UT
Austin Hyatt, 1833105, P
Williander Moreno, 2930953, P
Kevonte Mitchell, 2920673, OF|UT
Magnus Ellerts, 29675788, P
Jimmy Robbins, 29079727, P
Robert Dominguez, 26912467, P
Morgan McSweeney, 28838886, P
Elvis Escobar, 2171039, P
Guissepe Velasquez, 50043876, P
Jeren Kendall, 2835077, OF|UT
Jacob Burke, 29295915, OF|UT
D.J. Burt, 2753435, 2B|UT
Mack Chambers, 28841680, SS|UT
Chase Luttrell, 29086776, OF|UT
Noah Miller, 26719722, SS|UT
Tyler Massey, 2119562, OF|UT
Bryan Gonzalez, 29682348, OF|UT
Manuel Palencia, 29087587, C|UT
Ryan Miller, 2837237, P
James Roberts, 2120792, SS|UT
Brendan Nail, 2876703, P
Tyler Robertson, 29342330, OF|UT
Pablo Guerrero, 29669143, 1B|UT
Victor Hurtado, 29339049, OF|UT
Alexander Mojica, 26912512, 1B|UT
Brett Kinneman, 2932853, OF|UT
Andy Weber, 2933191, 3B|UT
Kodie Tidwell, 2227184, SS|UT
Daniel Salters, 2792293, C|UT
Clark Eagan, 2731203, OF|UT
Aaron Rund, 29349535, P
Dylan Bice, 29078779, P
Oddanier Mosqueda, 2824564, P
Wilson Soriano, 2171412, OF|UT
Ashton McGee, 28841209, 2B|UT
Joe Olsavsky, 50045061, SS|UT
Devin Mann, 2932907, 3B|UT
Michael Hobbs, 29342274, P
Andrew Pinckney, 29322005, OF|UT
Jordany Ventura, 26615428, P
Bobby Bundy, 1971218, P
Rodolfo Nolasco, 29348840, OF|UT
Norge Vera, 26643932, P
Will Kincanon, 2837077, P
Brandon Gold, 28837126, P
Jackson Castillo, 29675428, OF|UT
Braden Zarbnisky, 28840188, P
Tanner Andrews, 2932266, P
Aldemar Burgos, 2228083, OF|UT
Luis Sanchez, 29092516, SS|UT
Blake Anderson, 2135268, C|UT
Raimfer Salinas, 26615374, OF|UT
Daniel Pierce, 50009344, SS|UT
Tyler Baker, 2228460, C|UT
John Rooney, 2933065, P
Sam Petersen, 50041378, OF|UT
Joe Lampe, 29075713, OF|UT
Jose Gonzalez, 50043472, P
Dixon Williams, 50044462, 2B|UT
Andrew Moritz, 2932959, OF|UT
John Rhodes, 26911717, 1B|UT
Cody Buckel, 1956930, P
Andrew Pullin, 2223335, OF|UT
Claudio Bautista, 2120522, SS|UT
Jeff Arnold, 2050504, C|UT
Walker Weickel, 2044543, P
Gabriel Cancel, 2921435, 2B|UT
Jairo Lopez, 3152057, P
Felix Cotes, 50045007, 2B|UT
Bengie Gonzalez, 1810927, SS|UT
Luis Almanzar, 2507355, 3B|UT
Angel German, 2211786, P
Josh Rapacz, 2804674, C|UT
Edgleen Perez, 29662387, C|UT
Chris Cortez, 29644465, P
Isaias Quiroz, 3158251, C|UT
Chris Anderson, 2066302, P
Reid Humphreys, 26615463, P
Leandro Lopez, 50036776, P
David Calabrese, 26615371, OF|UT
Jhoan De La Cruz, 50042258, SS|UT
Lincoln Henzman, 2836982, P
Grayson Byrd, 28837103, SS|UT
Chase Johnson-Mullins, 2227623, P
Blake Taylor, 2066817, P
David Sheaffer, 28843225, C|UT
Rikuu Nishida, 29679382, OF|UT
Orlando Martinez, 3094348, OF|UT
Thomas Ireland, 50043905, P
Devereaux Harrison, 29342271, P
Scott Bandura, 29676329, OF|UT
Josh Hartle, 29662250, P
Omar De Los Santos, 29084551, OF|UT
Ryan Scott, 2825845, C|UT
Zach Haake, 2932791, P
Jacob Webb, 28855171, P
Carter Frederick, 29692379, OF|UT
Jordan Guerrero, 2217334, P
Michael Petersen, 29385927, P
Levi Hyams, 2227478, 1B|UT
Jose Gerardo, 29077645, OF|UT
Luis Asuncion, 2227783, OF|UT
Max Pentecost, 2135607, C|UT
Tyler Waldron, 2120588, P
Kyle Schmidt, 26635163, C|UT
Max Bain, 29088720, P
Yerlin Luis, 29692366, OF|UT
Eduard Santos, 2171867, P
Billy Fleming, 2228456, 2B|UT
Robbie Hitt, 2836994, P
Miguel Diaz, 2167352, P
Patrick Reilly, 29658262, P
Matt Whitehouse, 2783332, P
Kevin Matthews, 1894648, P
Riley Cornelio, 50036769, P
Sergio Campana, 28846845, OF|UT
Nolan Watson, 2211228, P
Robert Kwiatkowski, 28842737, P
Aaron Walton, 50041309, OF|UT
Greg Farone, 50043939, P
Justin Evans, 2932723, P
Eduarqui Fernandez, 28847202, OF|UT
Kevin Comer, 2822060, P
Kelvin Diaz, 29342249, OF|UT
Julio Carreras, 26615332, 2B|UT
Josh Roberson, 2837405, P
Juan De La Cruz, 29321914, P
Efrain Contreras, 2930810, P
Kole Enright, 2506933, OF|UT
Kenya Huggins, 50037907, P
Iker Franco, 392224, C|UT
Griffin Green, 50044808, P
Samuel Strickland, 29360064, P
Luke Bell, 50043942, P
Dylan Ray, 29295960, P
Rob Zastryzny, 2066809, P
Jose Almonte, 2121515, OF|UT
Delvin Zinn, 28837131, SS|UT
Joshua Walker, 26912491, P
Jorge Burgos, 29085022, OF|UT
Israel Pineda, 3077690, C|UT
Riley Quick, 50009366, P
Carlos Mendoza, 29085318, 3B|UT
Alec Grosser, 2167345, P
Nicandro Aybar, 50044333, OF|UT
Joe Sclafani, 2166481, 3B|UT
Caleb Ketchup, 29686886, SS|UT
Rixon Taylor-Wingrove, 28843169, 1B|UT
Wilian Bormie, 50043822, P
Nikau Pouaka-Grego, 29077673, 2B|UT
Kyle Winkler, 2120761, P
Aldrich De Jongh, 2932683, OF|UT
Jayson Schroeder, 2932049, P
Jalen Miller, 2447482, 2B|UT
Chazz Martinez, 50042619, P
Jon Kemmer, 2215847, OF|UT
Ryan Ripken, 2915596, 1B|UT
Kyle McMyne, 2120610, P
Cody Bowker, 50041335, P
Zack Bird, 2044501, P
Colin McKee, 3158041, P
Cameron Eden, 29082789, OF|UT
Zac Cook, 28842149, 2B|UT
Mike Ahmed, 2227130, 3B|UT
Cameron Nickens, 50044559, OF|UT
Angel Aguilar, 2821112, SS|UT
Randolph Oduber, 1954848, OF|UT
Cole Duensing, 2822483, P
Adam Hackenberg, 29062203, C|UT
Luke Westphal, 2826599, P
Cody Farhat, 3158509, OF|UT
Jorge Flores, 2171864, SS|UT
Logan Boyer, 29693427, P
Noel Vela, 29077675, P
Angel Arevalo, 29689781, 2B|UT
Juancito Martinez, 2120635, OF|UT
Cooper Uhl, 29090137, C|UT
Yordys Valdes, 3152108, SS|UT
Benjamin Cowles, 28839851, SS|UT
Anthony Huezo, 50043950, OF|UT
Evan Taylor, 29355104, P
Jose Perdomo, 29339044, SS|UT
Joe Pistorese, 2804688, P
Jorge Quintana, 29660111, SS|UT
Leonardo Pestana, 29084159, P
Brandon McIlwain, 2221842, OF|UT
Cade Obermueller, 50041333, P
Juan Uriarte, 2826352, C|UT
Eli Villalobos, 2933176, P
Gregori Cano, 29091620, SS|UT
Matt Juengel, 2120715, 3B|UT
Andrew Church, 2066814, P
Charlie Pagliarini, 29676687, 3B|UT
Daury Torrez, 2739965, P
Tucker Biven, 50043897, P
Ryan Wrobleski, 29675804, C|UT
Israfell Bautista, 50045106, OF|UT
Matt Winn, 2217337, C|UT
Augusto Mendieta, 50044874, P
Saul Garcia, 50043864, P
Je'Von Ward, 2837653, OF|UT
Walter Pennington, 29084394, P
Alex Cook, 29342241, P
Patrick Ruotolo, 2921367, P
Jackson Finley, 29687805, P
Jalin Flores, 50043931, SS|UT
Brandon Bednar, 2170063, 3B|UT
Ofelky Peralta, 2507507, P
Junior Tilien, 29087200, SS|UT
Will Johnston, 50041301, P
Kevin Villavicencio, 29676060, SS|UT
Ike Irish, 50009349, C|UT
Victor Payano, 2118801, P
Yeuris Ramirez, 2825273, SS|UT
Chad Smith, 26635165, P
Bud Jeter, 2804510, P
Isaiah Greene, 26615366, OF|UT
Courtney Hawkins, 2001080, OF|UT
Nolan Blackwood, 2803674, P
Johan Barrios, 29077643, 1B|UT
Francisco Rios, 2507524, P
Adrian Chaidez, 29087922, P
Melvi Acosta, 2821084, P
Edmond Americaan, 2836541, OF|UT
Jonathan Machado, 2910620, OF|UT
Jeter Martinez, 29321982, P
Lazaro Benitez, 28846843, OF|UT
Jake Gozzo, 29342266, P
Ryan Murphy, 26724935, P
Bryce Willits, 29090732, 3B|UT
Cole Stobbe, 2507186, 1B|UT
Bryan Magdaleno, 50043903, P
Edryn Rodriguez, 28843223, SS|UT
Cody Regis, 2228216, OF|UT
Nelson Maldonado, 28837105, 1B|UT
Melvin Adon, 2507519, P
Jason Richman, 2775050, P
Chris Hoo, 2227746, C|UT
Angel Mateo, 29683434, OF|UT
Jarret Martin, 2107835, P
Eric Brown, 28920030, 2B|UT
Bennett Hostetler, 29342279, SS|UT
Jeff Glenn, 1803543, C|UT
Raudi Rodriguez, 50027258, OF|UT
Marcos Almonte, 2821179, 3B|UT
Truitt Madonna, 50041216, C|UT
Seth Conner, 2227215, C|UT
Juan Mota, 2824573, P
Vince Jackson, 2804921, OF|UT
Edgar Osuna, 1727410, P
Nigel Belgrave, 29321890, P
Josimar Cousin, 29312288, P
Patrick Weigel, 2449976, P
Justin Bullock, 2836667, P
Matt Rose, 2226048, 1B|UT
Edgar Montero, 50041367, SS|UT
Jacob Cravey, 50044962, P
Christian Knapczyk, 29683786, SS|UT
Jonah McReynolds, 2804221, SS|UT
Brennan Milone, 29632437, 1B|UT
Zach Daniels, 26615379, P
Kirby Snead, 3101479, P
Felix Paulino, 2824915, P
Tyler Ramirez, 2803486, OF|UT
Donald Dewees, 2211208, OF|UT
Nicolas Torres, 2829161, 3B|UT
Robert Neustrom, 2932972, OF|UT
Regi Grace, 2932776, P
Matt Cronin, 3165359, P
Angel Ortega, 2044119, SS|UT
John Gavin, 2836908, P
Logan Cozart, 3103746, P
Wilfredo Rodriguez, 2798059, C|UT
Heath Quinn, 2507193, OF|UT
JJ Schwarz, 29086102, C|UT
Aaron Fossas, 3094398, P
Jose Albertos, 2507510, P
Griffin Benson, 3093587, 1B|UT
Drew Beam, 29644463, P
Jordy Barley, 2910614, SS|UT
Randy Cesar, 2791369, 3B|UT
Quentin Holmes, 2837002, OF|UT
Nate Mondou, 2921058, 2B|UT
Quincy Scott, 29686890, OF|UT
Kade Snell, 50041304, OF|UT
Eduardo Valencia, 29088496, UT
Corey Joyce, 3157919, SS|UT
Wen-Hui Pan, 29322003, P
Chuck Moorman, 2049032, C|UT
Kyle Young, 2910629, P
Jack Perkins, 2933011, P
Adonis Uceta, 2826338, P
Logan Simmons, 2933103, SS|UT
David McCabe, 29075516, 3B|UT
Kale Fountain, 29644428, 1B|UT
Anderson Fermin, 50044378, OF|UT
Justin Williams, 28838050, 3B|UT
Gene Escat, 2169990, P
Jackson Glenn, 28841144, 3B|UT
Mott Hyde, 2170022, SS|UT
Sean Guenther, 2836944, P
Emerson Jimenez, 2170137, SS|UT
Joe Whitman, 29295988, P
D.J. McCarty, 28846906, P
Seth Martinez, 3158165, P
Zach Vennaro, 26636351, P
Arby Fields, 2226333, OF|UT
Hector Lujan, 2918654, P
Caden Connor, 29692374, 1B|UT
Carlos Soto, 3157427, C|UT
Logan Sawyer, 29085046, P
Gregori Louis, 50043926, P
Elier Hernandez, 2121319, OF|UT
Marcos Cabrera, 28843206, 3B|UT
Jacob Evans, 2211743, P
Kyler Castillo, 28843164, OF|UT
Drew Turbin, 2226886, 2B|UT
Aldry Acosta, 2829292, P
Jake Gatewood, 2135271, 3B|UT
Austin Cousino, 2169660, OF|UT
Walker Martin, 29295913, 3B|UT
Adrian Florencio, 28837075, P
Ryan Mitchell, 50041348, OF|UT
Robbie Tenerowicz, 2921501, 2B|UT
George Wolkow, 29322050, OF|UT
Tucker Healy, 2169711, P
Emailin Montilla, 29349533, P
Enmanuel Zabala, 2797630, OF|UT
Nicholas Shumpert, 3107126, SS|UT
Javier Vaz, 29086145, 3B|UT
Luke Wakamatsu, 2226660, SS|UT
Jose Guzman, 28842606, SS|UT
Eric Reyzelman, 29671080, P
Misael Urbina, 3152054, OF|UT
Sean Roby, 2933051, 3B|UT
Matt Turner, 50043439, P
Roman Collins, 2804677, OF|UT
Nash Walters, 28838072, P
Zac Ryan, 3094350, P
Kleimir Lemos, 29686707, SS|UT
Colby Martin, 50043934, P
Scott Engler, 3157959, P
Taylor Lehman, 29084391, P
Jonny Cuevas, 29342244, P
Maxwell Romero, 29086295, C|UT
Alex Winkelman, 3103461, P
Ely Brown, 50044436, OF|UT
Jack Winkler, 29360069, 2B|UT
Paul Richan, 2932032, P
Kevin Rivas, 29675801, C|UT
Chase Watkins, 29356650, P
Joey Roach, 3158500, C|UT
Dylan Rock, 29096139, OF|UT
Bryan Mejia, 2226118, 2B|UT
Deacon Liput, 2837134, SS|UT
Curtis Washington, 29686502, OF|UT
Derrik Gibson, 1741606, 2B|UT
Mac McCroskey, 50044784, 2B|UT
Juan Gomes, 2171881, C|UT
River Town, 29342359, OF|UT
Blake Workman, 28838308, P
Colton Ledbetter, 29295922, OF|UT
TJ Shook, 29342342, P
Davis Sharpe, 29084418, P
Jacob Kroeger, 50043954, P
Alex Burg, 2121066, C|UT
Rashad Brown, 2227898, OF|UT
Cameron Leonard, 28842392, P
Wilmer Dominguez, 2227754, C|UT
Michael Massey, 29644482, P
Alec Sayre, 29342339, OF|UT
Ben Kudrna, 26911734, P
Daniel Hernandez, 50042273, C|UT
Parker Mushinski, 2837276, P
Ricardo Yan, 29322051, P
Chase Shores, 50041195, P
Kevin Stevens, 29674758, P
Sam Knowlton, 29680520, P
Aaron Parker, 50042723, C|UT
Adrian Martinez, 26861440, P
Kyle Whitten, 29091138, P
Jake Pilarski, 29090018, P
Luis Gonzalez, 26913041, OF|UT
Corey Williams, 2228428, P
Jon Keller, 2169273, P
Garrett Spain, 28842407, OF|UT
Anthony Pereira, 2825004, SS|UT
Evan Miller, 2921620, P
Dominic Pitelli, 29675800, SS|UT
Erik Stock, 29089456, OF|UT
Vicarte Domingo, 29687817, P
Jeral Perez, 29351815, 2B|UT
Joel Diaz, 2822414, C|UT
Eudry Alcantara, 50044534, P
Jose Felix, 1798564, C|UT
Brandon Barriera, 28920026, P
Scott Blewett, 2167478, P
Connor Harrell, 2121059, OF|UT
Alex Santos, 26616953, P
JeanPierre Ortiz, 50037913, P
Karson Simas, 29086760, SS|UT
Jordan Gore, 2836931, SS|UT
Matthew Thompson, 3152116, P
Chris Williams, 2837687, C|UT
Angelo Castellano, 2788551, 3B|UT
Omar Obregon, 2824729, 2B|UT
Shay Schanaman, 29676703, P
Cal Stark, 29686891, C|UT
Fernando Perez, 2825027, P
Jake Sanford, 26911726, OF|UT
Anthony Silva, 50044275, SS|UT
Jose King, 2823700, SS|UT
Jake Slaughter, 2933105, UT
Eduardo Rivera, 50044887, P
Brian Curley, 50041075, P
Yacksel Rios, 2122191, P
Rafael Pineda, 2226608, P
Ronny Dominguez, 2822454, OF|UT
Liomar Martinez, 50042245, P
John Garcia, 29087623, C|UT
Dean Nevarez, 3083968, C|UT
Wes Rogers, 2734422, OF|UT
Jonathan Engelmann, 3158163, OF|UT
Alexeis Azuaje, 29077585, 2B|UT
Scott Boches, 2836618, P
Elian Leyva, 2922422, P
Irving Lopez, 2837141, 2B|UT
Ramon Mendoza, 28846858, 1B|UT
Mason Martin, 2837176, 1B|UT
Matt Jones, 2759861, C|UT
James Reeves, 2699437, P
Carter Graham, 29689593, 1B|UT
T.J. Fondtain, 29679115, P
Seth Harrison, 2223949, OF|UT
Coby Morales, 29675797, OF|UT
Zach Jarrett, 2837036, OF|UT
Joe Glassey, 29687765, P
Collin Burns, 29088697, SS|UT
Peter Zimmerman, 28838051, 1B|UT
Alex Bustamante, 29087579, P
Anthony Maldonado, 29084245, P
Jace Bohrofen, 29321894, OF|UT
Janser Lara, 2823785, P
Kevin Santa, 2837462, 2B|UT
Trevor Harrison, 29644527, P
Raymond Burgos, 29081045, P
Kelvin Melean, 2824345, SS|UT
Manuel Geraldo, 3103213, SS|UT
Loidel Chapelli, 29077658, 2B|UT
Owen Carey, 50044002, OF|UT
Scott Burcham, 2794802, SS|UT
Roberto Lopez, 1811745, UT
Auston Bousfield, 2170719, OF|UT
Anthony Donofrio, 29677755, OF|UT
Daniel Dickinson, 50041202, SS|UT
Michael Johnson, 2171053, P
Jared King, 2169870, OF|UT
Troy Watson, 2933189, P
Noelberth Romero, 29686867, 2B|UT
Alex Speas, 2453426, P
Spencer Navin, 2171201, C|UT
Caleb Lomavita, 29644226, C|UT
Aaron McGarity, 2837203, P
Patrick Romeri, 26911703, OF|UT
Braeden Ogle, 3166984, P
Alex Murphy, 2447469, C|UT
Roc Riggio, 29295895, 2B|UT
Devin Taylor, 50041300, OF|UT
Hunter Markwardt, 28840773, OF|UT
Jeremias Pineda, 2000370, 2B|UT
Roby Enriquez, 28837789, OF|UT
Jacob Zibin, 29075707, P
Casey Cobb, 29086116, P
Yonatan Henriquez, 29688607, 3B|UT
Pedro Garcia, 28839286, P
Jim Fuller, 2119260, P
Ronan Kopp, 29075761, P
Adam Maier, 29063927, P
Jose Ramos, 50044572, OF|UT
Jake Lowery, 2114460, C|UT
Carlos Jorge, 26913008, OF|UT
Conrad Cason, 29644419, P
Eric Bitonti, 29321891, 1B|UT
Everhett Hazelwood, 28843212, P
Michael Bienlien, 29342395, P
Michael Russell, 2782923, SS|UT
Luis Gastelum, 29662259, P
Channing Austin, 50044503, P
Marlon Arias, 2803769, P
Nolan Sailors, 50044420, OF|UT
Alex McFarlane, 29068170, P
Carter Rustad, 29687316, P
Cayden Wallace, 29075502, 3B|UT
Johanfran Garcia, 29321937, C|UT
Michael Arias, 29290937, P
Tate Southisene, 50009352, SS|UT
Trent Toplikar, 28838891, P
Caleb Sampen, 2933074, P
Cristhian Vaquero, 28839803, OF|UT
Tyler Owens, 26615411, P
Tanner Allen, 2836534, OF|UT
Yordany De Los Santos, 29088489, 2B|UT
Ike Buxton, 29295976, P
Jorge Caballero, 2828976, OF|UT
Sebastian Almonte, 28842464, 2B|UT
Johenssy Colome, 50043815, SS|UT
Nazier Mule, 29075746, P
Levi Stoudt, 26911731, P
Ryne Inman, 3158037, P
Stiven Martinez, 29660110, OF|UT
Zachary Root, 50009370, P
Yhoxian Medina, 2121149, SS|UT
Cody Satterwhite, 1733784, P
Sam Street, 2785744, P
Adam Hofacket, 2739963, P
Henry Lalane, 29321963, P
Pedro Martinez, 3158362, 2B|UT
Jojo Ingrassia, 29658256, P
Zach Fruit, 29683709, P
Emerson Purroy, 29087647, SS|UT
Grant Zawadzki, 2921399, P
Ryan Mason, 2921006, P
Matt Jachec, 50043951, P
Angel Moreno, 2228494, OF|UT
Brian O'Keefe, 3089588, C|UT
Alan Garcia, 2804030, P
Endrys Briceno, 2117125, P
Jeremias Portorreal, 2825175, OF|UT
Nick Mitchell, 50044238, OF|UT
Juan Flores, 29321928, C|UT
Adisyn Coffey, 29342240, P
Connor Marabell, 2228482, OF|UT
Trayson Kubo, 29084706, P
Blake Barber, 2120633, 2B|UT
Manuel Cachutt, 2829872, P
John Peck, 50041105, SS|UT
Nate Baez, 29686516, C|UT
Ethan Sloan, 50043930, P
Kevin Keyes, 1959455, OF|UT
Kevin Kendall, 29084142, SS|UT
Ryan Gold, 28840952, C|UT
Josh Hatcher, 2836969, OF|UT
Andres Melendez, 26640188, C|UT
James Quinn-Irons, 50041353, OF|UT
Hunter Hollan, 29295969, P
Lucas Spence, 29685324, OF|UT
Randy Bednar, 2836589, OF|UT
Indigo Diaz, 26911819, P
Will Bush, 29676046, C|UT
Logan Gragg, 29091621, P
Luis De La Torre, 50042292, P
Terry Fuller, 2836888, OF|UT
Jordan George, 2920317, 1B|UT
Fidel Montero, 26913044, OF|UT
Rene Garcia, 1795779, C|UT
Ryde Rodriguez, 2226895, OF|UT
Miguel Mendez, 50009225, P
Raul Rivas, 2921527, 2B|UT
Marlon Quintero, 50042264, C|UT
Matt Gorski, 3152103, 1B|UT
Luis Reyes, 3152857, P
Alfredo Reyes, 2228189, SS|UT
Louis Silverio, 2825942, OF|UT
Ben Hecht, 2836976, P
Spencer Griffin, 2836941, OF|UT
Antoine Duplantis, 2932708, OF|UT
Andrew Sears, 50041106, P
Kyle Dernedde, 29682356, 2B|UT
Denny Brady, 26635140, P
Ilan Fernandez, 50045058, SS|UT
Richelson Pena, 2743633, P
Dario Laverde, 29321971, C|UT
Gio Brusa, 2507326, OF|UT
Carlos Rincon, 2804683, OF|UT
Jaycob Deese, 50044750, P
P.J. Francescon, 2170525, P
Chad Johnson, 2226898, C|UT
Miguel Pena, 2119051, P
Kyle Kubat, 3152809, P
Kohl Franklin, 2932744, P
Andres Sotillet, 2826027, P
Ethan Paul, 28840173, SS|UT
Nathan Martorella, 29075745, 1B|UT
Jackson Strong, 29692382, OF|UT
Chris Sharpe, 2837505, OF|UT
Delvis Morales, 2171705, 2B|UT
Trey Dombroski, 29295975, P
Zach Warren, 2837658, P
Eric Cerantola, 29342442, P
Grant Williams, 2933197, 2B|UT
Joe Dunand, 2910611, 2B|UT
Mack Lemieux, 28839880, P
Christian MacLeod, 50043981, P
Bret Helton, 2915787, P
Jose Duarte, 2171390, C|UT
Frederik Jimenez, 50044385, 1B|UT
Jeffrey Mercedes, 29686498, 3B|UT
Kyle Henley, 29658255, OF|UT
Billy Wilson, 3107130, OF|UT
John Norwood, 2797626, OF|UT
Dan Hammer, 29342396, P
Josh Stowers, 2932053, OF|UT
Ranfi Casimiro, 2821878, P
Garrett Howe, 29689772, SS|UT
Ben Aklinski, 3103464, OF|UT
Carter Aldrete, 28839877, 2B|UT
Hobbs Johnson, 2167499, P
Grayson Hitt, 29321949, P
Argenis Blanco, 2821579, P
Dakota Hawkins, 29676663, P
Erich Uelmen, 2837618, P
Nick Shaw, 1958606, 2B|UT
Jace LaViolette, 50009357, OF|UT
Aroni Nina, 2216693, P
Eduardo Garcia, 26615314, 3B|UT
Shane Hoelscher, 2228437, 3B|UT
Nolan Sanburn, 2044510, P
Ryan Lillie, 2837131, P
Tyler Woessner, 29342368, P
Deybert Lozano, 2693482, OF|UT
Sammy Siani, 3117937, OF|UT
Josh Knoth, 29155731, P
Hayden Dunhurst, 29075691, C|UT
Cole Phillips, 29075507, P
Jeremy Rivas, 26913010, SS|UT
Jack Lines, 29687315, SS|UT
Cole Foster, 29321932, 3B|UT
Jake Rucker, 28842740, 2B|UT
William Kempner, 29678053, P
Matt Kennelly, 1663603, C|UT
Christian McGowan, 26911777, P
Fraymi De Leon, 29686862, 2B|UT
Najer Victor, 29684955, P
Braxton Roxby, 29344257, P
Connor Pavolony, 29342323, C|UT
Felix Cepeda, 2930801, P
Jameson Fisher, 2507364, OF|UT
Raul Alcantara, 29342993, P
Bryce Martin-Grudzielanek, 50043762, SS|UT
Bryan Pall, 2837320, P
Ryan McCarty, 29088704, SS|UT
Daniel Brown, 2915604, P
Devyn Bolasky, 2821609, OF|UT
Ryan Brady, 29355926, P
Luis Castillo, 29688602, OF|UT
Jesus Hernandez, 29342846, SS|UT
Daniel Flames, 50044064, SS|UT
Cy Nielson, 29350512, P
Adinso Reyes, 3152051, 3B|UT
Jacob Cozart, 29644225, C|UT
Jared Foster, 2226043, OF|UT
Luis Santos, 28846888, 2B|UT
Troy Montgomery, 2507198, OF|UT
Joshua Zamora, 29089061, 3B|UT
James Smith, 3103644, OF|UT
Kolby Johnson, 29687766, OF|UT
Ryan Forcucci, 29644470, P
Nick Dalesandro, 2932674, OF|UT
Payton Green, 29679116, SS|UT
Justin Garza, 26686322, P
Marco Jimenez, 2829359, P
Cody Stashak, 3127143, P
Geronimo Franzua, 29344939, P
Jose Escobar, 29677756, SS|UT
Joey Wong, 2050364, SS|UT
Bobby Wernes, 2921053, 3B|UT
Chris Mariscal, 2169913, 3B|UT
Jake Casey, 50044007, OF|UT
Vincent Perozo, 29676150, C|UT
Blake Taylor, 3151553, P
Antonio Jimenez, 50041207, SS|UT
Jose Alberto Rivera, 2830255, P
Yeiner Fernandez, 29077688, 2B|UT
Cole Brannen, 3094393, OF|UT
Mike Reeves, 2171830, C|UT
C.J. Rodriguez, 26911663, C|UT
Cole Urman, 29687798, C|UT
Yapson Gomez, 3103879, P
Angel Cepeda, 29662444, SS|UT
Reinier Roibal, 2209943, P
Jose Oyervidez, 1099043, P
Hunter Parsons, 29084246, P
Shohei Tomioka, 28840205, P
Jacob Rogers, 2227206, 1B|UT
Bobby Boser, 50041076, SS|UT
Madison Jeffrey, 29693033, P
Matt Smoral, 2044519, P
Adam Shoemaker, 29066320, P
Kala'i Rosario, 26911725, OF|UT
Trevor Kuncl, 29680252, P
Aaron Barbosa, 2121487, OF|UT
Douglas Orellana, 29679030, P
Grenny Cumana, 2171861, SS|UT
Jack Neely, 29087565, P
Cristian Hernandez, 29088701, P
Carlos Alvarado, 2663267, P
Ryan Williams, 2219911, P
Aneury Tavarez, 2119374, OF|UT
Jordan Tarsovich, 2226605, 2B|UT
Zacrey Law, 2228205, OF|UT
Trey McGough, 29342306, P
Walking Cabrera, 2864364, OF|UT
Alimber Santa, 29077586, P
Tyler Stuart, 29295938, P
Trey Ball, 2066294, P
Brett Adcock, 2910636, P
Josh Hood, 29087229, SS|UT
Eliazar Dishmey, 50042246, P
Zech Lemond, 2167490, P
Carlos Colmenarez, 26643914, 3B|UT
D.J. Wilson, 2449447, OF|UT
Esteban Quiroz, 2912181, 2B|UT
Andrew Mitchell, 2932943, P
Andrew Lindsey, 29321974, P
Dylan MacLean, 26615440, P
Jesus Lara, 29089455, SS|UT
Hector Daniel Rodriguez, 2036152, P
Luis Villegas, 2826513, C|UT
Kody Hoese, 3117925, 3B|UT
Jose Gomez, 2227774, 2B|UT
Jhonny Level, 29662408, SS|UT
Jordan Milbrath, 2824426, P
Skylar Arias, 3158100, P
Casey McElroy, 2048695, SS|UT
Tony Dibrell, 2836809, P
Kevin Medrano, 2120089, 2B|UT
Tommy Collier, 2119036, P
Collin Snider, 2837534, P
Agustin Marte, 2824106, SS|UT
Aaron Leasher, 2837116, P
Austin Orewiler, 2794798, P
Carlos Gutierrez, 50042261, OF|UT
Adam Wolf, 2933208, P
Cooper Hjerpe, 28920025, P
Quinn McDaniel, 29689632, 2B|UT
Andrew Robinson, 2121833, P
Emilio Barreras, 50044649, SS|UT
Rudy Martin, 2920829, OF|UT
Mac James, 2823530, C|UT
Corey Jones, 1810384, 2B|UT
Osvaldo Duarte, 2804919, SS|UT
Patrick Cantwell, 2118804, C|UT
Francis Pena, 29662212, P
Reidy Mercado, 28851009, OF|UT
Owen Puk, 50043984, P
Christian Little, 29676355, P
Ryan Nagle, 2227895, OF|UT
Caleb Hamilton, 3093641, C|UT
Dylan Spacke, 29342347, P
Grant Hartwig, 29077613, P
Buddy Borden, 2803671, P
J.C. Cardenas, 2804219, SS|UT
Casey Soltis, 2167458, OF|UT
Corey Taylor, 2599643, P
Will Bednar, 26719600, P
Jake DePew, 1961281, C|UT
Guillermo Zuniga, 28838310, P
Jordan Johnson, 2211241, P
Clayton Andrews, 2836544, P
Chad McClanahan, 3095398, 3B|UT
Gabriel Mejia, 2211772, OF|UT
Tyson Neighbors, 29644487, P
David Mershon, 29674788, SS|UT
Thomas Sosa, 29662365, OF|UT
Keegan Yuhl, 2734154, P
Talon Haley, 50041196, P
Ben McLaughlin, 29692452, 3B|UT
Michael Dimock, 2822436, P
Stephen Perez, 2119569, SS|UT
Luke Craig, 29683326, P
Seong-Jun Kim, 50042260, SS|UT
Connor Myers, 3101498, OF|UT
Olbis Parra, 2824893, P
Ibandel Isabel, 3077692, 1B|UT
Trey Snyder, 29644449, 2B|UT
Gabe Hemmer, 2222109, P
Boone Whiting, 2119289, P
Sean Gleason, 2050855, P
Rayner Arias, 29321883, OF|UT
Grayson Moore, 50044828, P
Kleiber Olmedo, 50044687, P
Alexander Alvarez, 2821198, C|UT
Jose De La Cruz, 26635144, OF|UT
Jake Fox, 28838883, OF|UT
Alexis Garcia, 2822844, SS|UT
Bryan Rodriguez, 2734574, P
Cesar Salazar, 2933071, C|UT
Robert Hipwell, 29644432, 1B|UT
Enmanuel Ramirez, 50044652, OF|UT
Hunter Gregory, 29678299, P
Kevin Kopps, 26911784, P
Nick Monistere, 50041112, SS|UT
Jaydenn Estanista, 29077622, P
Nick Sando, 50043873, P
Antonio Cabello, 3077719, OF|UT
Chris Rotondo, 29086561, OF|UT
Tre Gantt, 2836896, OF|UT
Kade Bragg, 29677724, P
Kevin Padlo, 2211189, 1B|UT
Emmanuel Mejia, 28837076, P
Allan Castro, 29086773, OF|UT
Scott Schreiber, 2837482, 1B|UT
Brock Vradenburg, 29295889, 1B|UT
Trace Bright, 29106580, P
Myles Schroder, 2120612, C|UT
Edward Salcedo, 1811883, OF|UT
Johmbeyker Morales, 2804026, SS|UT
Manuel Garcia, 2931946, C|UT
Malquin Canelo, 2507349, SS|UT
Ryan Clark, 3094413, P
David Garcia, 2829024, C|UT
Alvin Guzman, 28842605, OF|UT
Kyle Marman, 2932912, P
Alexander Albertus, 29658278, 3B|UT
David Hurlbut, 2823475, P
Dan Fiorito, 2170497, 3B|UT
Zack Lee, 50044837, P
Drew Strotman, 2837576, P
Joe Jackson, 2122085, C|UT
Logan Lombana, 2921611, P
Jaiden Lo Re, 50044409, SS|UT
Charlie Valerio, 3156998, C|UT
Hiro Wyatt, 29295958, P
Hoss Brewer, 50043925, P
Jesus Bugarin, 28843205, OF|UT
Roberto Alvarez, 2821210, C|UT
Aaron West, 2615377, P
Jake Peter, 2171424, 2B|UT
Manuel Sequera, 26913014, 2B|UT
Omar Alfonzo, 29092513, C|UT
Brennan Gowens, 1959467, OF|UT
Jose Devers, 2829007, 2B|UT
Dillan Shrum, 29089060, 1B|UT
Jesse Bergin, 29678048, P
Bryan Harper, 2228203, P
Trey Gregory-Alford, 29644471, P
Jack Costello, 29680249, 3B|UT
Jesus Liranzo, 2444385, P
Evan Elliott, 28846905, P
Camden Lohman, 50041329, P
Juan Valera, 29662107, P
Justin Watts, 2837667, P
Vaun Brown, 29077351, OF|UT
Jordan Sprinkle, 29075716, OF|UT
Mark Manfredi, 50043845, P
Anfernee Benitez, 2821521, P
Zack Weiss, 2171419, P
Michael Peoples, 2743627, P
Jace Conrad, 2728773, 2B|UT
Justin Wilson, 29091449, P
Zac Houston, 3083188, P
Simon Muzziotti, 2824616, OF|UT
Jeremy Walker, 3094395, P
Sergio Tapia, 29088495, C|UT
TT Bowens, 29087617, 1B|UT
Brady McConnell, 2837197, SS|UT
Tyler Jay, 2184353, P
Jordan Howard, 28842639, 2B|UT
Tres Gonzalez, 29088700, OF|UT
Mark Thomas, 1945618, C|UT
Jay Beshears, 29677736, 1B|UT
Justin Connell, 2836733, OF|UT
Cade Doughty, 29075498, SS|UT
Esmerling De La Rosa, 2921533, P
Danny Diaz, 3077707, 3B|UT
Angel Macuare, 2829059, P
Craig Brooks, 2821696, P
Ty Harvey, 50041215, C|UT
Ryan Webb, 29632449, P
Griffin Herring, 29644474, P
Yorman Gomez, 50036773, P
Vince Reilly, 50044015, P
Rafael Lantigua, 2829050, 2B|UT
Caleb Baragar, 3152733, P
Andrew Salas, 29669164, OF|UT
Junior Arrojo, 2821326, 2B|UT
Liam Norris, 26615408, P
Matt Jones, 2227218, OF|UT
Athanael Duarte, 50044478, 1B|UT
Brady Smith, 29322025, P
Draven Zeigler, 50044967, P
Marcus Lemon, 1600291, SS|UT
Landon Harmon, 50041362, P
Matt Hogan, 29683785, OF|UT
Connor Schultz, 50043718, P
Alfredo Escalera-Maldonado, 2226045, OF|UT
Jhoan Urena, 2167359, 3B|UT
Matt McLaughlin, 2837208, SS|UT
Kervin Castro, 2821924, P
Mark Peterson, 2791773, P
Granden Goetzman, 2121453, OF|UT
Thomas Schultz, 29685386, P
Tatem Levins, 29360038, C|UT
Tyler Miller, 29342312, 3B|UT
Cole Billingsley, 3107625, OF|UT
Rafael Cruz, 29086247, SS|UT
Erick Caripa, 29088926, OF|UT
Jake Sommers, 26635166, P
Brewer Hicklen, 2836989, OF|UT
Caleb Cali, 29349529, 3B|UT
Gene Cone, 2759731, OF|UT
Brandon Grudzielanek, 2860382, SS|UT
Mason Robbins, 2794937, OF|UT
Hyun-Seok Jang, 29321952, P
Jack Goodman, 29342265, SS|UT
Kennie Taylor, 28842741, OF|UT
Eduardo Torrealba, 2826267, SS|UT
Stephen Janas, 2228462, P
Camden Minacci, 29321987, P
Zane Zielinski, 50044499, SS|UT
Luis Pena, 2824975, P
Tyler Dyson, 26615444, P
Jhancarlos Lara, 29321970, P
Yariel Gonzalez, 2823066, 3B|UT
Sebastian Rivero, 2507340, C|UT
Victor Ngoepe, 2824660, SS|UT
Jake Shirk, 50044751, P
Evan Mitchell, 2171703, P
Yordin Chalas, 29676682, P
Tyler Carr, 26635141, P
Rodolfo Duran, 2822500, C|UT
Andrew Morales, 2824513, P
Logan Whitaker, 50043892, P
Travis Kuhn, 27022045, P
Jake Vogel, 3166584, OF|UT
J.R. Freethy, 29687806, OF|UT
Blake Wehunt, 50041088, P
William Corcoran, 29675829, P
Nathanael Heredia, 29077669, P
Mason Janvrin, 3157970, OF|UT
Chris Rivera, 2118139, 2B|UT
Daniel McGrath, 2915536, P
Jhosmer Alvarez, 29675444, P
Brad Haynal, 2223637, C|UT
Tanner Witt, 50044336, P
Nick Patten, 3103669, 1B|UT
Jay Allen, 26719691, OF|UT
Ian Moller, 28840804, C|UT
Marcus Phillips, 50009363, P
Tyler Samaniego, 29085131, P
Jakey Josepha, 29090132, SS|UT
Colton Becker, 29686883, SS|UT
Cobie Vance, 2933156, 2B|UT
Randy De Jesus, 29077676, OF|UT
Jose Nova, 50044581, P
Carlos Portuondo, 2696994, P
Zach Fogell, 29341704, P
Yeuni Munoz, 29091328, OF|UT
Cullen Large, 2837108, 2B|UT
Robie Rojas, 2837428, C|UT
Mitch Ghelfi, 2804685, C|UT
Cleuluis Rondon, 2119560, SS|UT
Brian Marconi, 28838025, P
Trent Woodward, 2224253, C|UT
Kurt Heyer, 2119280, P
Peter Van Gansen, 2226052, SS|UT
Didier Vargas, 2829949, P
Harrison Wenson, 2837673, C|UT
Ryan Walker, 2777321, SS|UT
Marshall Toole, 29683718, OF|UT
John Russell, 2837444, P
Junior Soto, 2804933, OF|UT
Carmen Benedetti, 3094352, 1B|UT
Ryan Kussmaul, 1959173, P
Jonathan Hughes, 29342430, P
Jake Walkinshaw, 29683468, P
Sebastian Elizalde, 2170673, OF|UT
Ryan Miller, 2804233, C|UT
Cale Coshow, 2740133, P
Tyler Neslony, 2921039, OF|UT
Nick Goodwin, 29678144, 2B|UT
Adam Stone, 29087630, P
Justin Kelly, 2823669, P
J.B. Woodman, 2449456, OF|UT
Derlin Figueroa, 29686885, 1B|UT
Wade Wass, 2218078, C|UT
Dauris Valdez, 2826366, P
Logan Landon, 2227765, OF|UT
Brayan Medina, 29077591, P
Gilberto Jimenez, 2930895, OF|UT
Sean Youngerman, 50041336, P
Anderson Bido, 2847297, P
Drew Campbell, 28838569, OF|UT
Mason Neville, 50037902, OF|UT
KJ Harrison, 2910598, 1B|UT
Ivran Romero, 29686522, P
Griffin Roberts, 2837408, P
Austin Aune, 2053471, SS|UT
Adam Macko, 26911808, P
Garrett Farmer, 28838068, P
Hyun-il Choi, 3152063, P
Emilien Pitre, 29644444, 2B|UT
Eric Aguilera, 2171049, 1B|UT
Benny Montgomery, 26719576, OF|UT
DJ Gladney, 26615337, 1B|UT
Luis Devers, 29077661, P
Channy Ortiz, 28837772, SS|UT
Cael Brockmeyer, 2170503, C|UT
Luke Stevenson, 50009365, C|UT
Moises Gomez, 26635149, P
Griffin Lockwood-Powell, 29342451, 1B|UT
Carlos Rivero, 3107590, 2B|UT
Cesar Lugo, 50044759, OF|UT
Alejandro Pie, 28846861, SS|UT
Isaac Gallegos, 50043947, P
Tyler Esplin, 2836846, OF|UT
Tom Windle, 2066822, P
Caleb Farmer, 29085027, C|UT
Tyler Cyr, 2822211, P
Tai Peete, 29153562, OF|UT
Gavin LaValley, 2167348, 3B|UT
Mason Albright, 26911789, P
Stephen Alemais, 2921084, SS|UT
Gunner Gouldsmith, 29692365, SS|UT
Ryan Gallagher, 50041324, P
Anderson Feliz, 1961736, 3B|UT
Miller Hogan, 2837000, P
Alerick Soularie, 26615363, OF|UT
Matt Carasiti, 2218313, P
Jose Rodriguez, 29077646, OF|UT
Jesus Alastre, 2821127, OF|UT
Devin Sweet, 3158016, P
Lupe Chavez, 2507512, P
Michael Suchy, 2171250, OF|UT
Preston Beck, 2046504, 1B|UT
Levi Michael, 1894645, 2B|UT
Keagan Gillies, 29342263, P
Leonard Garcia, 50043838, P
Jeffrey Ramos, 3094729, OF|UT
Jon Harris, 2211225, P
Daiwer Castellanos, 28846846, OF|UT
Ricky Knapp, 2739971, P
Tyler Cropley, 2932665, C|UT
Ben Johnson, 2801264, OF|UT
Ramon Santos, 2825804, P
Alberto Barriga, 29644212, C|UT
Tanner Myatt, 2932970, P
Peyton Remy, 2837383, P
Riley Tirotta, 28843226, 3B|UT
Corey Wimberly, 1662094, 2B|UT
Alejandro Nunez, 50042288, 2B|UT
Mitchell Miller, 29085038, P
Tomas Morales, 2779812, C|UT
J.D. Gonzalez, 29321940, C|UT
Jakob Guardado, 50044013, P
John Klein, 50036775, P
Garrett McDaniels, 29631466, P
Andres Avila, 2228476, P
Brayan Morales, 2920934, OF|UT
Murf Gray, 50041213, 3B|UT
Diogenes Almengo, 3094345, P
Aaron Hernandez, 2932806, P
Oscar Gonzalez, 2930870, C|UT
Arturo Rodriguez, 2223634, C|UT
Chase Calabuig, 3157938, OF|UT
Brandon Brosher, 2772288, C|UT
Ben Ross, 29075474, SS|UT
Anthony Servideo, 26615328, 2B|UT
Tanner Murphy, 2167327, C|UT
Bryce Collins, 29683783, P
Jun-Seok Shim, 29322023, P
Jose Salas, 3152088, 2B|UT
Mavis Graves, 29632441, P
Gavin Kilen, 50009084, SS|UT
Cristian Arguelles, 50025091, OF|UT
Alex Royalty, 2933068, P
Cole McDonald, 29092498, P
Trevor Lane, 2915876, P
Garvin Alston, 28839741, P
Jeisson Rosario, 2910622, OF|UT
Valentin Linarez, 29354500, P
Gage Harrelson, 50044467, OF|UT
Leonel Valera, 2826398, SS|UT
Levi Sterling, 29644498, P
Cristofer Melendez, 28838280, P
Nick Altermatt, 50044978, P
Ryan Ramsey, 50043968, P
Ben Leeper, 28837046, P
Julio Pinto, 3158468, P
Franklin Labour, 2823751, OF|UT
Beau Brundage, 28842388, SS|UT
Aroon Escobar, 29662382, 2B|UT
Dixon Llorens, 2119871, P
Hunter Cranton, 29644466, P
Michael Beltre, 2804512, OF|UT
Grant Rogers, 50043996, P
Timothy Naughton, 2837282, P
Yunior Amparo, 50045002, SS|UT
Leosdany Molina, 28838047, SS|UT
Cam Leiter, 50041321, P
Mike Rothenberg, 29088493, C|UT
Jeremy Pilon, 29632444, P
Scott Kuzminsky, 2871413, P
Jacob Kmatz, 29644479, P
Rio Gomez, 2836925, P
Taylor Kohlwey, 2792433, OF|UT
Johnfrank Salazar, 50044999, 3B|UT
Esmith Pineda, 29322006, OF|UT
Michael Berglund, 2932279, C|UT
Mike Papi, 2136394, OF|UT
Cutter Coffey, 29075513, 3B|UT
Juan Sandoval, 1200837, P
Allan Cerda, 26861428, OF|UT
Brandon Johnson, 29675836, P
Joseph Rosa, 2780091, SS|UT
T.J. Nichting, 2837294, OF|UT
Brallan Perez, 2226581, SS|UT
Justin Farmer, 29090988, OF|UT
Zion Bannister, 28846903, OF|UT
Elvis Peguero, 2824940, P
Mason House, 2837009, OF|UT
Rainy Lara, 2226783, P
Max Herrmann, 2869878, P
Jhonatan German, 3157716, P
Logan Hofmann, 29092515, P
Ryan Bourassa, 29677816, P
Shawn Semple, 2837497, P
Stryker Trahan, 2029344, OF|UT
Luis Frias, 2822799, P
CJ Van Eyk, 2837626, P
Will Stewart, 3077727, P
Dru Baker, 28843203, OF|UT
Jace Grady, 29350953, OF|UT
Leandro Emiliani, 29086775, 1B|UT
Jordan Betts, 2227059, 3B|UT
Cedric De Grandpre, 29077594, P
Zach Davis, 3158171, OF|UT
Aderlin Rodriguez, 1812647, 3B|UT
Carson Roccaforte, 29295916, OF|UT
Zack Hess, 3157952, P
Thatcher Hurd, 29662225, P
Mike Wallace, 3107898, P
Peyton Stumbo, 50043875, P
Nathan Bates, 2918677, P
Taylor Sparks, 2169691, 3B|UT
Will Simpson, 29349536, 1B|UT
Jorge Marban, 2224835, P
Jason Urquidez, 1741022, P
Roemon Fields, 2171040, OF|UT
Cole Roederer, 2932039, OF|UT
Moises Rodriguez, 50044112, P
Chris Mokma, 26615449, P
Matthew Kent, 2918875, P
Tyler Reichenborn, 28846864, OF|UT
Brad Zunica, 2227499, 1B|UT
Fernando Perez, 29660684, P
Khristian Curtis, 29658248, P
Cody Palmquist, 2777676, P
Corey Walter, 2226130, P
Evan Shawver, 29676333, P
Marco Duarte, 2048463, P
Joey Pankake, 2170494, 2B|UT
Travis MacGregor, 26615432, P
Jabari Henry, 2171427, OF|UT
Alexander Cornielle, 29675824, P
Manuel Pena, 29077664, 1B|UT
Ian Leatherman, 28838277, P
Billy Carlson, 50002600, SS|UT
Zack Leban, 2932873, P
Harrison Kreiling, 29677762, P
Griff O'Ferrall, 29644441, SS|UT
Clayton McGinness, 28838885, P
Gerald Ogando, 2860171, P
Avain Rachal, 2171853, 1B|UT
Trevor Werner, 29322047, OF|UT
Adam Retzbach, 29342638, C|UT
Jorge Juan, 26861437, P
Ben Gobbel, 29091600, SS|UT
K.C. Hobson, 2227066, 1B|UT
Gavin Cross, 28920012, OF|UT
Robert Moore, 29075758, 2B|UT
Alejandro Garcia, 2615374, OF|UT
Freuddy Batista, 2829304, C|UT
Chris Ellis, 2167333, P
Brett Wellman, 2226848, C|UT
Wilkin Ramos, 29342434, P
Dimas Ojeda, 2756826, OF|UT
Mitch Delfino, 2167290, 3B|UT
Brock Porter, 29075487, P
Josh Grosz, 29679428, P
Drew Mendoza, 3158360, 3B|UT
Yhoangel Aponte, 29090711, OF|UT
Edgar Basabe, 29345622, OF|UT
Zach Petrick, 2090428, P
Adriel Radney, 29662363, OF|UT
Jose Mesa, 2824406, P
Matthew Olsen, 29085462, P
Marcelo Alcala, 50042276, OF|UT
Ryan Costello, 2836750, 3B|UT
Alex Dunlap, 2836829, C|UT
Daiverson Gutierrez, 29644247, C|UT
Max Rajcic, 29075738, P
Chaz Hebert, 2848439, P
Jimmy Kerrigan, 2864367, OF|UT
Mishael Deson, 26913037, OF|UT
Breland Almadova, 2044243, OF|UT
Jorge Rodriguez, 50042269, C|UT
Ryan Dobson, 2836814, SS|UT
Agustin Murillo, 1104290, 3B|UT
Matt Mullenbach, 29091597, P
Felix Stevens, 29091601, 1B|UT
Michael Byrne, 2932622, P
Shannon Wilkerson, 1741692, OF|UT
Grant Sides, 2171340, P
Tom Belza, 2050172, 2B|UT
Sam Armstrong, 29676038, P
Trae Arbet, 2921401, SS|UT
Gage Miller, 29644440, 2B|UT
Dalton Rogers, 29295992, P
Clayton Cook, 2740419, P
Micah Bello, 2931900, OF|UT
Adam Lau, 2915588, P
Kyle Nevin, 29085304, 1B|UT
Ty Adcock, 29089641, P
Luigi Rodriguez, 2120277, 2B|UT
Forrest Snow, 1918579, P
Cole Zabowski, 28843230, 1B|UT
Reece Hampton, 2932794, OF|UT
Reid Schaller, 2933085, P
Zane Barnhart, 29678290, P
Po-Yu Chen, 29321908, P
Tanner Rahier, 2044527, SS|UT
Herbert Iser, 29088959, C|UT
J.T. Hintzen, 2932818, P
Pedro Gonzalez, 2507498, OF|UT
Logan Wagner, 29075727, 3B|UT
Jaron Elkins, 50041320, OF|UT
Kalian Sams, 1741766, OF|UT
Jodd Carter, 2226827, OF|UT
Jose Izarra, 29089076, SS|UT
Sam Praytor, 29692597, C|UT
Bennett Lee, 50044069, C|UT
Matt Minnick, 28838281, P
Osiel Rodriguez, 29087626, P
Riley Delgado, 2836798, SS|UT
Juan Paniagua, 2044486, P
Juan Martinez, 2824164, P
Stephen Villines, 2837640, P
Zach Cone, 2046495, OF|UT
Jake Smith, 50044076, P
Yunior Tur, 50043066, P
Hayden Juenger, 29077342, P
Yeyson Yrizarri, 2167513, SS|UT
Santiago Chavez, 2227777, C|UT
Emanuel Andrews, 29342219, OF|UT
Brett Pope, 2837357, SS|UT
Kole Myers, 50044698, OF|UT
Gerson Molina, 3096714, OF|UT
Alan Strong, 2933128, P
Benjamin Onyshko, 28838089, P
Franklin De La Paz, 2829327, P
Calvin Harris, 29321944, C|UT
Jeison Guzman, 3151010, SS|UT
Chandler Champlain, 29077339, P
Oliver Tejada, 29662337, OF|UT
Nick Kahle, 26615319, C|UT
Patrick Biondi, 2226625, OF|UT
Geno Encina, 2804927, P
Walter Ibarra, 1666689, SS|UT
Joe Rizzo, 2447491, 3B|UT
Elijah Dunham, 26911768, OF|UT
Jared Solomon, 2837537, P
Tyler Brown, 2836661, P
Braedon Karpathios, 29676027, OF|UT
Maddux Bruns, 26719686, P
Wyatt Hoffman, 28843017, SS|UT
T.J. White, 29075775, OF|UT
Alejandro Salazar, 3094343, SS|UT
Christian Binford, 2167027, P
Matt Frisbee, 2932747, P
Mitch Brown, 2044493, P
Andy Lugo, 29678055, 3B|UT
Jonathan Todd, 29692604, P
Braden Nett, 29660677, P
Reed Trimble, 26911706, OF|UT
Angel Zarate, 29086588, OF|UT
Peter Maris, 2803762, 3B|UT
Zach Nehrir, 2227181, OF|UT
Brenden Dixon, 28842582, SS|UT
Lex Rutledge, 2118850, P
Miller Diaz, 2218315, P
Cooper Flemming, 50041222, SS|UT
Luke Hill, 50041097, 3B|UT
Correlle Prime, 2170131, 1B|UT
Dominic DeMasi, 2794800, P
Tanner Chleborad, 2822005, P
Anthony Santa Cruz de Oviedo, 50044022, 1B|UT
Tyler Mark, 3107242, P
Trey Cobb, 2836724, P
Guy Lipscomb, 29091648, OF|UT
Yadir Drake, 2227788, OF|UT
Christian James, 3152798, P
Michael Plassmeyer, 2933017, P
Connor Panas, 2919706, 3B|UT
Carter Cunningham, 29687313, 1B|UT
Luis Guanipa, 29321941, OF|UT
JoJo Jackson, 50044506, OF|UT
Yophery Rodriguez, 29322012, OF|UT
Austin Smith, 2211223, P
Justin Jacobs, 2851842, OF|UT
Nolan Long, 3107155, P
Ricardo Cabrera, 28839806, 3B|UT
Ahbram Liendo, 29086758, 2B|UT
Shawon Dunston, 2050498, OF|UT
Paul Wilson, 29295973, P
John Doxakis, 3152123, P
Derek Miller, 2804018, OF|UT
Jack Blomgren, 26615357, SS|UT
Gregory Barrios, 29091314, SS|UT
Nehomar Ochoa, 29321998, OF|UT
Tyler Ras, 50043989, P
Jose Corniell, 29292532, P
Ricardo Cespedes, 2507904, OF|UT
Luke Ritter, 3157901, 3B|UT
Tyler Alexander, 3095702, P
Rio Foster, 29658253, OF|UT
Isaac Ballou, 2119661, OF|UT
Miguel Ugueto, 29087631, OF|UT
Tucker Flint, 29342257, OF|UT
Francisco Morales, 2911280, P
John Cresto, 3158254, 3B|UT
Hans Crouse, 2836766, P
Daniel Martinez, 29342431, P
Freili Encarnacion, 29685394, 3B|UT
Joel Hurtado, 29342282, P
Lucas Herbert, 2921559, C|UT
Nolan Becker, 2804235, P
Rickardo Perez, 26643919, 1B|UT
James Kennedy, 2227981, C|UT
Joe Donovan, 2836820, C|UT
Gerelmi Maldonado, 29321979, P
Dylan Thompson, 2211750, P
Weilnton Herrera, 29693204, P
Eduardo Herrera, 2830239, P
Mayo Acosta, 1670944, C|UT
Chris Baker, 2804935, SS|UT
Tyler Myrick, 29089644, P
Jacob Jenkins-Cowart, 29680496, 1B|UT
Sheng-Ping Chen, 29342450, SS|UT
Austin Callahan, 28850998, 3B|UT
Luis Lara, 29077660, OF|UT
Paul Bonzagni, 50041356, P
Jaquez Williams, 2921622, 1B|UT
Denny Roman, 28842427, P
Luke Leftwich, 2921392, P
Drew Dosch, 2167299, 3B|UT
Heriberto Ruelas, 1663442, P
Anthony Miller, 2228434, 1B|UT
Michael Gettys, 2167489, OF|UT
Jake DeLeo, 29683708, OF|UT
Aiden May, 29644483, P
Brandon Neeck, 29676107, P
Hunter Smith, 3094396, P
Axiel Plaz, 50042272, C|UT
Cody Beckman, 2836587, P
Jonah Todd, 2837605, OF|UT
Joe Perez, 2837338, 3B|UT
Tate Kuehner, 50042722, P
Hayden Senger, 26637982, C|UT
Tayler Saucedo, 26682004, P
Jordan Zimmerman, 2915602, 3B|UT
Jesus Pirela, 2169916, P
Conor Fisk, 2921502, P
Lenny Torres, 2932060, P
Shane Telfer, 29675456, P
Jauri Custodio, 29088488, OF|UT
Todd Hankins, 2051178, 2B|UT
Donovan Casey, 2836702, OF|UT
Tyler Thomas, 3103748, P
Kendall Simmons, 29342343, 2B|UT
Amado Nunez, 2507362, 2B|UT
Ian Strom, 2791375, OF|UT
Renny Hidalgo, 29086130, OF|UT
Will Swanner, 2050583, C|UT
Cody Reed, 2211173, P
Jake McSteen, 28842393, P
Jason Morozowski, 2226156, OF|UT
John Michael Faile, 29680511, C|UT
Alexis Rivero, 2825428, P
Eric Adler, 29295968, P
Yoel Tejeda, 50037912, P
Luis Caballero, 2171882, 3B|UT
Dylan O'Rae, 29075534, 2B|UT
Marcos Lennin Molina, 26616952, P
KC Serna, 2226169, SS|UT
Kevin Alvarez, 29669151, OF|UT
Keinner Pina, 2825108, C|UT
Chad Dallas, 26911818, P
Osvaldo Abreu, 2227735, SS|UT
Jesus Estrada, 1603346, P
Robert Tyler, 2826336, P
Darrell Thompson, 29091595, P
Yerlin Confidan, 26913035, OF|UT
Arxy Hernandez, 29687330, 3B|UT
Kyle McPherson, 2837213, 2B|UT
Jason Blanchard, 29678306, P
Trae Santos, 2225423, 1B|UT
Ricardo Valenzuela, 2228199, C|UT
Keith Jones II, 50044205, OF|UT
Danny Dopico, 3107128, P
Abdiel Layer, 2837113, 3B|UT
Jackson Fristoe, 29087622, P
Collin Theroux, 2804025, C|UT
Bryce Montes de Oca, 2837253, P
Andrew Daschbach, 3157968, 1B|UT
Dakota Donovan, 28837788, P
Jaden Fein, 28843184, OF|UT
Bryan Hudson, 2226888, OF|UT
Stewart Ijames, 2171251, OF|UT
Cameron Barstad, 2932271, C|UT
Anthony Phillips, 1956976, SS|UT
Nick Lovullo, 2823962, 2B|UT
Matt Marsh, 2739970, P
Juan Ciriaco, 549244, SS|UT
Scott Weathersby, 2797796, P
Robert Arias, 29662258, OF|UT
Jeffrey Palumbo, 26876465, SS|UT
JT Schwartz, 26911667, 1B|UT
C.D. Pelham, 2920592, P
Seth Johnson, 3117940, P
Braylin Morel, 29662335, OF|UT
Keshawn Ogans, 29086258, SS|UT
Braylen Wimmer, 29676025, SS|UT
Tyler Marlette, 2114647, C|UT
Jacob Rhinesmith, 2933045, OF|UT
Steven Brooks, 50044003, P
Aaron Antonini, 3157471, C|UT
Matt Lollis, 1804328, P
J.D. Thompson, 50041203, P
Yunior Marte, 50042250, P
Wendell Rijo, 2170021, 2B|UT
M.D. Johnson, 29077346, P
Robby Martin, 26911694, OF|UT
Kirby Bellow, 2921574, P
Kobe Kato, 29676691, 2B|UT
Connor Caskenette, 29689592, C|UT
Matt Pidich, 2933012, P
Kevin Made, 26913009, 2B|UT
Josh Caron, 29644418, C|UT
Brett Banks, 50043881, P
Josh Whitaker, 1808026, OF|UT
Thomas Gavello, 50044145, C|UT
Nick Torres, 2170717, OF|UT
Cade Gotta, 2171612, OF|UT
Jordan Viars, 26911702, OF|UT
Charles Nading, 2804686, P
Dom Johnson, 29086554, OF|UT
Garrett Hiott, 28840772, OF|UT
Ronald Bueno, 2171389, 2B|UT
Anthony Seigler, 2942983, 3B|UT
Steven Zobac, 29445812, P
Tanner Murray, 28842586, SS|UT
Isrrael De La Cruz, 2822266, SS|UT
Nick Peoples, 29350158, OF|UT
Aldrem Corredor, 2822124, OF|UT
Jake Johansen, 2066833, P
Parker Curry, 2822207, P
Austin Pope, 29342327, P
Juan Cabada, 50041370, 2B|UT
Josh Richmond, 1961065, OF|UT
Colin Davis, 28843015, OF|UT
Connor Van Scoyoc, 2933155, P
Cameron Cannon, 3152106, 2B|UT
Matt Scannell, 50045012, OF|UT
Connor Sadzeck, 2118802, P
Connor Noland, 29678057, P
Nick Vespi, 27022466, P
Chris Alleyne, 29344253, OF|UT
Tyler Mattison, 26911773, P
Jared James, 2823528, OF|UT
Ordomar Valdez, 2120407, 2B|UT
Ricky Oropesa, 1954883, 1B|UT
Mark Zimmerman, 2803303, P
Blane Abeyta, 29087578, P
Ryan Dent, 1670386, 2B|UT
Taylor Ard, 2797623, 1B|UT
Devin Saltiban, 29322016, OF|UT
Brian Fitzpatrick, 50043884, P
Kervin Suarez, 2826105, 2B|UT
Luis Rodriguez, 29077659, P
Ti'Quan Forbes, 2739979, 3B|UT
Jake Thompson, 2837599, P
Sean Gamble, 50009353, OF|UT
Patrick Dorrian, 27022479, 2B|UT
Wander Perez, 2804726, P
Jordan McCants, 26911691, 2B|UT
Dickie Joe Thon, 2804922, 2B|UT
Brett Ash, 2780090, P
Johan Moreno, 50044761, P
Bruce Caldwell, 2227772, 2B|UT
Rainer Nunez, 28846859, 1B|UT
Jay Allmer, 50043771, P
Hedbert Perez, 3168848, OF|UT
Aaron Watson, 50041095, P
Beck Wheeler, 2121017, P
Tim Piasentin, 50041226, 3B|UT
Ralston Cash, 2699567, P
Brett Conine, 2932648, P
Gunnar Heidt, 2746507, SS|UT
Yosber Sanchez, 50044411, P
Grant Kay, 2228190, 2B|UT
Freicer Perez, 2825029, P
Ben Hernandez, 26615420, P
Andrew Magno, 29085444, P
Jake Reed, 2171334, P
Erubiel Armenta, 29084387, P
Spencer Henson, 28843213, 1B|UT
Angel Chivilli, 29290962, P
Connor Lunn, 29084370, P
Tyler Santana, 29342338, P
Jose Alexander Martinez, 3107294, SS|UT
Matt Alvarez, 2227176, P
Luis Cruz, 2216696, C|UT
Tyler Osik, 2837312, 3B|UT
Darlin Moquete, 28851010, OF|UT
Ryan Jennings, 29342286, P
Juan Zapata, 28838309, P
Ivan Johnson, 26615355, OF|UT
Simon Rodriguez, 29087232, OF|UT
Jacob Steinmetz, 26911745, P
Kyle Haynes, 2220258, P
Alex Guerrero, 2932787, 1B|UT
Raffi Vizcaino, 2826531, P
Carter Williams, 29084419, OF|UT
Luis Mateo, 2053479, P
Noah Murdock, 26635156, P
Jimmy Endersby, 26912507, P
Carter Stewart, 2942968, P
Kevin Torres, 2051187, C|UT
Blake Allemand, 2821165, SS|UT
Mauricio Ramos, 2226046, 3B|UT
Tevin Tucker, 29084226, 2B|UT
Mason Nichols, 50044957, P
Dean Moss, 50041352, OF|UT
Amalani Fukofuka, 2211206, OF|UT
Kolton Curtis, 50042293, P
Elvis Peralta, 28842425, SS|UT
Trevor Clifton, 2453260, P
Chris Jacobs, 2049016, 1B|UT
Tanner Murphy, 29087199, OF|UT
Terry McClure, 2228218, OF|UT
Nate Peterson, 50044340, P
Noah Mendlinger, 28840953, OF|UT
Riley Thompson, 3116184, P
Cortland Lawson, 29689746, SS|UT
Aaron Schunk, 3151905, 2B|UT
Dyan Jorge, 29077605, SS|UT
Gavin Collyer, 50040128, P
Mitch Longo, 2918672, OF|UT
Collin Price, 29085773, C|UT
Josh Graham, 2823088, P
Hunter Patteson, 50042620, P
Aaron McKeithan, 29670827, C|UT
Jose Cordova, 29360023, C|UT
Pico Kohn, 50041332, P
Micah McDowell, 29683492, OF|UT
Blake Wright, 29676115, SS|UT
Ramiro Dominguez, 50044891, 2B|UT
Donny Sands, 2447475, C|UT
Marty Costes, 2836751, OF|UT
Vinny Siena, 2804509, 2B|UT
Yunior Marte, 3095063, P
Sam Kulasingam, 29686887, 1B|UT
Felix Negueis, 29084371, OF|UT
Justin Guerrera, 28841535, SS|UT
Maxx Tissenbaum, 2047808, 2B|UT
Tanner Franklin, 50041349, P
Kyle Hayes, 29667765, C|UT
Trace Loehr, 3157957, SS|UT
Gustavo Polanco, 2804679, C|UT
Chris Wright, 28838092, P
John Valente, 3104022, 3B|UT
Erick Mejia, 2171341, 3B|UT
Luis Toribio, 3152048, 3B|UT
Kyle Brnovich, 29342235, P
Jensen Elliott, 29085025, P
Luis Torres, 29342358, 1B|UT
Clay Edmondson, 50043945, P
Zach Clark, 2921400, OF|UT
Yunior Severino, 2830260, 3B|UT
Alex Carrillo, 50002367, P
Myles Naylor, 29153566, 3B|UT
Trystan Vrieling, 29075781, P
Dillon Persinger, 2837343, 2B|UT
Gage Stanifer, 50037906, P
Victor Mateo, 1963323, P
Jaylen Palmer, 26615335, OF|UT
Dervy Ventura, 29693211, 2B|UT
Josh Turley, 2121456, P
Juan Reynoso, 50044804, P
Tyler Vogel, 29360068, P
Camilo Diaz, 29321918, 3B|UT
Sicnarf Loopstok, 2228481, C|UT
Beyker Pastran, 28847205, SS|UT
Luis Mieses, 2829077, OF|UT
Elih Marrero, 2932914, C|UT
Carlos Gomez, 29087923, P
Andrew Case, 2804517, P
Logan Boyd, 2915533, P
Colin Bray, 2119299, OF|UT
Sam Brown, 29348145, 1B|UT
Seth Varner, 2826423, P
John Spikerman, 29658265, OF|UT
Kendry Martinez, 50041371, 2B|UT
Dexter Kjerstad, 2797625, OF|UT
Julio Francisco, 2829022, OF|UT
Noah Denoyer, 29033790, P
Cam Maron, 2171034, C|UT
Matt Solter, 2826011, P
Alsander Womack, 29090733, 2B|UT
Joswa Lugo, 29662456, SS|UT
Jack Young, 29692367, P
Brian Keller, 2915826, P
Will Turner, 29677744, OF|UT
Jordan Procyshen, 2624305, C|UT
Alex De Jesus, 26912444, 3B|UT
Zack Showalter, 29295989, P
Erik Rivera, 26615421, P
Brad Roney, 3158598, P
Johan Macias, 50044760, 2B|UT
D'Shawn Knowles, 3077722, OF|UT
Aaron Nixon, 50043770, P
Aaron Knapp, 2791367, OF|UT
Sayer Diederich, 50044963, P
Tyler Frost, 2836886, OF|UT
Brayden Smith, 50044410, 2B|UT
Javier Rivas, 28843222, SS|UT
Ryan Birchard, 50043902, P
Jonathan Ornelas, 3077694, SS|UT
Rodney Green, 29644429, OF|UT
Jacson McGowan, 2932929, 1B|UT
Torii Hunter, 2798057, OF|UT
Stu Flesland III, 50044379, P
Kelvin Hidalgo, 50042254, SS|UT
Alex Balog, 2066835, P
Jake Miller, 50036777, P
Mark Sappington, 2044117, P
Jacob Heatherly, 2836975, P
Dylan Heid, 29342413, P
Tyler Erwin, 3101477, P
Aeverson Arteaga, 26912441, SS|UT
Dameury Pena, 29662386, 2B|UT
Nick Swiney, 26615399, P
Boston Bateman, 29644462, P
Cole Anderson, 2734421, OF|UT
Luke Burch, 2836669, OF|UT
Luke Berryhill, 28838045, C|UT
Brad Case, 2932633, P
Kaleb Corbett, 50045006, P
Juan Negret, 2829088, OF|UT
Jack Dashwood, 29090129, P
Luis Diaz, 2220464, P
Ricardo Romero, 50044618, SS|UT
Lael Lockhart, 29342299, P
Kayson Cunningham, 50009348, SS|UT
Chris Roller, 2837430, OF|UT
Michael Guldberg, 26911716, OF|UT
Luis Baez, 2930766, OF|UT
Jose Disla, 3108526, P
Darius Day, 2227180, OF|UT
Wladimir Pinto, 2825131, P
Corey Black, 2040762, P
Roldani Baldwin, 2821402, C|UT
Franklin Guzman, 2227896, OF|UT
Reece Walling, 29086103, OF|UT
Colton Eastman, 2932713, P
Trent Farquhar, 29676690, 2B|UT
Jose Martinez, 2835155, P
Isael Soto, 2167476, OF|UT
Alessandro Ercolani, 29644517, P
John Gil, 50042251, SS|UT
Jimmy Lewis, 3152118, P
Isiah Gilliam, 3094416, OF|UT
Tommy Shirley, 2171303, P
Brandon Sandoval, 2837461, OF|UT
Darius Hill, 28837127, OF|UT
William Simoneit, 29086780, C|UT
Colin Barber, 26615378, OF|UT
Satchel McElroy, 2804023, OF|UT
Tyler Frank, 2931943, SS|UT
Abel Bastidas, 26643935, 2B|UT
Hunter Owen, 29322002, P
Abrahan Ramirez, 29679125, 2B|UT
Luis Lugo, 3096444, P
Patrick Halligan, 29342625, P
Todd Isaacs, 2759862, OF|UT
Christian Charle, 29089618, P
Alex Hoppe, 29342278, P
Jayden Kim, 50044833, SS|UT
Evan Fitterer, 26615424, P
Angel Lopez Alvarez, 2837142, C|UT
Colby Halter, 29349532, 2B|UT
Rob Rogers, 2226606, P
Jorel Ortega, 29084158, 2B|UT
Luis Chevalier, 29680510, 3B|UT
Adrian Placencia, 26912515, 2B|UT
Kyle West, 50044894, OF|UT
Ronny Brito, 2821686, 3B|UT
Christian Olivo, 28851014, SS|UT
Josh Ekness, 29674814, P
Tommy Vail, 50044116, P
Frank Batista, 1957208, P
Wagner Lagrange, 3157900, OF|UT
Norwith Gudino, 2823137, P
Caden Monke, 29086777, P
Chris Diaz, 2121874, SS|UT
Ricardo Olivar, 29087586, C|UT
Jerry Downs, 2915912, OF|UT
Sterling Romero, 29088946, OF|UT
Daniel Camarena, 2693898, P
Ruben Sosa, 2119660, 2B|UT
Juan Pinto, 26912479, P
Yenrri Rojas, 50043877, P
Joshua Rivera, 29295912, SS|UT
Dan Rohlfing, 1803823, C|UT
Dalbert Siri, 2825960, P
Nick Garcia, 26616949, P
Abiezel Ramirez, 2829405, SS|UT
Cooper Johnson, 3157028, C|UT
Brandon Birdsell, 29476136, P
Jesse Medrano, 2837215, 3B|UT
Tim Elliott, 26615436, P
Joel Diaz, 26912466, P
Nate Ocker, 28838887, P
Tim Arakawa, 2821277, 2B|UT
Ty Tice, 2837603, P
Derrick Chung, 2118562, C|UT
Jimmy Allen, 2227980, 2B|UT
Michael Gomez, 28838275, P
Herlis Rodriguez, 2825505, OF|UT
Joseph Monge, 2223640, OF|UT
Jose Ruiz, 1798363, 1B|UT
Andrew Bash, 29096095, P
TJayy Walton, 29322045, OF|UT
Cade Hunter, 29687331, C|UT
Conrad Gregor, 2791373, 1B|UT
Ray Gaither, 29330466, P
Angel Bastardo, 29321887, P
Will Taylor, 29687756, OF|UT
Jose Olivares, 29660658, P
Joendry Vargas, 29322043, SS|UT
Jayden Jobert, 29680224, OF|UT
Stephen Bruno, 2121071, SS|UT
Gerardo Carrillo, 2829311, P
Nic Kent, 29089059, SS|UT
Max Burt, 3157920, 3B|UT
Ronnie Freeman, 2170038, C|UT
DJ Layton, 29644436, 2B|UT
Micah Dallas, 29683475, P
Michael De La Cruz, 2122187, OF|UT
Harold Coll, 50044437, SS|UT
Anthony Hoopii-Tuionetoa, 50043938, P
Logan Salow, 2837455, P
Madison Santos, 2932047, OF|UT
Blake Dickerson, 29321920, P
Adony Mejia, 29088540, C|UT
Bryson Smith, 2048776, OF|UT
Jose Peroza, 2829105, 3B|UT
Bryce Osmond, 50044809, P
Jacob Bosiokovic, 2801262, 1B|UT
Joey Marciano, 28841191, P
Henry Henry, 2823289, P
Addison Kopack, 29686706, C|UT
Pat DeMarco, 2836801, OF|UT
Daniel Montesino, 26912513, OF|UT
River Stevens, 2226786, 2B|UT
Zach Ashford, 28842148, OF|UT
Jack Lopez, 2121320, 2B|UT
Mason McCullough, 2921414, P
Matt Lloyd, 28841049, OF|UT
Dylan Spain, 28842591, P
Drew Vettleson, 1765822, OF|UT
Jose Mujica, 28842607, C|UT
Francisco Jimenez, 2823569, P
Fred Schlichtholz, 2837478, P
Joe Elbis, 29077626, P
Malvin Valdez, 26913053, OF|UT
Juan Brito, 29033786, 2B|UT
Cristhian Rodriguez, 28843168, 3B|UT
Mark Kolozsvary, 2837095, C|UT
Chase Strumpf, 3152098, 1B|UT
Rayder Ascanio, 2171391, SS|UT
Joseph Kuzia, 2836024, P
Griffin Hugus, 50041344, P
Matt Anderson, 2169786, P
Kevin Ziomek, 2066824, P
Fran Alduey, 26643933, SS|UT
Cody Scroggins, 29085047, P
Justin Bohn, 2120725, SS|UT
Zander Mueth, 29295984, P
Luis Heredia, 1839915, P
Hunter Jones, 2170301, OF|UT
John Bay, 50043927, OF|UT
Roberto Chirinos, 28843207, SS|UT
Jamal O'Guinn, 28846907, OF|UT
Andrew Cossetti, 29683443, C|UT
Anthony Gallas, 2050951, OF|UT
Daniel Nunez, 29675841, P
Cal Towey, 2171869, 1B|UT
Evan Gates, 29085280, P
Carl Calixte, 50044835, OF|UT
Bryan Balzer, 50042259, P
Brandon Cain, 50044374, OF|UT
Garrett Davila, 2507334, P
Blake Logan, 2120600, P
JD Dix, 29644424, 2B|UT
McCarthy Tatum, 28841148, 3B|UT
Ronnie Mitchell, 2227480, OF|UT
Stefan Sabol, 2223752, OF|UT
Samuel Perez, 29679123, P
Wilkerman Garcia, 2211765, SS|UT
Daniel Tillman, 1937338, P
Jake Cosart, 2822133, P
Justin Maffei, 2171693, OF|UT
Deiner Lopez, 2227063, 2B|UT
Jeff Boehm, 2227125, 2B|UT
Matt Walker, 29088497, P
Brandan Bidois, 50036768, P
Grant Little, 2931986, OF|UT
Ben Sears, 29677732, P
Derek Rodriguez, 1655645, P
Diego Goris, 2167036, SS|UT
Barret Loux, 1840205, P
Daniel Juarez, 29342291, P
J.D. McLaughlin, 29342415, OF|UT
Jaden Fauske, 50041308, OF|UT
Zach Shepherd, 2170278, 3B|UT
Amilcar Chirinos, 50044910, P
Michael Papierski, 2837321, C|UT
RJ Hively, 2113499, P
Sebastian Gongora, 50044463, P
Trey Supak, 2167462, P
Samuel Sanchez, 29662105, P
Cassidy Brown, 2777673, C|UT
Eric Filia, 2756825, OF|UT
Vance Honeycutt, 29426051, OF|UT
Nathan Rodriguez, 3094354, C|UT
Jordan Brewer, 26615391, OF|UT
Drew Swift, 26912449, 3B|UT
Romeo Sanabria, 29632436, 1B|UT
Juan Carela, 29077650, P
Zach Kokoska, 29683787, OF|UT
Daury Vasquez, 50041366, P
Carter Gwost, 50044965, OF|UT
Estuar Suero, 29322027, OF|UT
Ronny Cruz, 29644421, SS|UT
Andrews Opata, 50044371, OF|UT
Claudio Finol, 2829336, 3B|UT
Anderson Pilar, 2825096, P
Ethan Routzahn, 29675844, P
Gray Fenter, 3152059, P
Adam Crampton, 29089620, SS|UT
Reese Lumpkin, 50044017, P
Buddy Reed, 2449453, OF|UT
A.J. Murray, 2803411, C|UT
Freddvil Chevez, 28846850, 1B|UT
Lucas Benenati, 2804236, P
Alex Mauricio, 2837184, P
Zack Zehner, 2740136, OF|UT
Nick Becker, 50041217, SS|UT
Matt McPhearson, 2226128, OF|UT
T.J Hopkins, 28841208, OF|UT
Bradlee Beesley, 28837102, OF|UT
Joey Rose, 2910607, 1B|UT
Boomer White, 2804936, 2B|UT
T.J. Nichols, 50027254, P
Daison Acosta, 26615429, P
Shane McCarthy, 2837192, P
Peyton Gray, 29342267, P
Yohairo Cuevas, 29349508, 1B|UT
Hector Mendoza, 2914725, P
Alfonsin Rosario, 29658263, OF|UT
Danny Watson, 29087590, P
Ernesto Wilson Martinez, 28841697, 1B|UT
Teddy McGraw, 29321985, P
Randy Wynne, 28838542, P
Alexander Ovalles, 29087925, OF|UT
Reid Morgan, 29682371, P
Luis Rodriguez, 2825537, OF|UT
Rubel Cespedes, 29086245, 3B|UT
Tanner Kiest, 29342294, P
Alexfri Planez, 26615367, OF|UT
Taylor Murphy, 2169721, OF|UT
Joe Nahas, 29342316, P
Carson LaRue, 3157954, P
Ike Schlabach, 3158355, P
Caleb Ramsey, 2048646, OF|UT
Jase Bowen, 28841664, OF|UT
Jeffeson Medina, 3107256, P
Reggie Pruitt, 2910619, OF|UT
D.J. Carpenter, 50043943, P
Ryan Boyer, 29342233, P
Dugan Darnell, 29085023, P
Juan Silverio, 1741007, SS|UT
Ryan Arrowood, 2121169, P
Andy Perez, 29686665, SS|UT
Carlson Reed, 29084217, P
Gareth Morgan, 2167508, OF|UT
Daniel Guilarte, 28847203, 2B|UT
Robert Broom, 3158013, P
Cesar Berbesi, 29091130, SS|UT
Marcos Torres, 29322038, OF|UT
Wyatt Mills, 2837239, P
John Holobetz, 29676655, P
Jackson Nezuh, 29644530, P
Daniel Gibson, 2218316, P
Nick Howard, 2136392, P
Jose Rodriguez, 29676686, P
Braeden Schlehuber, 1735794, C|UT
Jack Herman, 3077697, OF|UT
T.J. Brock, 29092530, P
Brandon Waddell, 2453408, P
Gabriel Yanez, 2873183, P
Michael Salina, 50041341, P
Franny Cobos, 28839912, P
Jake Haberer, 3107699, P
Adrian Rondon, 2167423, 2B|UT
Noah Williamson, 28851019, OF|UT
Vince Fernandez, 2804514, OF|UT
Mike Kaelin, 3093640, P
D.J. Stewart, 2837564, 1B|UT
Andrew Schwaab, 2918659, P
Tyresse Turner, 29090136, SS|UT
Junior Arias, 1804114, SS|UT
Victor Lizarraga, 26912474, P
Brady Allen, 28841533, OF|UT
Engelth Urena, 29662390, 1B|UT
Robbie Baker, 29084410, P
Clark Scolamiero, 2837487, OF|UT
Yorlis Rodriguez, 28841194, 3B|UT
Ramon Hernandez, 2823351, 1B|UT
Dylan Harris, 28842423, OF|UT
Cameron Foster, 29676047, P
Nate Reed, 2120119, P
Connor Cooke, 29092531, P
Oscar Campos, 29091131, C|UT
Jose Ramos, 26913048, OF|UT
Matt Hearn, 3103547, OF|UT
London Lindley, 2227639, OF|UT
Jay Jabs, 2915688, 3B|UT
Skeiling Rodriguez, 28842153, OF|UT
Michael Boyle, 2786283, P
J.T. Arruda, 29692983, 2B|UT
Ernie De La Trinidad, 2836788, OF|UT
David Armendariz, 2171337, OF|UT
Champ Stuart, 2228475, OF|UT
Shane Opitz, 1963305, SS|UT
Dario Beltre, 3094346, P
Grant Wolfram, 29329333, P
Jayson Bass, 29686517, OF|UT
Konner Eaton, 50041102, P
Luis Contreras, 29084411, P
Jarod Wright, 29084573, P
Luis Durango, 29087646, OF|UT
Alfredo Angarita, 2821251, 2B|UT
Kannon Kemp, 29658257, P
Justin Ferrell, 3152777, P
Haden Erbe, 29342253, P
Willy Yahn, 2837709, 3B|UT
Colin Burgess, 50044234, C|UT
Ryan Jackson, 50044387, SS|UT
Wilson Garcia, 2822904, C|UT
Marlin Made, 28842468, OF|UT
Matt Frawley, 2921347, P
Mitch Horacek, 2226385, P
Vinny Nittoli, 3093626, P
Reid VanScoter, 29341711, P
Matt Mikulski, 26911743, P
Francisco Renteria, 50043812, OF|UT
Ryan Wideman, 50041340, OF|UT
Drew Mount, 3158015, OF|UT
Jamari Baylor, 26615353, SS|UT
Christopher De La Cruz, 2931270, OF|UT
Nick Morabito, 29075747, OF|UT
Kruz Schoolcraft, 50009355, P
Quincy McAfee, 3158533, SS|UT
Heiker Meneses, 1956991, 2B|UT
Damek Tomscha, 2921563, 1B|UT
Blake Goldsberry, 29089621, P
Clark Elliott, 29075505, OF|UT
Balbino Fuenmayor, 2220475, 1B|UT
Bjay Cooke, 29087661, SS|UT
Ryan Stafford, 29687317, C|UT
Cole Conn, 50044419, C|UT
Gabriel Garcia, 2506929, 3B|UT
Troy Sieber, 2921610, 1B|UT
Jack Seppings, 29085821, P
C.J. Pittaro, 29692150, OF|UT
Jefrey De Los Santos, 28846851, SS|UT
Jose Alvarez, 2830085, C|UT
Welbyn Francisca, 29321936, SS|UT
Jakob Christian, 29644420, OF|UT
Viandel Pena, 2931295, 2B|UT
Justin Barry, 50044370, OF|UT
Steven Leyton, 29085284, SS|UT
Jordan Thompson, 29682095, SS|UT
Eury Ramos, 2825282, P
Adrian Santana, 29034796, P
Robert Henry, 2836981, OF|UT
Tyler Depreta-Johnson, 3102404, SS|UT
Brainer Bonaci, 26913004, SS|UT
Lazaro Estrada, 29668947, P
Sean Linan, 29679088, P
Tyreque Reed, 2837379, 1B|UT
Andry Lara, 26913413, P
Keiner Delgado, 29077651, 2B|UT
Freddy Guilamo, 28839287, C|UT
Yerry Rodriguez, 2825562, P
Jeff Bain, 2836561, P
Jeff Roy, 2118822, OF|UT
William Ouellette, 2824820, P
Kyle Lodise, 50041093, SS|UT
Emerson Landoni, 2121297, 2B|UT
Gerald Bautista, 2218069, 1B|UT
Darlyn De Leon, 50044621, OF|UT
Alexander Benua, 29689769, OF|UT
Jevoni Robinson, 3078615, SS|UT
Dakody Clemmer, 3158078, P
Josh Hejka, 29688606, P
Mac Horvath, 29295892, OF|UT
Nick Pasquale, 2760035, P
Chase Estep, 29086117, 3B|UT
Eleardo Cabrera, 2821758, OF|UT
Ramon Ramirez, 29644227, C|UT
Kyle Bischoff, 50044143, P
Michael Mader, 2167351, P
Patrick Winkel, 29087591, C|UT
Brandyn Garcia, 29344255, P
Josh Harlow, 29683749, P
Angel Rosa, 2121482, SS|UT
Ryan Metzler, 3101500, 3B|UT
Hueston Morrill, 29686866, P
Alex McCoy, 50044914, OF|UT
Paul Witt, 28843189, SS|UT
Ashton Creal, 28843013, OF|UT
Ryan Boldt, 2449455, OF|UT
Bryan Valdez, 2826365, P
Collin Ferguson, 2228499, 1B|UT
Ethan Dorchies, 50041205, P
Blake Hunt, 2837021, C|UT
Brody Colvin, 1803784, P
Jose Urbina, 29660692, P
Will Robertson, 2837413, OF|UT
Daniel Paolini, 2120049, 2B|UT
Darren Bowen, 50044005, P
Leandro Arias, 29077654, SS|UT
Josh Pennington, 2449984, P
Jacob Meador, 29675840, P
Trever Allen, 2227123, OF|UT
Trace Tam Sing, 2171695, 2B|UT
J.T. Watkins, 2227065, C|UT
Sean Mooney, 29075768, P
David Griffin, 29085281, P
Michael Forret, 29644526, P
Peter Van Loon, 29675768, P
Joey Gerber, 2932761, P
Yoelvin Silven, 26912487, P
Justin Twine, 2167934, SS|UT
Case Williams, 26615418, P
Argenis Jimenez, 28846854, OF|UT
Wesley Moore, 29675796, P
Canyon Brown, 29679112, C|UT
Angel Mendoza, 29089624, OF|UT
Armond Upshaw, 3104011, OF|UT
Devan Ahart, 2171165, OF|UT
Ryan Och, 29672112, P
Anthony Quirion, 29089886, C|UT
Luis Lameda, 29692628, 3B|UT
Waner Luciano, 29342302, 3B|UT
Beycker Barroso, 29085944, C|UT
Arturo Reyes, 2224836, P
Pablo Olivares, 2824750, OF|UT
Brandon Parker, 29086559, OF|UT
Wellington Aracena, 50042242, P
Luis Almeyda, 29321879, 3B|UT
Ben Ramirez, 2837370, SS|UT
Durbin Feltman, 2932730, P
Tyler Bremer, 2759730, P
Ryan Holgate, 26911727, 1B|UT
Deon Stafford, 2837549, C|UT
Jean Carlos Henriquez, 50043262, P
Tavian Josenberger, 29342290, OF|UT
Karson Milbrandt, 29075723, P
Yeiferth Castillo, 50044855, OF|UT
Jose Davila, 50044138, P
Tom Colletti, 2921619, P
Diego Hernandez, 2930883, OF|UT
Johan Yan, 1960794, P
Bill Knight, 29090869, OF|UT
Mitchell Kilkenny, 2931979, P
Jacob Scavuzzo, 2114644, OF|UT
John Aiello, 2932588, 3B|UT
Curt Powell, 2121208, SS|UT
Sharlon Schoop, 2170680, SS|UT
Eric Wood, 2171091, 3B|UT
Sam Carlson, 2836694, P
Mikey Romero, 28920027, 3B|UT
Brett Squires, 29345798, 1B|UT
Alex Valverde, 2837625, P
Jared Dickey, 29321921, OF|UT
Ryan Middendorf, 29088541, P
Barrett Loseke, 2932889, P
Jorgan Cavanerio, 2821936, P
Owen Wild, 29644534, P
Andrew Wantz, 2933184, P
Nick Fraze, 29351812, P
Andriel Lantigua, 29091134, C|UT
Austin Ross, 3157971, P
Emmanuel Ramirez, 2825247, P
Cameron Seitzer, 2118916, 1B|UT
Gabriel Ponce, 29092534, P
Jeff McVaney, 2044755, OF|UT
Keaton Steele, 2921577, P
Gustavo Rodriguez, 50042662, P
Hayden Durke, 29680519, P
Ryan Conroy, 2932650, P
Colby Lusignan, 2921607, 1B|UT
Kyle Petty, 2803764, C|UT
Derek Diamond, 29681722, P
Josh Hansell, 50041192, P
Carson Messina, 29644485, P
Joe Naranjo, 28838304, 1B|UT
Johan Dominguez, 2822450, P
Jhon Nunez, 2915875, C|UT
Antonio Gomez, 26912470, C|UT
J.C. Sulbaran, 2216703, P
Cooper Kinney, 26719712, 2B|UT
Warren Saunders, 28842590, OF|UT
Danny Wirchansky, 29677770, P
Chase Solesky, 29342345, P
Bradley Hanner, 29084414, P
Carson Skipper, 50043958, P
Austin Bossart, 2920587, C|UT
Harol Gonzalez, 2823036, P
Dayan Frias, 28840641, 3B|UT
Garrett Ramsey, 29342328, P
Frank Perez, 28838282, OF|UT
Max White, 2118909, OF|UT
Tate Scioneaux, 2769146, P
Kyle Wren, 2121283, OF|UT
Matt Custred, 3107698, P
Daniel Harper, 29354502, P
Dale Stanavich, 29672334, P
Trevor Martin, 29075778, P
Gabriel Moncada, 29693195, 1B|UT
Michael Osinski, 2837313, 3B|UT
Corey Rosier, 26911710, OF|UT
Alex Monsalve, 2171425, C|UT
Caden Rose, 29678058, OF|UT
Diomar Lopez, 2823922, P
Julian Leon, 2167337, C|UT
Nelson Medina, 29086556, OF|UT
Domingo Tapia, 1947849, P
Tyson Hardin, 29676099, P
Brett Austin, 2171311, C|UT
Angel Felipe, 27022497, P
Hirotoshi Onaka, 2049020, OF|UT
Adrian Acosta, 29321876, P
Parker Carlson, 50045000, P
Lucas Jacobsen, 28842584, P
Jack Moss, 29680344, OF|UT
Oswaldo Osorio, 29086585, SS|UT
Trevin Michael, 29360053, P
Connor Johnstone, 3094394, P
Paxton Thompson, 29344932, P
Malique Ziegler, 2910618, OF|UT
Ismael Mena, 3152090, OF|UT
Luis Meza, 28839810, C|UT
Tim Smalling, 2050363, SS|UT
Kevin Taylor, 2772290, 2B|UT
Devin Fitz-Gerald, 50041224, SS|UT
Jose Martinez, 2117121, P
Steven Perez, 29675799, P
Andrew Bellatti, 2167509, P
Sean Harney, 29091129, P
Evan Marzilli, 2044247, OF|UT
Joe Vetrano, 29342363, 1B|UT
Adam Law, 2171180, OF|UT
Ian Dawkins, 3107610, OF|UT
Straton Podaras, 28842754, C|UT
Ryan Garcia, 2836904, P
Trey Harris, 3095037, OF|UT
Dakota Jordan, 29644529, OF|UT
Joe Corbett, 50043886, P
Johnny Olmstead, 29350973, SS|UT
Irving Wilson, 2826645, C|UT
R.J. Dabovich, 2932673, P
Taylor Hawkins, 2171613, C|UT
Wil Jensen, 29085461, P
Terence Doston, 28851002, OF|UT
Andrew Istler, 2731339, P
Quin Cotton, 26615384, OF|UT
Timothy Borden, 29090712, SS|UT
Logan Taylor, 2599644, P
Jeyner Baez, 2750019, C|UT
Cade Citelli, 50044642, P
Spencer Nivens, 29321995, OF|UT
Alexis Ramirez, 26615451, P
Ian Lewis, 26912508, 2B|UT
Jorge Vazquez, 1737859, 3B|UT
Ryan Rolison, 2942982, P
Yorlin Calderon, 29087580, P
Tra'mayne Holmes, 2921576, OF|UT
Todd Czinege, 2836776, 3B|UT
Hunter Haworth, 2836972, P
Kevin Franklin, 2066832, 3B|UT
Natanael Santana, 29342337, OF|UT
Jacob Gonzalez, 2836927, 3B|UT
Jordan Pries, 2166761, P
Dante Nori, 29426062, OF|UT
Jose Godoy, 2822981, C|UT
Nelson Beltran, 29089642, SS|UT
David Olmedo-Barrera, 2803302, OF|UT
Giovanny Alfonzo, 2797622, 2B|UT
Zach Bryant, 29675430, P
Gustavo Armas, 3095686, P
Jose Martinez, 1603031, SS|UT
Troy Taylor, 29091602, P
Nickolas Sarianides, 2226129, P
Robbie Podorsky, 2837353, OF|UT
Dylan Howard, 50044958, P
Carlos Romero, 2835042, P
Julio Rodriguez, 29684916, P
K.J. Woods, 2121471, 1B|UT
Carson Jones, 29677760, OF|UT
Leandro Romero, 50045053, SS|UT
Gianfranco Wawoe, 2171205, SS|UT
Beck Way, 26615430, P
Brock Hebert, 2121446, 2B|UT
Mason Smith, 2121347, OF|UT
Jesus Castillo, 29088487, SS|UT
Mason Vinyard, 29087632, P
Sean Poppen, 3118726, P
Preston Johnson, 29683093, P
Wandisson Charles, 3157664, P
Daniel Sweet, 3103546, OF|UT
Kade Scivicque, 2216584, C|UT
Rolddy Munoz, 29342432, P
Arturo Michelena, 2824422, 2B|UT
Chris Campos, 29675454, P
Edgar Corcino, 1960242, 3B|UT
Jake Gelof, 29295901, 3B|UT
Corey Collins, 29683707, 1B|UT
Juan Apodaca, 1670986, C|UT
Austin Krzeminski, 3094347, P
Zach King, 26635151, P
Anthony Ray, 2171336, OF|UT
Austin Fleet, 1937566, P
Benjamin Blackwell, 29342449, 2B|UT
Montreal Robertson, 2044497, P
Juan Sanchez, 29085464, P
Jose Pujols, 2211776, OF|UT
Adam Parks, 2223347, P
Ariel Sandoval, 2804684, OF|UT
Simon Miller, 29676988, P
Kervin Pichardo, 29686520, SS|UT
Roberto Campos, 3151911, OF|UT
Austin Pettibone, 2743634, P
Eduardo Diaz, 2822406, OF|UT
Ben Simon, 29355686, P
Luis De Los Santos, 2822307, 3B|UT
Brody McCullough, 29295967, P
Jonathan Guzman, 2823188, SS|UT
Bo Way, 2171289, OF|UT
Evan Grills, 3088371, P
Kenedy Corona, 28838219, OF|UT
Alec Barger, 2932606, P
Irv Carter, 26911817, P
Listher Sosa, 29343000, P
Cruz Noriega, 2930965, P
Josiah Sightler, 2933101, 1B|UT
Cito Culver, 1757982, SS|UT
Peter Tago, 1765805, P
Avery Romero, 2106659, 2B|UT
Jace Vines, 3152904, P
Jeffry Antigua, 2052633, P
Michael Wagner, 2226044, P
Tsung-Che Cheng, 28842581, SS|UT
Errol Robinson, 2915603, SS|UT
Dillon Paulson, 2932997, 1B|UT
Ben Vespi, 29686869, P
Juan Garcia, 28843186, C|UT
Brad Wilson, 2933201, P
C.J. Retherford, 1595126, 3B|UT
Marquis Grissom, 29632459, P
Jonathan Hennigan, 3158453, P
Colin Selby, 29033796, P
Bayron Lora, 3151951, OF|UT
Sam Bragg, 2772999, P
Gilbert Lara, 2167500, SS|UT
Ernie Yake, 29084163, SS|UT
Chuckie Robinson, 2919628, C|UT
Maxton Martin, 29688609, OF|UT
Dilan Figueredo, 50044695, P
Garrett Burhenn, 29676009, P
Danny Black, 1960255, SS|UT
Willy Paredes, 2113501, P
Parker Chavers, 29088522, OF|UT
Jeremy Rodriguez, 29322011, SS|UT
Rafael P Valera, 2800872, 2B|UT
Brailer Guerrero, 29321942, OF|UT
Brendan McCurry, 2215848, P
Wilfredo Flores, 28846883, OF|UT
Ryan Campos, 29644417, C|UT
Joe Gray, 2931953, OF|UT
Rafael Kelly, 2829362, P
Jon Perrin, 2825069, P
Branden Boissiere, 26911668, 1B|UT
Leonardo Rodriguez, 2829122, P
Brandon Eisert, 28837582, P
Cesar Gonzalez, 29321939, 1B|UT
Taitn Gray, 50041221, C|UT
Ethan Murray, 29086257, SS|UT
Marcus Davis, 2225422, 1B|UT
Jhonayker Ugarte, 29662431, SS|UT
Tommy Mace, 2837152, P
Ronnie Jebavy, 2226920, OF|UT
Willy Fanas, 29077683, OF|UT
Jordan DiValerio, 29092495, P
Ryan Magdic, 50044617, P
Cadyn Grenier, 2931955, SS|UT
Charcer Burks, 2227732, OF|UT
Drew Bowser, 50043965, 3B|UT
Dominic Miroglio, 2837243, C|UT
Herard Gonzalez, 2930869, 2B|UT
Juan Nunez, 29342319, P
Logan Cerny, 26911714, OF|UT
Elorky Rodriguez, 50041376, OF|UT
Daniel Suero, 2228501, OF|UT
Anthony Jimenez, 2804937, OF|UT
Williams Ramirez, 2915913, P
Cristian Santana, 2910606, 3B|UT
Sandy Lugo, 2804237, P
Garrett Martin, 29681943, OF|UT
Joshua Liranzo, 29662384, 3B|UT
Seth Keener, 29321959, P
Zac Kristofak, 26637847, P
Trevor Schwecke, 28839453, SS|UT
Hunter Stratton, 2837572, P
Calten Daal, 2169715, SS|UT
Brad Kuntz, 2915605, P
Joshua Cornielly, 26615426, P
Jordan Cowan, 2788553, 2B|UT
Luis Silva, 2791774, 2B|UT
Miles Langhorne, 50044020, P
Dyron Campos, 29089617, OF|UT
Blake Holub, 29342277, P
Nathan Flewelling, 50041220, C|UT
Thomas Milone, 2121909, OF|UT
Cody Dickson, 2592847, P
Erasmo Pinales, 2825114, P
Marino Campana, 2821798, OF|UT
Bryant Betancourt, 29672109, C|UT
Ty Boyles, 3096739, P
Kai Murphy, 29090985, OF|UT
Wei-En Lin, 50041369, P
Austin Peterson, 29632439, P
Erick Pena, 3152067, OF|UT
Mac Wainwright, 26615377, OF|UT
Gil Luna, 28837128, P
Zander Sechrist, 29682346, P
Braylin Tavera, 29077592, OF|UT
Maverick Handley, 26635150, C|UT
Luis Ravelo, 29086778, 2B|UT
Jonathan Rodriguez, 2119614, 1B|UT
Seaver Whalen, 2837674, 3B|UT
Will Schomberg, 29676055, P
Angel Reyes, 2933042, P
Omar Martinez, 29087584, C|UT
Luis Rujano, 50043878, P
Tyler Friis, 2836884, 2B|UT
Angel Contreras, 29088944, SS|UT
Kurt Spomer, 2170524, P
Maddux Houghton, 29342280, OF|UT
Micah Pries, 28851016, OF|UT
Jacob Sharp, 29674816, C|UT
Jon Jon Gazdar, 50044114, SS|UT
Dominic Pipkin, 2933015, P
Cade Fergus, 29084157, OF|UT
Ryan Burr, 2921618, P
Adam Miller, 2218317, P
Gavin Logan, 29342452, C|UT
Michael Trautwein, 29087687, C|UT
Titus Dumitru, 29676689, OF|UT
Alec Baker, 29343001, P
Jayce Easley, 2932712, 2B|UT
Aldrin Batista, 29321888, P
Irvin Machuca, 50043899, P
Henry Castillo, 2228498, 2B|UT
Beau Brewer, 29084369, 3B|UT
Bijan Rademacher, 2048852, OF|UT
Keeler Morfe, 29660657, P
Miguel Bleis, 26643925, OF|UT
Jacob Bresnahan, 29658245, P
Luis A. Garcia, 387511, OF|UT
Aaron Blanton, 2171302, SS|UT
Adrian Pinto, 28846862, 2B|UT
Jack Hartman, 29675786, P
Tanner Thach, 50037901, 1B|UT
Cam Maldonado, 29083848, OF|UT
Ramon Marcelino, 2824076, OF|UT
Richi Gonzalez, 28837563, OF|UT
Walter Ford, 29075786, P
Jaylen Ferguson, 2224129, OF|UT
Kevin Parada, 28920014, C|UT
Jeff Hendrix, 2915590, OF|UT
Jagger Haynes, 26615434, P
Victor Castaneda, 26912464, P
Arquimedes Gamboa, 3055540, SS|UT
Nick Gallagher, 2836892, P
Deivy Castillo, 2171704, OF|UT
Tre Richardson, 29686521, SS|UT
Duanel Jones, 2048694, 3B|UT
Zack Coppola, 2915532, OF|UT
Yeison Santana, 2931045, SS|UT
Aaron Pinto, 3158079, P
Austin Kubitza, 2167474, P
Nick Snyder, 2837535, P
Cody Schrier, 29683715, SS|UT
Eddie Park, 29686888, OF|UT
Jose Cruz, 29033789, P
Will Cannon, 50044111, P
Wyatt Short, 3094414, P
Justin Garza, 29038837, P
Fernery Ozuna, 2171203, P
Braden Webb, 26615450, P
Isan Castillo, 29087581, SS|UT
Rob Emery, 29085460, C|UT
R.C. Orlan, 2824775, P
D.J. Davis, 2041574, OF|UT
Mylz Jones, 2227775, SS|UT
Wady Mendez, 29686709, OF|UT
Tristan Archer, 2734573, P
Keythel Key, 29677761, P
Austin Overn, 29644442, OF|UT
Michael Flynn, 2932738, P
Logan Taylor, 2226787, 3B|UT
Carson Ragsdale, 26615431, P
Michael Stryffeler, 28837774, P
Matt Seelinger, 2837493, P
Levi Wells, 29683516, P
Matthew Wivinis, 2842941, P
Christopher Troye, 29360067, P
Trent Deveaux, 3077723, OF|UT
Greg Jones, 3117919, OF|UT
Korbyn Dickerson, 50037904, OF|UT
McKinley Moore, 26911805, P
Edgar Barclay, 28838065, P
Filippo Di Turi, 29321917, 3B|UT
Dante Bichette, 1910544, 3B|UT
Cole Messina, 29644439, C|UT
Ronaiker Palma, 29079599, C|UT
Cole Daily, 29089056, SS|UT
Evan McKendry, 29077502, P
Shawn Haviland, 2782921, P
Ripken Reyes, 29096137, 2B|UT
Colin Houck, 29153564, 3B|UT
Luke Waddell, 26911689, SS|UT
Mitch Voit, 50009368, 2B|UT
Braxton Bragg, 50041083, P
Cam Clayton, 29692439, SS|UT
Manny Jefferson, 2915810, 2B|UT
Joe Record, 2837378, P
Grayson Thurman, 29342357, P
Michael Mariot, 1961062, P
Miguel Aparicio, 2821262, OF|UT
Cole Zaffiro, 29677746, P
Andretty Cordero, 2822098, UT
Edward Duran, 29662381, C|UT
Alexis Lara, 1793611, P
Jared Karros, 29360033, P
Brandon Compton, 50041322, OF|UT
Jhondaniel Medina, 2656661, P
Ashly Andujar, 29662454, SS|UT
Justice Thompson, 26911711, OF|UT
Joe Hudson, 2121200, C|UT
Ben Bowden, 3088354, P
Jaylen Nowlin, 29676976, P
Jack Murphy, 1808366, C|UT
Ivan Maldonado, 1208662, P
Blake Burke, 29676714, 1B|UT
Alexis Pantoja, 2228459, SS|UT
Caeden Trenkle, 29350528, OF|UT
Nathaniel Ochoa Leyva, 29087213, 3B|UT
Trey Jeans, 28839742, P
Johnny Ascanio, 29346112, SS|UT
Jake Boone, 2836629, SS|UT
Ricardo Marcano, 2171423, OF|UT
Jesse Hodges, 2226604, 3B|UT
Nick Morreale, 28840968, P
Nick Zammarelli, 3104023, 3B|UT
Liberts Aponte, 50042285, SS|UT
Joseph Astacio, 2228204, 3B|UT
Christian Donahue, 2923056, 2B|UT
Alex McKenna, 2932931, OF|UT
Logan Hill, 2915689, OF|UT
Juan Grullon, 2227638, P
Zack Brown, 3085603, P
Dane Acker, 29077340, P
Ramcell Medina, 50042256, SS|UT
Korey Holland, 2932822, OF|UT
Jarod Bayless, 29342225, P
Cameron Junker, 29085035, P
Armando Araiza, 2170993, C|UT
Nathan Perry, 2837342, C|UT
Jason Forjet, 2227790, P
Tyler Dearden, 2836789, OF|UT
Scott Gracey, 1961740, P
Kyle Hooper, 2744184, P
Ryan McCrystal, 50044473, C|UT
Korry Howell, 2837013, OF|UT
Rougned Jose Odor, 2921888, 2B|UT
Alonzo Richardson, 29682364, P
Wyatt Hendrie, 29085033, C|UT
Anthony Molina, 29078780, P
Adam Zebrowski, 29091450, C|UT
Josh Almonte, 2171829, OF|UT
Garrett Mattlage, 2169619, SS|UT
Lorenzo Meola, 50041218, 2B|UT
Ben Carhart, 2171291, C|UT
Owen Hall, 29644472, P
Kyle Regnault, 2226784, P
Keyner Martinez, 50042283, P
Jake McCasland, 2921416, P
Aaron Sabato, 26615323, 1B|UT
Ryan Nicholson, 29683788, 1B|UT
Jake Hirabayashi, 3158012, C|UT
Luis Suisbel, 29322028, 3B|UT
Ryan Vanderhei, 50044475, P
Trent Palmer, 26615405, P
Sean Hunley, 29692325, P
Carlos Virahonda, 50041364, C|UT
Richard Castillo, 2218071, P
Olivier Basabe, 2836579, SS|UT
Wilderd Patino, 26615368, OF|UT
Aaron Shackelford, 28841666, SS|UT
Brendon Sanger, 2920332, OF|UT
Daniel Procopio, 2837361, P
Seth McGarry, 3094417, P
Kris Hall, 2121511, P
Nathan Landry, 29342296, P
Brendan Durfee, 29680250, C|UT
Stephen Paolini, 28838954, OF|UT
Brody Moore, 29342314, 2B|UT
Aaron Brown, 2167341, OF|UT
Ethan Wilson, 26911719, OF|UT
Derek Eitel, 2169996, P
Sam Robertson, 50045009, SS|UT
Ryan Jensen, 3117927, P
James Buckelew, 2228472, P
Casey Schroeder, 2798060, C|UT
Justin Lange, 26615396, P
Anfernee Grier, 2449445, OF|UT
Kyler Murray, 2942969, OF|UT
Yassel Soler, 29662389, 3B|UT
Laz Rivera, 2837401, SS|UT
Ezequiel Pagan, 28841698, OF|UT
Bryce Jarvis, 3165360, P
Trey Vavra, 2228427, 1B|UT
Chase Jaworsky, 29321954, SS|UT
Jack Hostetler, 29676684, P
Grant Holman, 26911803, P
Jesus Tillero, 29322037, P
Jonathan Galvez, 1946521, SS|UT
Dedniel Nunez, 26608285, P
Edison Frias, 2615373, P
Jase Mitchell, 50041111, C|UT
Ryan Horstman, 2226607, P
Dusty Isaacs, 2228207, P
Samuel Infante, 26911681, 3B|UT
Cobb Hightower, 29644431, SS|UT
Jacen Roberson, 29086794, OF|UT
Fernando Sanchez, 50044651, P
Justin Thomas, 2114133, P
James Dykstra, 2739978, P
Austin St. Laurent, 29687810, 3B|UT
Roman Angelo, 29675442, P
Austin Kitchen, 29085574, P
Devin Conn, 2932649, P
P.J. Labriola, 50043867, P
JT Quinn, 50041085, P
Jake Rice, 29084218, P
Gabriel Noriega, 1665389, SS|UT
Santiago Garrido, 2117138, P
Glenallen Hill Jr., 28840802, SS|UT
Gustavo Pierre, 1806865, SS|UT
Joe Suozzi, 29084397, 1B|UT
Sandy Gaston, 26912469, P
Francisco Perez, 2825028, P
Anthony Rodriguez, 26912850, 3B|UT
Victor Manuel Acosta, 3157960, 2B|UT
Riley Unroe, 2066826, 2B|UT
Cornelius Randolph, 2184357, OF|UT
Branneli Franco, 29662210, P
Duncan Pastore, 29683713, 3B|UT
Brandon Lawson, 2915540, P
Joe Stewart, 29090134, OF|UT
Baron Stuart, 29087589, P
Austin Hansen, 2932795, P
Manuel Mercedes, 26912476, P
Tyler Krieger, 2226659, 3B|UT
Jaron Long, 2169805, P
Austin Green, 2166713, C|UT
Fernando Cruz, 29339047, SS|UT
Trey Paige, 29355107, 3B|UT
Royce Bolinger, 2048870, OF|UT
Brantley Bell, 2223536, 2B|UT
Javier Osorio, 29077621, 3B|UT
Rafael Cova, 593270, P
Ty Southisene, 29644450, 2B|UT
Yerlin Rodriguez, 50044438, P
Kolton Mahoney, 2921431, P
Victor Arias, 29658243, OF|UT
Luke Hanson, 50043937, 2B|UT
Nick Decker, 2931930, OF|UT
Pedro Pineda, 26643923, OF|UT
Sean Brady, 2118755, P
Bailey Dees, 29342247, P
Alfredo Zarraga, 29090150, P
Mauricio Llovera, 2823894, P
Yender Caramo, 2592844, P
Christopher Torres, 2756673, SS|UT
Connor Kopach, 3094400, 2B|UT
Carter Bins, 26635139, C|UT
Adam Lopez, 2169650, P
Riley Kelly, 50037909, P
Edgardo Fermin, 2822669, SS|UT
Frank Del Valle, 2121097, P
Francisco Vilorio, 29662265, OF|UT
Jordan Williams, 50044752, OF|UT
Sean Keys, 29644434, 3B|UT
Jose Torres, 26911684, SS|UT
Carson Tucker, 26615347, 2B|UT
Peyton Graham, 29075753, 2B|UT
Zach Lovvorn, 3077306, P
Yordalin Pena, 29680226, OF|UT
R.J. Yeager, 29674736, 1B|UT
Tyler LaPorte, 50043891, P
Miguel Palma, 28837565, C|UT
Philip Clarke, 26635142, C|UT
Kaden Polcovich, 3165229, 2B|UT
Drew Hasler, 2921300, P
JJ Goss, 3117935, P
Justin Toerner, 3103670, OF|UT
Alvaro Rubalcaba, 3107129, 2B|UT
Scott Manea, 2824062, C|UT
Andrew Navigato, 28843167, SS|UT
Connor Lien, 2169889, OF|UT
Jose Carlos Urena, 2228198, OF|UT
Brett Vertigan, 2171639, OF|UT
Nick Longhi, 2227062, 1B|UT
Danny Gonzalez, 29692380, OF|UT
Jeremy Kivel, 2169268, P
Trevor Cohen, 50041346, OF|UT
Malik Collymore, 2185125, OF|UT
Brett Auerbach, 26912422, 2B|UT
Jean Munoz, 29077624, P
Josh Stephen, 3157969, OF|UT
Carlos Pena, 29676053, P
Kelvin Ramirez, 29677722, P
Shane Broyles, 2228435, P
Wendolyn Bautista, 2804234, P
Yannic Walther, 50044582, C|UT
Travis Ballew, 2226889, P
Connor Walsh, 2777672, P
Shawn Goosenberg, 29090131, SS|UT
Enmanuel Terrero, 29085132, OF|UT
Evan Alexander, 28842147, OF|UT
Alex Katz, 2804934, P
Yeremi Cabrera, 29686704, OF|UT
J.B. Olson, 28842608, P
Angelo Mora, 2226168, 2B|UT
Danis Correa, 2828993, P
Victor Santos, 2829136, P
Ethan Petry, 50041361, OF|UT
Peter Burns, 29689770, C|UT
Phillip Sikes, 28841147, OF|UT
Gabriel Alfaro, 2114629, P
Mason Davis, 2223633, 2B|UT
Joan Delgado, 29678534, OF|UT
Julio Meza, 2829076, C|UT
Jonathan Aceves, 390791, C|UT
Dexture McCall, 2804516, 1B|UT
Daniel Eagen, 29644426, P
Connor Jones, 3089587, P
Jack Sinclair, 29085048, P
Patrick Frick, 3158038, 2B|UT
Felix Perez, 1804116, OF|UT
Charlie Barnes, 2836570, P
Cole Johnson, 2171707, P
Ty Duvall, 28843208, C|UT
Andrew Walters, 29295955, P
Nick Trabacchi, 50043928, P
Marcel Renteria, 2837384, P
Sammy Peralta, 28846908, P
Jimmy Joyce, 29295986, P
Chen-Wei Lin, 29476195, P
Grant Fink, 2121914, 3B|UT
Marvin Alcantara, 29678045, SS|UT
Marquez Smith, 1797884, 3B|UT
Ashley Graeter, 2801263, C|UT
Michael Zouzalik, 2791366, P
Grant Shepardson, 29644493, P
Austin Ross, 2170572, P
Kona Quiggle, 3157916, OF|UT
Cristopher Barete, 29092493, OF|UT
Jordan Mikel, 29342311, P
Bryson Myles, 2051179, OF|UT
Christian Molfetta, 29350510, C|UT
Adrian Valerio, 2753300, SS|UT
Gage Ziehl, 29632450, P
Ivan Melendez, 29075700, 1B|UT
Robert Brooks, 29688600, C|UT
Brennon Lund, 2803480, OF|UT
Aaron Cox, 2798056, P
Leandro Pineda, 28842739, OF|UT
Eli Lovich, 50041307, OF|UT
Clint Coulter, 2044534, OF|UT
Andrew Dalquist, 26615417, P
Luis Ramirez, 2780350, P
Jasseel De La Cruz, 2822267, P
Cole Sturgeon, 2169876, OF|UT
Jeferson Morales, 2930951, C|UT
Edwin Garcia, 2046505, SS|UT
Devonte Brown, 29089884, OF|UT
Leodany Perez, 28846885, OF|UT
Bennett Thompson, 29693386, C|UT
Jaden Rudd, 29085757, OF|UT
William Lugo, 28846856, SS|UT
Jack Anderson, 2804687, P
Victor Planchart, 29089626, C|UT
Charlee Soto, 29155732, P
Boo Vazquez, 2803829, OF|UT
Won-Bin Cho, 29077685, OF|UT
Ali Camarillo, 29689771, SS|UT
Homer Bush, 29321897, OF|UT
Wilking Rodriguez, 2132971, P
Shane Matheny, 2837179, 3B|UT
Edwin Figuera, 2822702, SS|UT
Marino Santy, 29322019, P
Brendan Jones, 29675417, OF|UT
Trever Adams, 1961303, 1B|UT
Colton Johnson, 29687795, P
Lizandro Espinoza, 29077656, SS|UT
Jared Spencer, 50041360, P
Luis Peralta, 29456614, P
Joander Suarez, 26912488, P
Collin Kober, 2837092, P
Yaqui Rivera, 29675767, P
Jackson Cox, 29075701, P
Andrew Brown, 3096417, P
Will Mabrey, 29349515, P
Roniel Raudes, 2507508, P
Tanner Kirwer, 2837084, OF|UT
Rubi Silva, 1957209, OF|UT
Carlos Gonzalez, 2171871, P
Jorgelys Mota, 29350511, 3B|UT
John Murphy, 29680254, P
Nick Cimillo, 29686861, 1B|UT
Pedro Ibarguen, 29692627, OF|UT
David Gerber, 2836910, P
Kieran Lovegrove, 2044494, P
Tyrone Yulie, 50044563, P
Robby Rowland, 2216702, P
Shane Sasaki, 28842589, OF|UT
Ivan Armstrong, 28841189, P
Brandon Lewis, 3152040, 1B|UT
Travis Honeyman, 29321950, OF|UT
Ben Holmes, 2746506, P
Clayton Daniel, 3157029, 2B|UT
Xavier Meachem, 29692136, P
Daniel Cabrera, 2836683, OF|UT
Kevin Herget, 2823303, P
Derek Jenkins, 2920935, OF|UT
Eudy Pina, 2121016, OF|UT
Erick Meza, 2227222, 1B|UT
Garrison Schwartz, 3094344, OF|UT
Brian Moran, 1812965, P
Michael Cantu, 2876244, C|UT
Houston Harding, 50043890, P
Silfredo Garcia, 2216697, P
Luke Farrell, 2227177, P
Thomas Burrows, 3085540, P
Brennan Malone, 3117933, P
Chris O'Brien, 2044667, C|UT
Brock Deatherage, 2836791, OF|UT
Diego Mosquera, 29086405, OF|UT
Josh Wolf, 3152119, P
Bishop Letson, 29321972, P
Drake Osborn, 29091136, C|UT
Dalton Guthrie, 2836950, OF|UT
Jacob Wosinski, 50044537, P
Jackson McClelland, 2915691, P
Will Watson, 29084229, P
Julian Escobedo, 28840981, OF|UT
Jheremy Vargas, 26912854, 2B|UT
Darrien Miller, 29345797, C|UT
Tanner Tully, 3095080, P
Yolbert Sanchez, 3158253, 2B|UT
James Meeker, 29084416, P
Alexander Ramirez, 26635159, OF|UT
Davis Diaz, 29692638, C|UT
Alberto Rodriguez, 26615389, OF|UT
Nick Sinacola, 29342441, P
Cody Winiarski, 2114419, P
Jared Simpson, 50043957, P
Ricky Salinas, 28838306, P
Juan Mercedes, 2835039, P
Austin Gauthier, 29090130, 2B|UT
Arden Pabst, 2921085, C|UT
Corey Toups, 2226047, 2B|UT
Carlos Herrera, 2211762, SS|UT
Nazzan Zanetello, 29295909, SS|UT
Nick Jones, 29342289, P
Calvin Ziegler, 26911737, P
Anderson Miller, 2507903, OF|UT
P.J. Hilson, 29692381, OF|UT
Marcos Castanon, 29075733, 2B|UT
Brandol Mezquita, 2932000, OF|UT
Joshua Torres, 2921562, P
Chris Clark, 29678151, P
Reivaj Garcia, 3077705, 2B|UT
Omar Bencomo, 2821516, P
Garrett Stallings, 3166652, P
Manuel Rondon, 3094397, P
Christian Zazueta, 50042262, P
Cam Fisher, 29321926, OF|UT
Darren McCaughan, 2837195, P
Bryan Broecker, 29686518, C|UT
Jean Encarnacion, 2822542, 3B|UT
Grayson Grinsell, 50041110, P
Chris Muller, 2837270, P
Keegan McGovern, 2932928, OF|UT
Wes Kath, 26911680, 1B|UT
Dakota Harris, 29676048, SS|UT
Herick Hernandez, 29644430, P
Brady O'Brien, 50045055, 2B|UT
Jonathan Martinez, 2743625, P
Dylan Fien, 50044650, C|UT
Jared Walker, 3095767, 3B|UT
Luis Pino, 26913047, OF|UT
Andrew Barbosa, 2044244, P
CJ Alexander, 2932591, 3B|UT
Kyle Watson, 2837665, SS|UT
Victor Labrada, 28842467, OF|UT
Ben Guez, 1741049, OF|UT
Felix Morrobel, 29321993, 2B|UT
Kavares Tears, 29644451, OF|UT
Japhet Amador, 2114135, 1B|UT
C.J. Culpepper, 29295978, P
Ethan Wagner, 29693002, OF|UT
Alex Burgos, 2167936, P
Javier Atencio, 29077620, P
Brian Holmes, 2615375, P
Kevin Hankerd, 1208714, OF|UT
Logan Rinehart, 26615459, P
Anderson Green, 2823102, SS|UT
Sammy Natera, 29671052, P
Joe Gatto, 2167334, P
Brett Hanewich, 2836959, P
Brayan Mendoza, 29662211, P
Maikol Escotto, 26913006, SS|UT
Jacob Ehret, 2803766, P
Chris O'Dowd, 2119381, C|UT
Glynn Davis, 1947818, SS|UT
Ross Carver, 29077349, P
Cory Taylor, 2453414, P
Jake Romanski, 2825588, C|UT
Spencer Packard, 28839288, OF|UT
Will Carter, 2821868, P
Eric Jenkins, 2211210, OF|UT
Austin Murr, 29085286, OF|UT
T.J. Schofield-Sam, 29689774, 3B|UT
Ben Wereski, 29350975, P
Yorvis Torrealba, 29085803, OF|UT
Ricky Karcher, 2837061, P
Ryan Doolittle, 2120530, P
RJ Shunck, 50043919, P
Anthony Hall, 29073329, OF|UT
Liam Spence, 29091451, SS|UT
Lucas Wepf, 29342365, P
Tyson Perez, 2170015, P
Leonardo Pineda, 50044774, OF|UT
Alex FaGalde, 2836853, P
Dustin Houle, 2114646, C|UT
Shane McGuire, 29683482, C|UT
Brandon Eike, 29693193, 3B|UT
Zach Muckenhirn, 3097034, P
Brett Cumberland, 2447466, C|UT
Braxton Davidson, 2135264, OF|UT
Max Ferguson, 26911677, 2B|UT
Willy Montero, 29686864, OF|UT
Bernard Jose, 29680251, P
Tyler Gough, 29632454, P
James Nelson, 2768552, 3B|UT
Casey Golden, 2836924, OF|UT
Jake Thompson, 29350514, OF|UT
Damon Keith, 29086583, OF|UT
Nick Krauth, 29676728, P
Chandler Jozwiak, 29088702, P
Ethan Anderson, 29644228, C|UT
Vladi Gomez, 50044603, 2B|UT
Wander Guante, 29688604, P
Quincy Nieporte, 2837295, 1B|UT
Zach Daudet, 50044062, SS|UT
Nick Schulz, 2227498, OF|UT
Ricky Castro, 50044008, P
Diego Benitez, 28839809, 1B|UT
Javier Mogollon, 29662446, 2B|UT
Stephen Jones, 28839251, P
Yasser Mercedes, 29077687, OF|UT
Enmanuel Bonilla, 29321895, OF|UT
R.J. Gordon, 50041208, P
Jake Yacinich, 2171290, SS|UT
Josh Adamczewski, 29677754, 2B|UT
Joseph Sullivan, 29675765, OF|UT
Tyler Rodriguez, 29687797, 3B|UT
Kenni Gomez, 29077652, OF|UT
Ronny Rojas, 28846887, SS|UT
Ethan Bagwell, 29644413, P
Roberto Pena, 1959725, C|UT
Alex Glenn, 2171175, OF|UT
Jack Conley, 29082622, C|UT
Chen Zhuang, 29672114, P
Rafael Morel, 29693382, SS|UT
Angelys Nina, 2117268, 2B|UT
Lucas Long, 2823907, P
Jacob Pearson, 2837331, OF|UT
Grant Ford, 29687764, P
Kyle Barrett, 2797624, OF|UT
Raudy De Los Santos, 28846852, SS|UT
Justin Brantley, 2218070, P
Henyer Gomez, 29089622, SS|UT
Braeden Fausnaught, 29679114, P
Luke Mann, 29348838, 3B|UT
Matt Pita, 2933016, OF|UT
Brandon Howlett, 3077695, 3B|UT
Daniel Montano, 2768557, OF|UT
Kevin Defrank, 50042244, P
Jordan Paroubeck, 2066834, OF|UT
Lonnie White, 26911709, OF|UT
Carson Hobbs, 29676675, P
Connor McCullough, 29342304, P
Jeremy Rhoades, 3085231, P
Alejandro Melean, 29077584, P
Connor Heady, 2836974, SS|UT
Carlos Belen, 2821499, P
Xavier Casserilla, 29295891, 1B|UT
Kyle McCoy, 50045019, P
Telmito Agustin, 2749888, OF|UT
Tayden Hall, 29088723, C|UT
David Roseboom, 2599642, P
Seth Spivey, 2171158, 2B|UT
Jake Sanchez, 2798061, P
Nick Additon, 2117347, P
Dean Livingston, 50041074, P
Derek West, 29084533, P
Maxwell Leon, 1601824, 2B|UT
Jonathan Martinez, 50044274, 2B|UT
Ronald Rosario, 50043506, C|UT
Austin Love, 26911813, P
Emilio Gustave, 2823159, OF|UT
Geoff Broussard, 2119601, P
Pablo Aldonis, 50044535, P
Chris Okey, 2447474, C|UT
Dominic Ficociello, 2118873, 3B|UT
JB Middleton, 50041101, P
Joe Cavallaro, 2836706, P
Payton Martin, 29295963, P
Blaine Bullard, 50041359, OF|UT
Jan Mercado, 2837220, C|UT
Conor Larkin, 29092532, P
Bubba Hollins, 2869879, 3B|UT
Wilmer Reyes, 2825355, SS|UT
Miguel Figueroa, 3103459, P
Jordan Minch, 2921052, P
Jacob Berry, 28920009, 2B|UT
Luis Gonzalez, 2169716, SS|UT
Quintin Torres-Costa, 2915606, P
Tyler Bortnick, 1813205, SS|UT
Nik McClaughry, 29351814, SS|UT
RJ Schreck, 29644532, OF|UT
Wilman Diaz, 26643916, 2B|UT
Sam Runion, 2052636, P
Tyler Bryant, 29685426, P
Angel Feliz, 29662407, SS|UT
Julio Frias, 2822798, P
Dylan Hall, 29091132, P
Fabian Lopez, 29321976, SS|UT
David Lyon, 2170028, C|UT
Ky Bush, 26911735, P
Johnny Slawinski, 50041194, P
Chase Jensen, 2122082, 3B|UT
Justin Yurchak, 2837713, 1B|UT
Jeremy Martinez, 2699271, C|UT
Joey Oakie, 29644488, P
Ryan Johnson, 29674787, P
Wandy Asigen, 50043811, SS|UT
Markus Solbach, 2826006, P
Josh Breaux, 2836643, C|UT
Terence Dotson, 29084412, OF|UT
Anders Tolhurst, 29355117, P
Tahnaj Thomas, 2829435, P
Derian Cruz, 2507359, SS|UT
Duce Gourson, 50042208, 2B|UT
Randy Labaut, 28838302, P
Izaak Martinez, 50043955, P
Charlie Madden, 2837154, C|UT
Donovan Walton, 2756827, 2B|UT
Anibal Sierra, 2507350, SS|UT
Cam Devanney, 3158460, 3B|UT
Jhorman Bravo, 50045057, SS|UT
Avinson Pinto, 50044199, SS|UT
Pedro Fernandez, 2822684, P
Jack Choate, 29351811, P
Barrett Kleinknecht, 1812705, 3B|UT
Dalton Moats, 3086103, P
Jake Brodt, 2932287, 1B|UT
Wilfredo Lara, 29088539, SS|UT
Kellin Deglan, 1757992, C|UT
Joel Valdez, 50043453, P
Yeison Morrobel, 26913045, OF|UT
Jason Jester, 2227172, P
LJ Hatch, 2864366, SS|UT
Jonathan Dziedzic, 2216692, P
Michael Paez, 2772289, SS|UT
Austin Drury, 3157939, P
Jude Warwick, 50041104, SS|UT
Bryce Windham, 29080904, 2B|UT
Matthew Allan, 3152089, P
Austin Bailey, 2227127, SS|UT
Lan-Hong Su, 50042266, P
J.J. D'Orazio, 29321922, C|UT
Garrett Williams, 2910634, P
Ramiro Rodriguez, 2825548, OF|UT
Brett Daniels, 2932676, P
Riley Frey, 50044232, P
Daniel Duarte, 3152767, P
Kendrey Maduro, 50044481, 1B|UT
Tyler White, 2228718, P
Victor Nova, 28840642, OF|UT
Jhonleider Salinas, 3096092, P
Anthony Block, 29686497, P
Jose Romero, 29342333, P
Yhoiker Fajardo, 50042279, P
Luis Cova, 29660107, OF|UT
Justin Donatella, 3095381, P
Angeibel Gomez, 50043814, OF|UT
Phil Fox, 29692358, P
Erik Manoah, 28841683, P
Zach Cable, 28842465, P
Pedro Vasquez, 3152902, P
Ivan Luciano, 29644235, C|UT
Alex Lavisky, 2120276, C|UT
Viosergy Rosa, 2120727, 1B|UT
Caleb Adams, 2226042, OF|UT
Cole Hertzler, 50041191, P
Zane Evans, 2169015, C|UT
Kevin McCanna, 3094728, P
Drew Sommers, 50025932, P
Raul Brito, 29679111, P
Andy Yerzy, 2910599, 1B|UT
Chase Davis, 29153554, OF|UT
Josh Hammond, 50009358, 3B|UT
Jose Fermin, 29672111, P
Nathan Wiles, 29342367, P
Matt Kroon, 2837097, 3B|UT
Zach Osborne, 2171048, SS|UT
Kaleb Fontenot, 2921573, P
Breckin Williams, 3101513, P
Ethan Hearn, 26615316, C|UT
Osmy Gregorio, 2823110, 2B|UT
Joe DeCarlo, 2743632, C|UT
Euribiel Angeles, 26913002, 2B|UT
Jordan Harrison, 2120704, P
Matt Dennis, 28838086, P
Jake Means, 28843218, 3B|UT
Jose Devers, 28839878, SS|UT
Dominic Hamel, 26911799, P
Robert Ahlstrom, 29342216, P
Coleman Huntley, 29085282, P
Mattingly Romanin, 2734156, 2B|UT
Adam Bray, 2804682, P
Quincy Latimore, 1670996, OF|UT
Jordan Qsar, 3102772, OF|UT
Tony Locey, 26615460, P
Connor Hollis, 3101958, 2B|UT
Jeisson Cabrera, 50043261, P
Gerardo Reyes, 2228211, P
Bryson Horne, 29342429, 1B|UT
Wesley Jones, 2227776, 2B|UT
Ronny Sanchez, 29088706, 3B|UT
Marcus Mooney, 2921038, SS|UT
Harrison Spohn, 29087629, SS|UT
Seth Mayberry, 29089079, P
Greg Williams, 2804926, P
Carlos Santiago, 2931046, SS|UT
Elison Joseph, 50042241, P
Jake Bennett, 29075710, P
Ryan Spikes, 26911675, 2B|UT
Florencio Serrano, 29675460, P
Zach Houchins, 2803481, 3B|UT
Xavier Martinez, 29688610, P
Jose Cardona, 2171299, OF|UT
Marco Carrillo, 1940756, P
Max Lazar, 2837114, P
Dan Gamache, 2119767, 3B|UT
Nate Snead, 50041317, P
Diego Barrera, 50044968, P
Livan Reinoso, 29675842, P
Jerming Rosario, 50043717, P
Jeff Kinley, 2921558, P
Justin Dean, 2932689, OF|UT
Johnny Adams, 2836520, SS|UT
Will Roberts, 2121445, P
Jose Rodriguez, 3108968, P
Graysen Tarlow, 29692327, C|UT
Freiker Betencourt, 50045063, OF|UT
Connor Charping, 29672110, C|UT
Diego Tornes, 29669166, OF|UT
Cody Stull, 2804024, P
Konnor Ash, 29679110, P
Matt Pushard, 29322009, P
Brian Holiday, 29644476, P
Travis Jones, 2837056, OF|UT
Josh Moylan, 29683435, 1B|UT
David Holman, 2823433, P
Garrett Fulenchek, 2167298, P
Juan Encarnacion, 29344238, P
Jake Madden, 29075711, P
Arnaldo Lantigua, 50042240, OF|UT
Kyle Overstreet, 2804240, C|UT
Kyle Kasser, 28840218, 2B|UT
Martires Arias, 2220463, P
Carter Loewen, 29342300, P
Leobaldo Cabrera, 2821763, OF|UT
Ryan Newell, 2824654, P
Yordanny Monegro, 29321988, P
Keylan Killgore, 2932850, P
Braylon Doughty, 29644469, P
Erick Salcedo, 2170522, SS|UT
Chris Schrock, 26635164, SS|UT
Ricardo Genoves, 2822937, C|UT
Cole Freeman, 2836882, 2B|UT
Holden Powell, 26615461, P
Alay Lago, 2915580, 3B|UT
Luis Liberato, 2226053, OF|UT
Nick Hull, 29675446, P
Josh Kross, 50043865, C|UT
Brock Huntzinger, 1962831, P
Anthony Eyanson, 50041087, P
Bryce Tassin, 29342353, P
Pedro Rodriguez, 50044334, P
Garrett Hawkins, 29075689, P
Nick Hernandez, 2791374, P
Corbin Clouse, 3085541, P
Izzy Wilson, 2826646, OF|UT
Franyerber Montilla, 29662415, SS|UT
Sean Matson, 50044252, P
Thomas Jankins, 3152799, P
Mikey Perez, 29084395, SS|UT
Jake Henson, 2227789, C|UT
Trey Hair, 2836951, 2B|UT
Will Robertson, 28840659, OF|UT
Juan Ciriaco, 2120516, SS|UT
Eriq Swan, 29322035, P
Jake Snider, 29360063, OF|UT
Gary Gill Hill, 29424566, P
Aidan Curry, 29321913, P
Nash Knight, 2915690, 3B|UT
Jose Salvador, 26615446, P
Jack Rogers, 28841050, OF|UT
Jacob Maton, 29686696, P
Chris Gittens, 2226315, 1B|UT
Daniel Tillo, 2837604, P
Kelson Brown, 1960260, SS|UT
Dylan Campbell, 29351810, OF|UT
Jhailyn Ortiz, 2221783, OF|UT
Paulino Santana, 29339045, OF|UT
Bryce Mayer, 50041190, P
Sammy Faltine, 29360028, 2B|UT
Chris Paul, 2915618, 3B|UT
Dioris De La Rosa, 29662099, P
Narciso Mesa, 2171697, OF|UT
Chris Newell, 29295919, OF|UT
Jason Matthews, 29090727, SS|UT
Carson Matthews, 28841192, SS|UT
Logan Ratledge, 2769145, SS|UT
Carlos Paulino, 2042457, C|UT
Natanael Delgado, 2228463, OF|UT
Fitz Stadler, 2933120, P
Nick Vilter, 2227734, 3B|UT
Jared Lyons, 50044480, P
Kevin Garcia, 2171327, OF|UT
Nixon Encarnacion, 29077674, P
Braian Salazar, 50044688, P
Jacob Edwards, 50044827, P
Carter Dorighi, 50044756, SS|UT
Ethan Workinger, 29086267, OF|UT
Casey Martin, 26615345, SS|UT
Shane Panzini, 26911786, P
Gionti Turner, 28837567, SS|UT
Derek Clark, 29692343, P
Luke Shilling, 2933097, P
Cole Peterson, 2837344, SS|UT
Ethan Elliott, 26635146, P
Jack Sellinger, 29693363, P
JJ Muno, 2837271, 2B|UT
Curtis Taylor, 2826172, P
Zach Thornton, 29748471, P
Ethan Hedges, 50041100, 3B|UT
Evan Kravetz, 29086294, P
Niko Hulsizer, 2932824, OF|UT
Michael Darrell-Hicks, 29342245, P
Walker Powell, 50043935, P
Andro Cutura, 3158009, P
Ryan Brinley, 2228202, P
Chris Berset, 1956552, C|UT
Santiago Nessy, 2044549, C|UT
Nerwilian Cedeno, 29077671, OF|UT
Ryan Halstead, 2915699, P
Joe Cronin, 3101464, SS|UT
Brian Walters, 50041339, P
Estarlin Arias, 2921352, P
Keaton Anthony, 29678277, 1B|UT
Nolan Hoffman, 2932819, P
Vince Vannelle, 29086144, P
Dustin Martin, 1208664, OF|UT
Eric Rodriguez, 29330426, C|UT
Logan Wyatt, 3151904, 1B|UT
Carson DeMartini, 29658280, 3B|UT
Allan de San Miguel, 1486148, C|UT
Javeon Cody, 28843165, OF|UT
Jose Betances, 28839911, P
Luis Hernandez, 50043810, SS|UT
Eric Yost, 50041342, P
Luis Castro, 2821926, 1B|UT
Chris Nunn, 2122296, P
Gerson Garabito, 2211790, P
Luca Tresh, 26912426, C|UT
Jeremy Rivera, 2227780, SS|UT
Hector Osorio, 29686710, OF|UT
Jerry Keel, 2823657, P
Jack Sundberg, 2921532, OF|UT
Cam Alldred, 28837074, P
Evan Rutckyj, 2211465, P
Willy Vasquez, 26913016, OF|UT
Blake Wolters, 29295957, P
Carlos Pimentel, 1961064, P
Jonathan Schwind, 2120733, C|UT
Marcus Smith, 26615373, OF|UT
Jacob Gonzalez, 29153550, 2B|UT
Hogan Windish, 29089906, 2B|UT
Alfred Gutierrez, 2915589, P
Kevin Mahala, 2740418, P
Bralin Jackson, 2121270, OF|UT
Jalen Battles, 29678047, SS|UT
Steven Echavarria, 29295982, P
Austin Davidson, 3077693, 1B|UT
Michael Cuevas, 29692375, P
Terry Doyle, 1918578, P
Conner Loeprich, 29084553, P
Jose Mena, 2824358, C|UT
Alberto Hernandez, 29342273, SS|UT
Wilmy Sanchez, 29689613, P
Preston Palmeiro, 2506930, 1B|UT
Zack Kone, 2932859, SS|UT
Kai Wynyard, 28843229, P
Lou Albrecht, 29687308, C|UT
Saul Teran, 50044372, P
Cristian Perez, 2825015, SS|UT
Khadim Diaw, 29644422, C|UT
Marcus Lee Sang, 28841145, OF|UT
Juan Chacon, 28846849, OF|UT
Erik Forgione, 2228477, 2B|UT
Brett Langhorne, 2932866, 3B|UT
Noah Cardenas, 29087618, C|UT
Drew Lugbauer, 2837146, 1B|UT
Brycen Mautz, 29075497, P
Zach Jackson, 2837031, C|UT
Kane Kepley, 50041305, OF|UT
Quinn Brodey, 2836652, OF|UT
Hunter Schryver, 2837483, P
Nick Robertson, 26635161, P
D.J. Hicks, 2171608, 1B|UT
Noah Davis, 2932680, P
Brady Feigl, 2167326, P
Stephen Gaylor, 2803299, OF|UT
Juan Guerrero, 29077649, OF|UT
Reed Gragnani, 2169797, 2B|UT
Michael Benjamin, 2119305, 3B|UT
Kyle Roller, 2040759, 1B|UT
Christian Becerra, 50044613, P
Matthew Gorst, 2915534, P
Jacob Dorris, 2804918, P
Kahlil Watson, 26723808, OF|UT
Nelly Taylor, 50041303, OF|UT
Matt Canterino, 3151907, P
Jordi Martinez, 2931994, P
Brad Allen, 2804218, P
Jason Leblebijian, 2226890, 2B|UT
Rainier Rivas, 28838048, OF|UT
Elvin Rodriguez, 3157953, P
Clark Candiotti, 29644464, P
Yordy Cabrera, 1953419, P
Alfredo Rodriguez, 50045010, C|UT
Andrew Marrero, 29092497, P
Sam Garcia, 29676368, P
Caleb Dirks, 2220474, P
Forrestt Allday, 2169890, OF|UT
Rafhlmil Torres, 50044468, SS|UT
Eduardo Vera, 3075571, P
Marques Johnson, 50043967, P
Travis Smith, 29644497, P
Marconi German, 50041372, 2B|UT
Mitchell Tyranski, 29090987, P
Eric Marinez, 2824081, 3B|UT
Jake Walsh, 2837650, P
Jean Perez, 28843221, 2B|UT
Aaron Phillips, 2837347, P
Matt Russell, 2837446, P
Reginald Preciado, 3152091, 3B|UT
Gioskar Amaya, 1963327, SS|UT
Maikol Hernandez, 26643938, SS|UT
Hunter Cole, 2449454, OF|UT
Jordan Nwogu, 26615375, OF|UT
Brendt Citta, 28841143, C|UT
Dario Gardea, 29084586, P
Zach McCambley, 26615422, P
Ramon Rodriguez, 3107611, C|UT
Junior Sosa, 1959090, OF|UT
Carter Holton, 29632446, P
Onil Perez, 29322004, C|UT
Ulysses Cantu, 2794799, 3B|UT
Bradley Jones, 2734000, 3B|UT
Trey McLoughlin, 29084555, P
Grant Lavigne, 2931982, 1B|UT
Luke Taggart, 50044892, P
Kaylan Nicasia, 28851012, SS|UT
Adrian Bohorquez, 29662209, P
Jim Jarvis, 29682339, SS|UT
Maikis De La Cruz, 2228474, OF|UT
Jonathan Jones, 1963304, OF|UT
Ryan Sublette, 29675170, P
Julian Smith, 2933109, P
Alex Rao, 29349534, P
Eddy Demurias, 28838299, P
Yanki Baptiste, 29689783, SS|UT
Barrett Kent, 29321960, P
Miguel Jerez, 2823552, C|UT
Danyer Cueva, 29077596, 2B|UT
Anderson Franco, 2211749, 3B|UT
Blake Butler, 2804513, 2B|UT
Robinson Ortiz, 2846111, P
Sean Mullen, 28838571, P
Cam Cannarella, 50009373, OF|UT
Manuel Alvarez, 2925018, P
Michael Tinsley, 2921540, C|UT
Alberth Martinez, 1961789, OF|UT
Victor Roache, 2001083, OF|UT
Hunter Adkins, 2223636, P
Wilson Rodriguez, 50041331, OF|UT
Jimmy Kingsbury, 29087230, P
DJ Neal, 2837283, OF|UT
Ryan Reckley, 29077679, OF|UT
Tyler Hill, 2449429, OF|UT
Qrey Lott, 50044783, OF|UT
Jacob Schrader, 2226384, 1B|UT
A.J. Lee, 28838278, SS|UT
Tucker Toman, 29075782, 3B|UT
Mitch Hansen, 2507199, OF|UT
Matt Halbach, 50044339, 3B|UT
Kaleb Fleck, 2049827, P
Chris Hudgins, 3158014, C|UT
Braden Davis, 50041350, P
Roman Phansalkar, 29687809, P
John Wimmer, 29322048, SS|UT
Matt Winaker, 2837698, 1B|UT
Ed Howard, 26615343, SS|UT
Jake Palisch, 29342456, P
Ulrich Bojarski, 3157913, OF|UT
Riley Nelson, 50044342, 1B|UT
Mitchell Stumpo, 28838091, P
Sean Donatello, 2121470, P
Wyatt Strahan, 3103878, P
Patrick Copen, 29658247, P
Galvi Moscat, 2170715, OF|UT
Danny De Andrade, 26643927, 3B|UT
Jack Snyder, 28846866, P
Humberto Cruz, 29660655, P
Dennis Colleran, 50042720, P
Enrique Segura, 29077608, P
Jared Kelley, 3168715, P
Sauryn Lao, 2823780, P
Matthew Fisher, 50041334, P
Moises Marchan, 50042270, C|UT
Jhonny Bethencourt, 2821555, 2B|UT
Tanner Nishioka, 2837296, 2B|UT
Jean Carmona, 2828983, 2B|UT
Harold Chirino, 2822002, P
Mitch Jebb, 29295911, SS|UT
Austin Warner, 2850308, P
Adam Smith, 29683717, P
Steve Bean, 2114645, C|UT
Trey Riley, 2933047, P
Nonie Williams, 2507190, SS|UT
Austin Mason, 2921413, P
Christopher Familia, 29349531, OF|UT
Jackson Feltner, 29683467, 1B|UT
Jose Nin, 3108246, P
Zack Erwin, 27023027, P
Drew Carlton, 2836695, P
Elian Rodriguez, 2851845, P
Eston Stull, 50043828, P
Tom Cosgrove, 2836749, P
Morgan McCullough, 29084393, SS|UT
Zach Reks, 2837382, OF|UT
Shane Murphy, 29678314, P
Adrian Hernandez, 26616950, OF|UT
Ryan Galanie, 50043948, 3B|UT
Malachi Witherspoon, 50037910, P
Nate Tellier, 29342355, P
J.C. Flowers, 29085028, P
Frankeli Arias, 50044873, P
Jordan Carr, 29342238, P
Casey Saucke, 29644446, OF|UT
Garrett Pennington, 50044802, 1B|UT
Jared Wegner, 29675803, OF|UT
Rico Garcia, 3088370, P
Ian Rice, 2803765, C|UT
Drew Maggi, 1954853, 3B|UT
Gunner Mayer, 26911807, P
Douglas Hodo III, 29683512, OF|UT
Taylor Broadway, 28838067, P
Joseph Yabbour, 29687332, P
Johnathon Thomas, 29360065, OF|UT
Ali Castillo, 2048857, 2B|UT
Wyatt Olds, 29083999, P
Lazaro Armenteros, 2804027, OF|UT
John Silviano, 2919896, 1B|UT
Luke Brown, 28846844, OF|UT
Stanley Consuegra, 3094731, OF|UT
Leandro Santana, 2804932, 3B|UT
Rodrigo Benoit, 3094353, P
Jorge Ruiz, 29085645, OF|UT
Jaron DeBerry, 50043837, P
Wes Clarke, 29085459, 1B|UT
Winder Diaz, 29087620, 3B|UT
Cal Hernandez, 3097892, 3B|UT
Joelvis Del Rosario, 29091446, P
Wander Franco, 2804232, 3B|UT
Sam Whiting, 29658268, P
Jordan Brown, 28842636, SS|UT
Willie Joe Garry Jr., 2932757, OF|UT
Mitch Trees, 2777674, C|UT
Matt Ager, 29644461, P
JT Mabry, 29350509, 2B|UT
Austin Krob, 29332840, P
J.D. Mundy, 26762077, 1B|UT
Jonathan Mejia, 29077644, 2B|UT
Yefri Del Rosario, 2829006, P
Luis Rodriguez, 26914520, OF|UT
Arnaldo Berrios, 2766201, OF|UT
Matthias Dietz, 2449985, P
Chase Simpson, 2171694, 3B|UT
Jeffrey Colon, 29356601, P
Matt Barr, 50041326, P
Amaurys Minier, 2167501, OF|UT
Jud Fabian, 29075719, OF|UT
Matt Milroy, 2167935, P
Mario Meza, 2743626, P
Sean Jamieson, 2113500, SS|UT
Capri Ortiz, 29322001, SS|UT
Luis Curbelo, 3097073, SS|UT
Adam Weisenburger, 2034700, C|UT
Simon Whiteman, 3158503, SS|UT
Wilkel Hernandez, 2823358, P
Blake Burkhalter, 29075476, P
Casey Hughston, 2228188, OF|UT
Danry Vasquez, 1957443, OF|UT
Ben Brecht, 3152062, P
Andrew Bechtold, 2836585, 3B|UT
Jake Faherty, 29683433, P
Rayven Antonio, 50042287, P
Dylan Burdeaux, 2836670, 1B|UT
Edwuin Bencomo, 2821515, P
Kade McClure, 2837196, P
Trey Benton, 29342227, P
Jeff Lindgren, 29085037, P
Axel Sanchez, 28843224, SS|UT
Daniel Lloyd, 50044070, P
Brady Lindsly, 29082395, C|UT
Wilfri De La Cruz, 50042252, SS|UT
Josh Bissonette, 28840672, 2B|UT
Jadiel Sanchez, 28840774, OF|UT
Josh Dye, 27022495, P
Pedro Castellanos, 2821886, 1B|UT
Carlos De La Rosa, 50042249, P
Eric Yang, 3152037, C|UT
Ryan Loutos, 29077088, P
Ivan Murzi, 29090115, C|UT
Trey Cochran-Gill, 2169867, P
Dace Kime, 2117056, P
Cody Delvecchio, 50043990, P
Rosman Verdugo, 29086587, 3B|UT
Brady Whalen, 29077589, 1B|UT
Matt Merrill, 29342309, P
Cole Ayers, 29687776, P
Joshua Day, 29084199, SS|UT
Yamal Encarnacion, 29087621, 2B|UT
Ryan Stephens, 2228500, OF|UT
Cesar Idrogo, 28843018, 1B|UT
Chance Huff, 29692606, P
Cody Morissette, 26911673, 2B|UT
Juan Carlos Linares, 1799268, OF|UT
Michael O'Neill, 2169806, OF|UT
Briggs McKenzie, 50041079, P
Ryan Cesarini, 29683453, OF|UT
Tyler Hardman, 2836963, 1B|UT
Dylan Hardy, 2932796, OF|UT
Jake Palomaki, 2932992, 2B|UT
Eugene Helder, 2921095, SS|UT
Ryan Smith, 26911791, P
Riley Mahan, 2837157, SS|UT
Mason Burns, 50043882, P
Enmanuel Tejeda, 50044504, 3B|UT
Jose Anderson, 29689591, OF|UT
Dalton Kelly, 2227207, 1B|UT
Jesus Bastidas, 2821449, SS|UT
Patrick Lee, 29676692, OF|UT
Sabier Marte, 29660699, P
Adrian Sugastey, 28841713, C|UT
Cord Sandberg, 2118138, OF|UT
Brandon Bayardi, 2227124, OF|UT
Rolando Espinosa, 2930839, 2B|UT
Dean Curley, 50041098, SS|UT
Ramon Morla, 1950983, SS|UT
Natanael Yuten, 29687769, OF|UT
Jaime Pedroza, 1740987, 2B|UT
Mac Seibert, 2921393, 2B|UT
Cam Robinson, 2837414, P
Allan Hernandez, 29679119, P
Lane Ramsey, 29078829, P
Caleb Roberts, 29084178, C|UT
Chase Harlan, 50041199, 3B|UT
Carson Rudd, 29342335, P
Sal Giardina, 3094342, C|UT
Cole Fontenelle, 29342258, 3B|UT
Narciso Polanco, 29685396, SS|UT
Brandon Martorano, 29680512, C|UT
Jesus Chirinos, 29349530, 1B|UT
Tyler Bugner, 2750311, P
Robert Perez, 2829104, 1B|UT
Alirio Ferrebus, 50042271, C|UT
Charlie Shirek, 2027405, P
Will Holland, 26615358, SS|UT
Sammy Stafura, 29295910, SS|UT
Osiris German, 2835917, P
Juan Nunez, 29321997, P
Javen Coleman, 50042721, P
Ryan Sandberg, 29676733, P
Collin Baumgartner, 50044646, P
Manny Sanchez, 2803763, OF|UT
Hendry Mendez, 26913043, OF|UT
Jacob Heyward, 3107243, OF|UT
Robbie Garvey, 1812685, OF|UT
Hayden Merda, 29685405, P
Sahid Valenzuela, 28842428, SS|UT
Sandro Gaston, 29085790, C|UT
Ofreidy Gomez, 3156918, P
AJ Russell, 50041354, P
Derek Craft, 2932662, P
Luis Medina, 26616951, OF|UT
Micah Bucknam, 50037911, P
Jake Kalish, 2823646, P
Tyler Moore, 2915591, 1B|UT
Jose Cordoba, 29680494, OF|UT
Jose Cuas, 2227219, P
B.J. Boyd, 2114643, OF|UT
Jose Gonzalez, 29692988, OF|UT
Charles Hall, 29084721, P
Will Albertson, 2921415, C|UT
Tucker Neuhaus, 2066837, SS|UT
Ryan Lambert, 50041330, P
John Matthews, 29087231, P
James Hicks, 29632460, P
Juan Perez, 2119621, 2B|UT
Anderson Severino, 26861458, P
Geovanny Planchart, 50042724, C|UT
Matthew Wood, 29075737, C|UT
Cooper Adams, 29683705, P
Bruce Yari, 3107315, 1B|UT
Mason McCoy, 2837200, SS|UT
Chavez Fernander, 28838570, P
Parker Dunshee, 2836831, P
Skylar Szynski, 2768554, P
Joe Shaw, 2825899, P
Luis Merejo, 29680189, 1B|UT
Willy Collado, 2822051, P
Gabriel Davalillo, 50042274, C|UT
Tyler Ivey, 2837028, P
Jackson Kirkpatrick, 50043953, P
Cam Schuelke, 50043819, P
Dylan Davis, 2507327, OF|UT
Ulices Campos, 29088485, P
Danny Woodrow, 3083189, OF|UT
Andre Lipcius, 3157915, 3B|UT
Chase Huchingson, 2051168, P
Brooks Brannon, 29075488, C|UT
Franco Aleman, 29085019, P
Alonzo Tredwell, 29295965, P
Noah Campbell, 2836686, SS|UT
Jonathan Johnson, 2226039, 2B|UT
Caden Kendle, 29692166, OF|UT
Corey Copping, 2786284, P
Yoeilin Cespedes, 29321907, 2B|UT
Blake Rogers, 28838090, P
Avery Weems, 26911815, P
Mason Green, 29679369, P
Ghordy Santos, 2829135, SS|UT
Eric Jagielo, 2066308, 1B|UT
Jeferson Espinal, 26913038, OF|UT
Cade Crossland, 50041351, P
Jason Stoffel, 1794787, P
Zach Sullivan, 2797627, OF|UT
Frankie Mozzicato, 26719570, P
Lucas Elissalt, 50041109, P
Chandler Redmond, 29091598, 2B|UT
Nova Valdez, 1669890, 3B|UT
Matt Krook, 2453412, P
Ethan DeCaster, 2932691, P
Cory Vaughn, 1806352, OF|UT
Wes Benjamin, 2804515, P
Yoanys Quiala, 2915786, P
Mike Fish, 2121315, OF|UT
Kurt Hoekstra, 3157178, P
Michael Turconi, 29091623, SS|UT
Jean Walters, 29343014, 2B|UT
Seth Shuman, 2252444, P
Radley Haddad, 2122214, C|UT
Yasiel Balaguert, 2050879, 1B|UT
Odalvi Javier, 2823543, P
Tyler Marincov, 2170400, OF|UT
James Farris, 2656660, P
Ben Hartl, 29689762, C|UT
Tony Santa Maria, 50045011, 3B|UT
Garrett Forrester, 29295899, C|UT
Eduardo Lopez, 29087624, OF|UT
Buck Britton, 1806043, 2B|UT
Wladimir Galindo, 2507348, 1B|UT
Daniel Cope, 29089074, C|UT
David Kubiak, 2823741, P
Logan Tanner, 29075728, C|UT
Ray-Patrick Didder, 2739960, SS|UT
Alan Rangel, 2825293, P
Peyton Olejnik, 29678115, P
Will Verdung, 29676704, 2B|UT
Haydn McGeary, 29088725, 1B|UT
Brenden Webb, 1957195, OF|UT
Jay Harry, 29342832, SS|UT
Pablo Aliendo, 2932261, C|UT
Jason Lopez, 2823927, C|UT
D.K. Carey, 2171249, OF|UT
Heath Holder, 3101499, OF|UT
Ryan Costeiu, 29075763, P
John O'Reilly, 3158354, P
Pedro Dalmagro, 50044762, C|UT
Carlos De La Cruz, 3157955, OF|UT
Reidis Sena, 50043772, P
Grant Massey, 2919941, SS|UT
Tyler McKay, 2932930, P
Cam Gibson, 2222108, OF|UT
Bubba Derby, 2919772, P
Ismael Munguia, 2824593, OF|UT
Brandon Butterworth, 29676028, SS|UT
Ashford Fulmer, 2227791, OF|UT
Jean Reyes, 29689594, P
Oliver Ortega, 2824791, P
Reggie Crawford, 28920033, P
Drake Logan, 50044697, OF|UT
Hancel Rincon, 50042535, P
Ronald Hernandez, 29321946, C|UT
Carson Taylor, 3166654, 1B|UT
Henri Lartigue, 3095367, C|UT
Morgan Lofstrom, 3096078, C|UT
Ryan Lobus, 50043064, P
Cameron Cauley, 26911692, SS|UT
Kyle Virbitsky, 29342399, P
Pat Gallagher, 50044074, P
Joseph Montalvo, 28843220, P
Mac Marshall, 3158534, P
Juan Benitez, 2699268, P
Robbie Glendinning, 2921564, SS|UT
Dashyll Tejeda, 50043900, OF|UT
Hosea Nelson, 2804680, OF|UT
Doug Nikhazy, 26911762, P
Brian Schales, 2804213, 3B|UT
Jordy Lara, 2120795, 1B|UT
Yoel Espinal, 2822580, P
Elliot Ashbeck, 3157958, P
Kevin Milam, 28837585, 2B|UT
Josh Wakefield, 50043918, OF|UT
BJ Murray, 29086256, 1B|UT
Dan Swain, 2837583, OF|UT
Griffin Burkholder, 29644416, OF|UT
Nate Pearson, 2838064, P
Luis De Avila, 29096120, P
Nick Zwack, 29077348, P
Dillon Lewis, 29686651, OF|UT
Raylin Heredia, 29321945, OF|UT
Willy Ortiz, 2824806, P
Poncho Ruiz, 50044562, C|UT
Victor Mesa Jr., 3077715, OF|UT
Jefry Yan, 2858767, P
David Peterson, 2226124, P
Brock Moore, 29676729, P
Cade Kuehler, 29295941, P
Carlos Perez, 3157275, C|UT
Cole Paplham, 29342321, P
Josh Simpson, 29033797, P
Jeff Ibarra, 2228196, P
Luis Alejandro Basabe, 2507345, 2B|UT
Dauri Fernandez, 29692360, SS|UT
Beau Amaral, 2044553, OF|UT
Kyle Marinconz, 28843187, SS|UT
Alex Destino, 2836803, OF|UT
Tyler Higgins, 2223332, P
Luis Valenzuela, 2826392, SS|UT
Reynaldo Rodriguez, 1813383, C|UT
Caden Bodine, 50009360, C|UT
Norel Gonzalez, 28838220, OF|UT
Chris Madera, 2824030, OF|UT
Travis Harrison, 1947844, OF|UT
Will Lamb, 2170005, P
Dominic Abbadessa, 3158036, OF|UT
Zachary Zubia, 28843170, 1B|UT
Ray Chang, 1740918, 2B|UT
Luis Flores, 2114633, C|UT
Tyler Guilfoil, 29295966, P
Alexander Campos, 2828977, SS|UT
Steve Scott, 29080367, C|UT
Elijah Dale, 29676984, P
Micah Gibbs, 1952346, C|UT
Tyler Warmoth, 2826559, P
Alexander Palma, 2921007, OF|UT
Yoelqui Cespedes, 26643913, OF|UT
Jecksson Flores, 2121318, SS|UT
Adonys Cardona, 1987620, P
Sheng-En Lin, 29321973, P
Gabriel Bracamonte, 2921432, C|UT
Jackson Lancaster, 29686519, OF|UT
Wander Javier, 2507352, SS|UT
Andres Alvarez, 28840171, SS|UT
Blair Henley, 26615458, P
Jameson Hannah, 2931962, OF|UT
L.J. Mazzilli, 2226040, 2B|UT
Brandon Macias, 2044118, SS|UT
Luis Payano, 2920914, OF|UT
Anthony Garcia, 3090755, OF|UT
LeDarious Clark, 3094734, OF|UT
Jeff Kemp, 2794536, SS|UT
Jake Polancic, 29342652, P
Brett Callahan, 29683706, OF|UT
Zach Levenson, 29658259, OF|UT
Gabriel Lino, 1953527, C|UT
David Parkinson, 2837323, P
Luke Gold, 29075732, 1B|UT
Matt Cooper, 2798058, P
Derik Alcantara, 50044389, OF|UT
Ryne Birk, 2791368, 2B|UT
Matt Imhof, 2167486, P
Davian Garcia, 50043983, P
David Thompson, 2766204, 3B|UT
Connor Kaiser, 2932843, 2B|UT
Luis Vasquez, 3094399, P
Nicholas Economos, 3157918, P
Jack Carey, 29088486, P
Steven Gingery, 2932765, P
Ramon Benjamin, 1926952, P
Rodolfo Martinez, 2507518, P
Dangelo Sarmiento, 29684917, 2B|UT
Jhonny Severino, 29662427, 3B|UT
Joe La Sorsa, 29083418, P
Austin Deming, 29685406, 3B|UT
Eduarniel Nunez, 2870046, P
Landon Wallace, 29084228, OF|UT
Shane Mardirosian, 2170089, 2B|UT
Evan Van Hoosier, 2171184, OF|UT
Jose Alberto Molina, 2226049, P
Gus Steiger, 28842471, SS|UT
Yorger Bautista, 29669376, OF|UT
Casey Anderson, 29321880, P
Kenly Hunter, 50042263, OF|UT
Cesar Izturis Jr., 3101478, 2B|UT
Desmond Lindsay, 2211209, OF|UT
Duncan Snider, 29089645, P
Demitrio Nadal, 29683796, 3B|UT
Malcolm Moore, 29426065, C|UT
Edwin Jimenez, 29342288, P
Roberto Baldoquin, 2167493, SS|UT
Blake Drake, 2171192, OF|UT
Geraldo Quintero, 29077611, OF|UT
Connor Hujsak, 29685395, OF|UT
Danny Serretti, 29085925, 3B|UT
Jayvien Sandridge, 29342336, P
Kade Morris, 29321992, P
Mario Sanchez, 2825737, P
Karl Kauffmann, 3152117, P
Eric Karch, 2823651, P
Chase Valentine, 29091315, SS|UT
Todd Peterson, 26635158, P
Jesus Ordonez, 29692639, C|UT
Leonardo Crawford, 2822156, P
Cory Wall, 29693003, P
Corey Littrell, 2216699, P
Johan Mieses, 2227179, OF|UT
Duke Ellis, 2836841, OF|UT
Roni Cabrera, 50044860, OF|UT
Jacob Teter, 28840174, 1B|UT
Jesus Flores, 50043887, P
Noah Perio, 1961731, SS|UT
Jake Holton, 29086654, 1B|UT
Louie Lechich, 2227979, OF|UT
Nathan Lavender, 28842449, P
Jake Elliott, 2822534, P
Steve Berman, 3158103, C|UT
Alex Isola, 3158011, C|UT
Sam Lewis, 2693897, P
Zeke White, 2211803, OF|UT
Kleininger Teran, 29693242, 3B|UT
Diego Cedeno, 2171292, OF|UT
Coy James, 50041228, SS|UT
Mason Denaburg, 2942990, P
Ian Sagdal, 2750020, 2B|UT
C.J. Stubbs, 26911661, C|UT
Joel Booker, 2919931, OF|UT
Jorge Saez, 2171284, C|UT
Gaige Howard, 29086582, OF|UT
Michael Rivera, 2837402, C|UT
Dayner Moreira, 2226791, 2B|UT
Austin Franklin, 2507338, P
Matt Rudick, 28842588, OF|UT
Jose Vinicio, 2228471, SS|UT
Troy Schreffler, 29090116, OF|UT
Renae Martinez, 2837177, C|UT
Jackson Loftin, 29088703, SS|UT
Grae Kessinger, 3152109, 3B|UT
Alan Mejia, 29086557, OF|UT
Julian Brock, 50044063, C|UT
Kale Emshoff, 27022496, C|UT
Maui Ahuna, 29321877, SS|UT
Jackson Baumeister, 29295944, P
Zach Penrod, 29342324, P
Fernando Perez, 2167342, 2B|UT
Connor Justus, 2804689, SS|UT
Robert Cranz, 29692605, P
Charles King, 29678054, P
William Bergolla, 392291, SS|UT
Weston Eberly, 29693192, C|UT
Oliver Garcia, 2822888, P
Hunter Stanley, 29085049, P
Jose Escorche, 28843209, SS|UT
Jack Penney, 50043929, SS|UT
Dereck Salom, 28846909, SS|UT
AJ Graffanino, 2932777, SS|UT
Ixan Henderson, 50025419, P
D.J. Artis, 28837121, OF|UT
Carlos Francisco, 29096124, P
Dylan Rosa, 2837436, OF|UT
Ben Harris, 29085032, P
Keyshawn Askew, 29342222, P
Kodi Whitley, 2837679, P
Darell Morel, 50042257, SS|UT
Rubendy Jaquez, 2823535, 2B|UT
Khayyan Norfork, 2120497, 2B|UT
Andrew Taylor, 29071001, P
Antwone Kelly, 50036774, P
Luke Hayden, 29644473, P
Eliezer Zambrano, 2227186, C|UT
Will Gaddis, 2836889, P
D.J. Brown, 2915814, P
Julio Garcia, 2167470, 2B|UT
Cesar Galvez, 2170136, SS|UT
Eli Lingos, 3158105, P
Sammy Hernandez, 29326347, C|UT
Terrell Tatum, 29085646, OF|UT
Luke Dykstra, 2447483, 2B|UT
Ernny Ordonez, 28842738, 3B|UT
Ty Culbreth, 3108882, P
Wade Kirkland, 2170514, 2B|UT
Thomas Ponticelli, 2933025, P
Zach Franklin, 29692364, P
Bryan Dobzanski, 3157426, P
James Ellwanger, 50041325, P
Kenyon Yovan, 29082790, P
Reinaldo Ilarraza, 2921628, 2B|UT
Kevin Lenik, 2823840, P
Eli Serrano, 29658026, OF|UT
Kelly Secrest, 2825853, P
Matt Tomshaw, 2167938, P
Jonathan Griffin, 1956550, SS|UT
Reid Redman, 2050484, 3B|UT
Rob Wort, 2228200, P
Jakob Hernandez, 2836983, P
Gerardo Gutierrez, 29675443, P
Michael Oliveto, 50009364, C|UT
Darren Baker, 2836563, 2B|UT
Charlie Szykowny, 29676342, 3B|UT
Tyler Thornton, 29342356, P
Jose Pastrano, 28842470, SS|UT
Cameron Bishop, 2836610, P
Jack Dunn, 29089057, SS|UT
Antonio Anderson, 29321881, 3B|UT
Josh Hart, 2066706, OF|UT
Stephen Kohlscheen, 2050506, P
Luis Quinones, 29096136, P
Cole Waites, 28946373, P
Eddys Leonard, 26762050, 3B|UT
Stuart Levy, 2804676, C|UT
Tyler Davis, 2227794, P
Cade Denton, 29321916, P
Trever Morrison, 2803768, SS|UT
Javier Valdes, 29085266, C|UT
Eddy Yean, 26615443, P
Tre Carter, 3107127, OF|UT
Nathan Burns, 28838881, P
Jeff Criswell, 2836761, P
Wyatt Sanford, 29644445, SS|UT
Connor Scott, 2942973, OF|UT
Sean Reynolds, 3097421, P
Josh Lester, 2921561, 1B|UT
Christian Oppor, 50037908, P
Art Charles, 2766620, 1B|UT
Jefri Hernandez, 2223646, P
Rodrigo Orozco, 2824782, OF|UT
Joey Harris, 2921530, C|UT
Jacob Condra-Bogan, 2836730, P
Kelvin Nunez, 2829387, P
Tommy Molsky, 50044861, P
Felipe Blanco, 2227782, 3B|UT
Ian McKinney, 2824286, P
Reydel Medina, 2171835, OF|UT
Luis Ramirez, 2825259, P
Carlos Tavera, 29671358, P
Mike Peabody, 28842609, OF|UT
Michael Brewer, 29085279, P
Frederick Bencosme, 29077610, 2B|UT
Martin Cervenka, 3084317, C|UT
Arturo Disla, 29686884, 1B|UT
Vicente Conde, 2226570, SS|UT
Deniel Ortiz, 29683712, 3B|UT
Jordan Jones, 28838884, P
Jeffrey Passantino, 2837325, P
Jax Biggers, 2932281, SS|UT
Dylan Lesko, 28920018, P
Martin Gonzalez, 29077665, 3B|UT
Justin Seager, 2791770, 1B|UT
Jeremy Eierman, 2931937, SS|UT
Andres Sosa, 29079728, C|UT
Yhoswar Garcia, 26912468, OF|UT
Ian Bedell, 26615438, P
Sam Benschoter, 29675787, P
Zach Daniels, 26635143, OF|UT
Brooks Wilson, 2837695, P
Lake Bachar, 3152730, P
Cesar Lares, 29660656, P
Mateo Gil, 2932763, SS|UT
Craig Dedelow, 2836792, OF|UT
Daniel Vazquez, 26643922, SS|UT
Wehiwa Aloy, 50009361, SS|UT
DaShawn Keirsey, 2932845, OF|UT
Daniel Bravo, 2228082, 2B|UT
Jonathan Pintaro, 29660685, P
Tim Remes, 2800868, C|UT
Henry Pujols, 2825198, 3B|UT
Brandon S. White, 28838029, P
Martin Agosta, 2044515, P
Harry Gustin, 50043781, P
Yaya Chentouf, 29084156, P
Kevin Vicuna, 2746508, SS|UT
Kyle Johnson, 2120721, OF|UT
Garrett Weber, 2048269, SS|UT
Matt Tenuta, 3083969, P
Luis Rijo, 2825381, P
Paulshawn Pasqualotto, 29676052, P
Angel Rojas, 29087588, 2B|UT
Aaron Combs, 50043874, P
Cody Bohanek, 2836619, SS|UT
Dahian Santos, 29077595, P
Ryan Scott, 2915684, OF|UT
Brody Brecht, 29662224, P
Cade Austin, 29677723, P
Ricardo Gonzalez, 29686650, 2B|UT
Jared Carr, 29092514, OF|UT
Eddinson Paulino, 28840187, 2B|UT
Wilber Dotel, 50036771, P
James Beard, 26615376, OF|UT
Luis Avalo, 2821352, C|UT
Robert Wegielnik, 29684942, P
Theo Denlinger, 29096121, P
Danny Young, 3157973, P
Carlos Lopez, 2226842, OF|UT
Neyfy Castillo, 28837124, 1B|UT
Wuilfredo Antunez, 29089616, OF|UT
Jonathan Bermudez, 26861422, P
Roque Gutierrez, 50044019, P
Dustin Saenz, 29632445, P
Kirvin Moesquit, 2915594, 3B|UT
Jack Gurevitch, 50041219, 1B|UT
Owen Holt, 29342276, P
Brent Diaz, 2836805, C|UT
Jose Alpuria, 29684939, OF|UT
Andreimi Antunez, 50045135, SS|UT
Chris Pieters, 2507343, 1B|UT
Ryan Moseley, 2915820, P
Garret Guillemette, 29342269, C|UT
Heriberto Rincon, 50045008, OF|UT
Cristian Gomez, 2227221, SS|UT
Colton Plaia, 2227747, C|UT
Sal Biasi, 2836607, P
Matt Tabor, 2837585, P
Kellen Strahm, 28841699, OF|UT
Ruben Cardenas, 2932628, OF|UT
Malcom Culver, 2118830, P
Tyler Spurlin, 2750314, P
Myles Smith, 2228217, P
Hunter Fitz-Gerald, 29692617, 1B|UT
Hunter Dula, 29350521, P
Ronald Pena, 2120591, P
Hudson Haskin, 26615369, OF|UT
Josh Vidales, 2803487, 2B|UT
Seth Keller, 29075770, P
Nolan Kingham, 2932852, P
Ethan Schiefelbein, 29644492, P
Justin Gonzales, 50041377, OF|UT
Ethan O'Donnell, 29342320, OF|UT
Drue Hackenberg, 29295940, P
Paul Hendrix, 2121075, SS|UT
Marek Houston, 50009346, SS|UT
David Leon, 50044616, C|UT
Pat Blair, 2171827, 3B|UT
Jack Anderson, 29092492, P
Daniel Arribas, 2731202, 3B|UT
Nathan Webb, 26861464, P
Josiah Hartshorn, 50041306, OF|UT
Dylan Shockley, 29088494, C|UT
Kaleo Johnson, 3108844, 3B|UT
Matthew Peguero, 2830306, P
Trent Buchanan, 50044493, P
Keoni Cavaco, 3117909, 1B|UT
Jan Hernandez, 2118737, 3B|UT
Branden Fryman, 28840612, SS|UT
Cameron Gann, 2822836, P
Conor Harber, 3095384, P
Geraldi Diaz, 2829330, C|UT
Jose Quezada, 2933034, P
Tanner Morris, 26615361, 2B|UT
Austin Fisher, 2171338, SS|UT
Zack Plunkett, 28839452, P
A.J. Simcox, 2740130, SS|UT
Cody Wilson, 2933202, OF|UT
Shane Drohan, 2836825, P
Frainyer Chavez, 3103548, SS|UT
Isaac Lyon, 50043844, P
Justin Lopez, 2835718, SS|UT
Kingston Liniak, 2932879, OF|UT
Yohanse Morel, 2931289, P
Jose Lozada, 2048309, SS|UT
Tanner Dodson, 2931934, OF|UT
Marcelo Perez, 29295987, P
Brian Clark, 2171866, P
Nick Richmond, 29085044, P
Alan Busenitz, 2228457, P
JoJo Blackmon, 28843204, OF|UT
Miguel Mejia, 2225421, P
Juan Fernandez, 2822681, C|UT
Anthony Misiewicz, 2915885, P
Victor Bericoto, 28846904, 1B|UT
Modeifi Marte, 29089905, 1B|UT
Steven Fuentes, 2170500, 3B|UT
Turner Hill, 29683335, OF|UT
Easton Carmichael, 50041211, C|UT
Ambioris Tavarez, 26913015, 2B|UT
Sam McMillan, 2837211, C|UT
Melvin Novoa, 3107593, C|UT
Miguel Briceno, 29687310, OF|UT
Sam Ryan, 50044011, P
Ryan Long, 29096129, P
Felipe De La Cruz, 29676968, P
Michael McAvene, 3152060, P
Freylin Minyety, 28841146, SS|UT
Connor Foley, 29644427, P
Luis Pacheco, 2830248, P
Johan De Los Santos, 50044377, SS|UT
Owen Kellington, 29632443, P
Tyler Uberstine, 50036779, P
Anthony Scull, 29322021, OF|UT
Steve Rodriguez, 2113502, C|UT
Juan De Paula, 2910631, P
Tyler Ogle, 2171113, C|UT
Carlos Sepulveda, 2228214, 2B|UT
Francisco Del Valle, 28842604, OF|UT
Solomon Bates, 2932273, P
Juan Caballero, 2227744, P
Austin Bernard, 2836604, C|UT
Kyle Lovelace, 27022481, C|UT
Ben Verlander, 2118878, OF|UT
Luis Marquez, 29686708, 2B|UT
Omar Carrizales, 2171253, OF|UT
Nick Brink, 29677725, P
Alex Swim, 2171824, C|UT
Carter Young, 29077593, SS|UT
Derek Molina, 2837251, P
Rando Moreno, 2120673, SS|UT
Darin Gillies, 2794805, P
Bayden Root, 29686889, P
Blair Calvo, 29033788, P
Danuerys De La Cruz, 28843166, C|UT
Micah Ottenbreit, 29075740, P
Josh Altmann, 2226789, OF|UT
Trevor Brigden, 28838021, P
Adam Serwinowski, 29295970, P
Evan Edwards, 28837562, 1B|UT
Nick McLain, 29644438, OF|UT
Jimmy Burnette, 29079598, P
Calvin Conley, 26911688, SS|UT
Matt Brill, 2836648, P
Eric Silva, 26911785, P
Jose Sanchez, 3097782, SS|UT
Keith Couch, 2119060, P
Luis Serna, 29077663, P
Blake Quinn, 2921426, P
Francesco Barbieri, 29692438, OF|UT
Alex Yarbrough, 2038822, 2B|UT
Jeremy Ciriaco, 50044755, SS|UT
Edward Lantigua, 29662262, OF|UT
Juremi Profar, 2226629, 3B|UT
Denny Bentley, 29352614, P
Joan Baez, 2507526, P
Robert Puason, 3151912, SS|UT
Tyler Zombro, 3157473, P
Cohen Achen, 50043936, P
Oscar Rangel, 28846863, C|UT
Kenny Hernandez, 2823339, P
Nick Davila, 29342246, P
Kelvin Caceres, 29228517, P
Danny Edgeworth, 2836837, 3B|UT
Nick Kuzia, 28838024, P
Jared Reaves, 2050184, SS|UT
Francisco Acuna, 2828951, SS|UT
Brandon Montgomery, 2915615, 2B|UT
A.J. Vanegas, 2228220, P
Adolfo Sanchez, 29339046, OF|UT
Cristian Toribio, 2226390, SS|UT
Trevor Hauver, 2836971, OF|UT
Austin House, 2120054, P
Angeudis Santos, 29086779, 2B|UT
Victor Mesia, 26912477, C|UT
Yankory Pimentel, 2825104, P
Hunter Dryden, 50043879, P
Jonathan Cheshire, 2836715, P
Jeremy Wu-Yelland, 29360071, P
Steven Klimek, 2918656, P
Tai Tiedemann, 28838889, P
Stone Russell, 29681325, 3B|UT
Mark Minicozzi, 1225741, 3B|UT
Emilio Guerrero, 2051174, SS|UT
Francisco Diaz, 2218319, C|UT
Dayron Varona, 2216811, OF|UT
Yairo Padilla, 29662416, SS|UT
Zach Jacobs, 29676331, P
Barrett Barnes, 2044539, OF|UT
Colin Yeaman, 50041082, 3B|UT
Justin Riemer, 29675445, 2B|UT
Logan Warmoth, 2835076, 2B|UT
Chase Call, 50043866, OF|UT
Davis Bradshaw, 2836635, OF|UT
Ian Petrutz, 29644443, OF|UT
Edwin Escobar, 2027505, P
Carlos Vargas, 2910616, 3B|UT
Patrick Clohisy, 29676688, OF|UT
Aldo Ramirez, 26615445, P
Sean Keselica, 2823688, P
Garrett Baumann, 29321889, P
Gavin Dugas, 50043898, 2B|UT
Austin Bergner, 29084368, P
David Ellingson, 27022044, P
Kevin Sim, 29325922, 3B|UT
Jason Martinson, 1961728, SS|UT
Kewby Meyer, 2803301, 1B|UT
Kellon Lindsey, 29426057, SS|UT
Yosmany Guerra, 2171043, SS|UT
Jantzen Witte, 2169892, 1B|UT
Michael Danielak, 2836778, P
Josh Uhen, 2915544, P
Teofilo Mendez, 50043841, P
Triston Polley, 28839743, P
J.J. Gould, 2803771, SS|UT
Deury Carrasco, 2829875, SS|UT
Brandon Leibrandt, 2823832, P
Jack Cushing, 29085481, P
Max Williams, 50041323, OF|UT
Ashton Izzi, 29071710, P
Ross Adolph, 2932587, OF|UT
Kody Huff, 29360032, C|UT
Eduard Pinto, 2171345, OF|UT
Will Matthiessen, 29088491, 1B|UT
Tyler Horan, 2223950, OF|UT
J.J. Niekro, 29342318, P
Evan Skoug, 2837514, C|UT
Carlos Espinosa, 29683784, P
Connor Staine, 29075511, P
Aidan Smith, 29322024, OF|UT
Joe Gunkel, 2226884, P
Ryan Shreve, 29692992, P
Manuel Melendez, 2804239, OF|UT
Jeff Malm, 1959092, 1B|UT
Carlos Pacheco, 50041368, OF|UT
Ben Peoples, 29644519, P
Spencer Giesting, 29632438, P
Russell Smith, 2837529, P
Victor Juarez, 50044472, P
Alberti Chavez, 2171850, 3B|UT
Grant Heyman, 2915809, OF|UT
Miguel Pabon, 28837129, SS|UT
Samuel Vasquez, 29683436, P
Alexey Lumpuy, 50044014, OF|UT
Gustavo Melendez, 50041214, SS|UT
Dasan Hill, 29644475, P
Dorian Soto, 29669165, SS|UT
Hobie Harris, 3152787, P
Mason White, 50043921, SS|UT
Ryan Gebhardt, 2170062, 2B|UT
Adrian Alcantara, 3152056, P
Stefan Raeth, 29085041, P
Michael Hernandez, 2921608, C|UT
Robert Zarate, 2167295, P
Josh Springer, 50044065, C|UT
Zach Hedges, 2823270, P
Chance Kirby, 29088490, P
PK Morris, 29088705, 1B|UT
Will Bartlett, 28840201, C|UT
Daniel Ozoria, 2829092, SS|UT
Santiago Florez, 2830233, P
Tate Matheny, 2739962, OF|UT
Nick Schnell, 2932048, OF|UT
Anthony McIver, 2921035, P
Wilfredo Pereira, 2825006, P
Jacob Miller, 29075708, P
Misael Gonzalez Acosta, 26911721, OF|UT
Chris Kean, 29688608, P
Starling Peralta, 2029065, P
Yonathan Perlaza, 2825067, 2B|UT
Matt Ruppenthal, 28838283, P
Cameron Varga, 2170122, P
Cooper Bowman, 26911676, 2B|UT
Nick Dumesnil, 50041312, OF|UT
Ty Ross, 2167293, C|UT
Julio Eusebio, 2921290, P
Stephen Ridings, 26724489, P
Luis Valdez, 29686868, 2B|UT
Skylar King, 50043920, OF|UT
Austin Vernon, 29342362, P
Raimon Gomez, 29321938, P
Zane Mills, 29085040, P
Angel Miguel, 2228483, SS|UT
Tyler Schimpf, 2837477, P
Yanio Perez, 2774890, OF|UT
Eddy Diaz, 2859087, 2B|UT
Beau Philip, 3152097, SS|UT
David Sosebee, 3096404, P
Michael Rucker, 2863866, P
Deyni Olivero, 2824756, P
Aaron Perry, 2837341, P
Lyle Lin, 29350972, 1B|UT
Alex Holderbach, 2932821, C|UT
Juan Matheus, 29676008, SS|UT
Mason Adams, 29342215, P
Chris Meyers, 29360052, 1B|UT
Aaron Schnurbusch, 2778500, OF|UT
Trey Michalczewski, 2165921, 3B|UT
Christian Montes De Oca, 29093636, P
Andrew Thurman, 2066808, P
Landon Stephens, 29085287, 1B|UT
Peyton Alford, 28838085, P
Danny Mars, 2225245, OF|UT
Cristian Gonzalez, 26913007, SS|UT
Adrian Marin, 2042936, SS|UT
Austin Wood, 2044240, P
Luis Moreno, 2829084, P
Gage Canning, 2932299, OF|UT
Franklin Sanchez, 29087648, P
Jack Brannigan, 29085923, SS|UT
Cade Winquest, 29360070, P
Angel Del Rosario, 29685393, OF|UT
Kody Eaves, 2171052, 2B|UT
Fabian Pertuz, 2930993, 2B|UT
Skylar Hales, 29658254, P
Kevin McAvoy, 2824245, P
Paul Voelker, 2169646, P
Jose Adames, 2821095, P
Walker Janek, 29426063, C|UT
Hunter Parks, 50044384, P
Alberto Triunfel, 2826315, 2B|UT
Nick Montgomery, 29644236, C|UT
Garrett Whitley, 2184449, OF|UT
Henry Martinez, 2824152, P
Owen Cobb, 50044643, SS|UT
Caleb Boushley, 2836633, P
Rhett Kouba, 29295974, P
Joab Gonzalez, 28842466, SS|UT
Ricky Pacione, 3108869, C|UT
Nate Savino, 29075744, P
Braxton Martinez, 28837790, 3B|UT
Jordan Wren, 2837706, OF|UT
Kole Cottam, 2932656, C|UT
Yohendrick Pinango, 26913046, OF|UT
Jesus Valdez, 29091603, 1B|UT
Franklin Navarro, 3094349, C|UT
Ross Kivett, 2170277, OF|UT
Jose Bravo, 28838218, P
Yorvin Pantoja, 27022827, P
Derek Self, 2825861, P
Ademar Rifaela, 2915613, OF|UT
Charlie Beilenson, 29676330, P
Jose Fleury, 29321927, P
Arturo De Freitas, 29089643, C|UT
Tzu-Chen Sha, 50042265, P
John Church, 2113633, P
Dillon Dobson, 2227636, SS|UT
Blaine Knight, 2837089, P
Henry Gomez, 29693203, P
Michael Knorr, 29075741, P
Eudy Ramos, 2910608, 3B|UT
William Dion, 29295971, P
Jay Gonzalez, 2823039, OF|UT
Jordan Sanchez, 29662364, OF|UT
Wilkin Paredes, 50043956, P
Brandt Stallings, 3104030, 1B|UT
Vincent Timpanelli, 28838307, P
Tyler Cleveland, 29669927, P
Zach Humphreys, 27022480, C|UT
Hunter Haas, 29683092, 2B|UT
Jonathan Reynoso, 2044490, OF|UT
Joey Krehbiel, 2226904, P
Brian Rey, 2933041, 2B|UT
Christian Mejias, 29084417, P
Thomas Dillard, 3152044, C|UT
Angel Pierre, 29342433, 2B|UT
Bryson Ware, 50043985, 2B|UT
Ian Oxnevad, 2453419, P
Ronald Shaban, 2121685, P
Dauri Lorenzo, 26912509, 2B|UT
Yolfran Castillo, 29662397, SS|UT
Christopher Bec, 2932275, C|UT
Duque Hebbert, 29085838, P
Danny Hayes, 2170288, 1B|UT
Erik Martinez, 29345796, P
John Lujan, 1103378, P
Keduar Trujillo, 50044536, C|UT
Keenyn Walker, 1947828, OF|UT
Mitch Lambson, 2178583, P
Ryan Nutof, 2837303, P
Ryan Aper, 2171301, OF|UT
Maick Collado, 29089454, SS|UT
Brayan Buelvas, 3166986, OF|UT
David Rohm, 1804765, OF|UT
Jonny Homza, 2837005, 3B|UT
Graeme Stinson, 29091137, P
Armando Cruz, 26643915, 2B|UT
Kaleb Bowman, 29085303, P
Carlos Penalver, 2048851, 2B|UT
A.J. Puckett, 2453272, P
Gabriel Martinez, 26900209, OF|UT
Tyler Durna, 2932711, 1B|UT
Juan Silva, 2050370, OF|UT
Patrick Brady, 2120675, 2B|UT
Matt Flemer, 2794803, P
Rob Griswold, 29677832, P
Dalvy Rosario, 2931036, 3B|UT
Thomas Jones, 3077698, OF|UT
Alec Gamboa, 29342260, P
Fineas Del Bonta-Smith, 29086085, P
Graham Spraker, 2837546, P
Nick Ward, 29084162, 2B|UT
Stephen McGee, 2165524, C|UT
Bryan Bonnell, 2915883, P
Marcus Mack, 2775049, P
Julio Robaina, 29342329, P
Michael Santos, 2167507, P
Bralyn Brazoban, 50043505, OF|UT
Mark Montgomery, 1958828, P
Hunter Stovall, 28840204, 2B|UT
Jackson Cluff, 26615360, SS|UT
Cristian Alvarado, 2821192, P
Tyler Baum, 3152120, P
Miguel Cienfuegos, 29676721, P
Geoffrey Gilbert, 29087564, P
Benony Robles, 2932035, P
Jordan Geber, 29091128, P
Ryan Cermak, 29075766, OF|UT
David Gonzalez, 1962834, 2B|UT
Cole Schoenwetter, 29322020, P
Lizandro Rodriguez, 29077657, SS|UT
Marcos Brito, 2828974, SS|UT
Brian Hendry, 29644528, P
Layne Henderson, 28837583, P
Eliezer Alfonzo, 2829295, C|UT
Fredy Michel, 26646088, SS|UT
Naibel Mariano, 29662445, SS|UT
Alec Keller, 2227138, OF|UT
Brock Dykxhoorn, 2791371, P
Mark Karaviotis, 2921299, SS|UT
Ryan Atkinson, 2914712, P
Daniel Marte, 28846857, OF|UT
Aneuris Rosario, 2825620, P
Jonah Wesely, 2921004, P
Ty Floyd, 29155735, P
Core Jackson, 50041210, SS|UT
Luis Guerrero, 29085756, OF|UT
Tanner Hall, 29321943, P
Zach Britton, 28839449, OF|UT
Donta' Williams, 29089627, OF|UT
Jose Colmenares, 29687311, 2B|UT
Mike Paredes, 50044010, P
Kyle Hunter, 2120046, P
Wes Helsabeck, 2823279, P
Blake Rambusch, 29088523, 3B|UT
Tommy Doyle, 2836823, P
Gavin Conticello, 28846882, OF|UT
Tristan Garnett, 29084389, P
Zane Morehouse, 29675798, P
Carter Trice, 29693387, C|UT
Chad Castillo, 29088698, 1B|UT
Aaron Kurcz, 2167794, P
Johan Cruz, 2211753, SS|UT
Jeremy Celedonio, 29086100, OF|UT
Ty Cummings, 29344254, P
Yujanyer Herrera, 29662100, P
Peyton Wilson, 26911672, 2B|UT
Carlos Hiraldo, 2823417, P
Matt Oberste, 2766202, 1B|UT
Guillermo Pimentel, 1846233, OF|UT
Nestor Rios, 50044677, C|UT
Jack Pineda, 29085630, SS|UT
Albert Minnis, 2740131, P
Creed Willems, 29088707, C|UT
Kyle Battle, 29086553, OF|UT
Logan Ice, 2804231, C|UT
Danny Oh, 2223645, OF|UT
Erick Torres, 29686892, C|UT
Mel Rojas, 1803846, OF|UT
Hansel Moreno, 3094732, SS|UT
Hutton Moyer, 2804931, 2B|UT
Seth Nordlin, 2837298, P
Sabin Ceballos, 29295898, 3B|UT
Levi Jordan, 3101497, OF|UT
Adrian Hernandez, 2931964, P
Gavin Collins, 2921434, C|UT
Ben Malgeri, 29085285, OF|UT
Brody Jessee, 50044830, P
Mitch Nay, 2114651, 3B|UT
Yoyner Fajardo, 29085443, OF|UT
Noah Myers, 29360056, OF|UT
Gregory Guerrero, 2507354, 2B|UT
Jamie Westbrook, 2225420, 2B|UT
Chris Jefferson, 28843214, P
Luis Gonzalez, 2804675, P
Colby Fitch, 2836873, C|UT
Francisco Hernandez, 2856672, 3B|UT
Nate Payne, 50041201, P
Andrew Vasquez, 2985551, P
Houston Roth, 29342398, P
Chris McMahon, 2837210, P
Justin Hagenman, 28838087, P
Will Maddox, 3104008, 1B|UT
Rayne Doncon, 26913005, 3B|UT
Domingo Robles, 2825451, P
Andrew Sohn, 2227900, SS|UT
Pedro Garcia, 50044001, P
Tommy Parsons, 3152061, P
Jordan Yost, 50009354, SS|UT
Drew Rom, 2933064, P
Robelys Reyes, 2171368, SS|UT
Rafael De Paula, 2053473, P
Jeffrey Rosa, 2682572, P
Seth Simmons, 2043937, P
Jackson Miller, 26615317, C|UT
Sharif Othman, 2167496, C|UT
Brian Metoyer, 50043883, P
Jose Bermudez, 2821541, OF|UT
Branden Berry, 2800870, 1B|UT
Jose Fernandez, 28841712, SS|UT
Confesor Lara, 2223334, P
Nick Lucky, 29676693, 2B|UT
Christopher Paciolla, 29075504, 3B|UT
Alfred Morillo, 29676029, P
Gian Zapata, 29322052, OF|UT
Blake Larson, 29644481, P
James Naile, 2739973, P
Juan Mendez, 29686468, P
Zach Ehrhard, 50027209, OF|UT
Jordy Vargas, 29106587, P
Spencer Mraz, 28838070, P
Ryan Lasko, 29295921, OF|UT
Hayden Seig, 29342341, P
Anfernee Seymour, 2211806, OF|UT
Jose Montilla, 2829920, P
Felix Arronde, 29660106, P
Kevin Cornelius, 2822113, 1B|UT
Elvis Perez, 2825023, SS|UT
Phillips Castillo, 1947855, OF|UT
Anthony Vizcaya, 3158106, P
Cody Laweryson, 28842391, P
Mike Augliera, 2226037, P
Shawn Pleffner, 2170498, 1B|UT
Nestor German, 29680188, P
Chia-Shi Shen, 50042267, P
George Feliz, 26913039, OF|UT
Maykel Coret, 29669153, OF|UT
Antoni Flores, 3077708, SS|UT
River Hamilton, 50041108, P
Daniel Mateo, 29091599, OF|UT
Yonathan Mendoza, 2171383, 3B|UT
Miguel Del Castillo, 1959742, C|UT
Kevin Ereu, 29321925, 1B|UT
J.D. Orr, 28840954, OF|UT
Rhett Wiseman, 2507329, OF|UT
Edwin Lora, 2823954, SS|UT
Kevin Gowdy, 2453277, P
Chad Oberacker, 2045877, OF|UT
Zach Borenstein, 2050738, OF|UT
Jordan Edgerton, 2228443, 3B|UT
Junior Marin, 26913042, OF|UT
Gabriel Agostini, 29085018, P
Angel Aponte, 2828959, OF|UT
Nate Easley, 2743628, 2B|UT
Stephen Woods, 3152270, P
David Masters, 2121211, SS|UT
Ryan Picollo, 29686500, OF|UT
Sam Weatherly, 2837668, P
Gabe Bierman, 29678324, P
Mitch Reeves, 2837381, 1B|UT
Max Holy, 29684913, SS|UT
Leon Landry, 1809063, OF|UT
Sergio Morillo, 2862995, P
Justin Johnson, 50043952, 2B|UT
Jimmy Glowenke, 26615359, SS|UT
Andres Nunez, 28838305, P
Roy Morales, 28842394, C|UT
Pablo Abreu, 2828950, OF|UT
Jared Johnson, 26911749, P
Josh Morgan, 2167344, C|UT
Xavier Mitchell, 50041198, P
Garrett Wolforth, 28842611, C|UT
Richard Gallardo, 29342259, P
Yoanner Negrin, 2119084, P
Jacob DeLabio, 29085770, P
David Berg, 2731620, P
Bryce Meccage, 29644484, P
Dale Burdick, 2804216, 2B|UT
Jared Sprague-Lott, 29692351, SS|UT
Ronny Garcia, 2829891, P
Antonio Menendez, 29091135, P
Jesus Galiz, 26643917, C|UT
David Hagaman, 29084204, P
Jesus Lopez, 29321977, C|UT
Luis Palacios, 2829929, P
Joey Morgan, 2837259, C|UT
Jack Leftwich, 2837119, P
Mac Guscette, 29692989, C|UT
Silento Sayles, 2171294, OF|UT
Josh Johnson, 1812889, P
Michael Freeman, 2228193, P
Ramon Marquez, 50042291, P
Glenn Santiago, 29091622, SS|UT
Jose Paez, 2121529, OF|UT
Jordan Foley, 2822754, P
Damon Dues, 29085157, SS|UT
Josh Crouch, 28840951, C|UT
Toby Welk, 28842429, 3B|UT
Edgar Cabral, 2912220, C|UT
Elvis Rubio, 2797620, OF|UT
Rehiner Cordova, 2803300, 3B|UT
Justin Courtney, 29084141, P
Samuel Holland, 2766488, P
Jairo Rosario, 2218074, C|UT
Eiberson Castellano, 29631481, P
Zak Kent, 28843019, P
Keegan Long, 2921365, P
Patrick Johnson, 2223638, P
Sandro Fabian, 2507505, OF|UT
Eli Saul, 29349516, P
Jon Olczak, 2775274, P
Jimmy Pickens, 2169693, OF|UT
Yovanny Cruz, 2828998, P
Jairo Perez, 1961511, 3B|UT
Alex Lodise, 50041078, SS|UT
Colton Turner, 2803770, P
Eris Filpo, 2822714, P
Colin Kleven, 2217335, P
Jackson Coutts, 28843183, 1B|UT
Alfonzo Martinez, 50044854, OF|UT
Dylan Neuse, 29342833, SS|UT
Aaron Holiday, 29085945, P
Brooks Crawford, 29086087, P
Michael Turner, 29090730, C|UT
Bryan Brickhouse, 3158173, P
Alberto Laroche, 50042248, P
Nick Raposo, 29077089, C|UT
Alexander Almonte, 29662087, P
Kolton Ingram, 29033793, P
Evan Mendoza, 2837219, 3B|UT
Jorge Marcheco, 29321980, P
Brett Schulze, 29091330, P
Tanner Kohlhepp, 26911771, P
Austin Charles, 29077588, 3B|UT
Andy Beltre, 2739967, P
Emilker Guzman, 2835966, P
Nick Meyer, 2932937, C|UT
Jose Pastrano, 29089625, SS|UT
Diosbel Arias, 2870680, 2B|UT
Will Hynes, 50041099, P
Christian Johnson, 28846855, OF|UT
Jose Suarez, 29687768, OF|UT
Antoine Kelly, 2932846, P
Grant Richardson, 28846886, OF|UT
Kevin Merrell, 2837224, SS|UT
Chris Garia, 2171182, OF|UT
Francisco Urbaez, 28838892, 3B|UT
Christian Herberholz, 29679118, P
Xavier Neyens, 50009351, SS|UT
Blake Whitney, 29084179, P
Tyler Payne, 3103876, C|UT
Frandy Torres, 2826283, P
Alejandro Lugo, 29687796, P
Jack Winnay, 50043773, 3B|UT
Frank Cairone, 50041204, P
Jon Rosoff, 28839436, C|UT
Kyle Wilson, 2837696, P
Tony Blanco, 29321892, 1B|UT
Arturo Guerrero, 28843211, OF|UT
Emilio Sanchez, 29662447, SS|UT
Luke Pelzer, 50044571, OF|UT
Landen Maroudis, 29321981, P
Alexis Hernandez, 29350508, OF|UT
Jeff Belge, 29087921, P
Jackson Goddard, 2932766, P
Cabera Weaver, 29090731, OF|UT
Fabian Williamson, 2122233, P
Johan Lopez, 2829056, SS|UT
Bryce Hubbart, 29075496, P
Conor Essenburg, 50041302, OF|UT
Nick Dunn, 2932707, 2B|UT
Austin Briggs, 29085458, P
Chris DeVito, 2921528, 1B|UT
Kyle Luckham, 29342414, P
Ian Kahaloa, 2453265, P
Jaden Woods, 29658269, P
Dylan Dreiling, 29644425, OF|UT
Robert Gonzalez, 28843210, OF|UT
Carlos Vargas, 3090769, P
Emilio Ogando, 2824739, P
Anthony Churlin, 2921363, OF|UT
Miguel Villarroel, 28846910, SS|UT
Yeudy Garcia, 2211782, P
Logan Sendelbach, 2915788, P
Tyler Mizenko, 2227792, P
Tony Bullard, 50044961, 3B|UT
Nolan DeVos, 50044152, P
Ariel Armas, 29678046, C|UT
Caleb Hobson, 29676018, OF|UT
Christopher Gau, 2932759, P
Jonathan Maciel, 2227624, P
Jack Labosky, 3158035, P
Carlos Rodriguez, 3108233, OF|UT
Tommy Specht, 29692186, OF|UT
Beau Sulser, 2837579, P
Mitch Roman, 2919942, SS|UT
Isaiah Lowe, 29295985, P
Edwin Mateo, 2829069, OF|UT
Carson Palmquist, 29075500, P
Jackson Humphries, 29295956, P
Jan Vazquez, 2663792, C|UT
Brendan Summerhill, 50009372, OF|UT
Brian Navarreto, 2804029, C|UT
Carlos Aguiar, 2930753, OF|UT
T.J. Sikkema, 3117938, P
Felix Valerio, 26912427, OF|UT
Alan Garcia, 2228195, OF|UT
Daniel Brito, 2507346, 2B|UT
Ben Shields, 29660112, P
Callan Moss, 29692350, 1B|UT
Rainel Rosario, 2223571, OF|UT
Archer Brookman, 29360021, C|UT
Dan Black, 2119559, 1B|UT
Pedro Ramirez, 28842610, 3B|UT
Grant Knipp, 50041345, P
Matt Pierpont, 2228438, P
Nick Ernst, 2932719, P
Julian Garcia, 3157976, P
Chad Hinshaw, 2170512, OF|UT
Pierson Ohl, 28851013, P
Jayce Boyd, 2118911, 1B|UT
Jose Miguel Medina, 3077716, OF|UT
Erick Hernandez, 29077609, OF|UT
Zach Neal, 2118882, P
Kyle Amendt, 29674813, P
Jorge Benitez, 2836598, P
Jacob Webb, 29084373, P
Nick Rickles, 2226585, C|UT
Anthony Giansanti, 2119622, OF|UT
Brady Anderson, 2821231, P
Jack Jasiak, 29689782, P
Ryder Ryan, 3081744, P
Ever Moya, 2824577, P
Luis F. Castillo, 28840950, P
Bryce Denton, 2447493, OF|UT
Jeremy Fitzgerald, 3103650, P
Adam Walton, 2915812, 3B|UT
Justin Greene, 1740941, OF|UT
Niko Decolati, 2932692, OF|UT
Peyton Fosher, 50043932, P
Christian Suarez, 29683328, P
Rod Boykin, 2920201, OF|UT
Jake Wong, 2933210, P
Jesus Parra, 26615339, 3B|UT
Logan Workman, 29096144, P
Brendan Cellucci, 29083998, P
Stetson Allie, 1794703, P
Alexander Cornielle, 29342242, P
Michael Sandle, 28837566, OF|UT
Sebastian Espino, 2829016, SS|UT
John Fasola, 2822641, P
Edgar Alfonso, 50044782, 2B|UT
Agustin Ruiz, 3097060, OF|UT
Yahil Melendez, 29680225, SS|UT
Phillip Diehl, 3090245, P
Josh Mallitz, 50042290, P
Tyler Schweitzer, 29075783, P
Koyo Aoyagi, 29674735, P
Will Allen, 2222106, C|UT
Peyton Williams, 29086266, 1B|UT
Konni Durschlag, 50044757, OF|UT
Paul Smyth, 2048866, P
Alessander De La Cruz, 50044826, OF|UT
Eric Hartman, 50043949, OF|UT
Yeury Gervacio, 29085029, P
Blas Castano, 29342239, P
Shervyen Newton, 2824659, SS|UT
Zack Burdi, 2250611, P
Drew Parrish, 26911787, P
Nick Northcut, 26615342, 3B|UT
Rusber Estrada, 28842390, C|UT
Edwin Diaz, 2227183, SS|UT
Chris Harvey, 2731204, 1B|UT
Robinson Martinez, 2824183, P
Will Wilson, 3117912, 2B|UT
Justin Yeager, 28841195, P
Craig Stem, 2120230, P
Johnny Rizer, 28838071, OF|UT
Frankie Scalzo, 29342340, P
Jared Dupere, 29090726, OF|UT
Cade Harris, 2932798, 3B|UT
Julio Rodriguez, 2931024, C|UT
Ruben Santana, 29077678, 1B|UT
Rudy Flores, 2118828, 1B|UT
Keyner Benitez, 29662208, P
Jonathan Brand, 29682338, P
Jose Fernandez, 2228445, 2B|UT
Jake Reindl, 2933040, P
L.P. Langevin, 29644480, P
Christian Cairo, 28838298, SS|UT
Jose Chacin, 2821969, P
Nate Tenbrink, 2048689, 3B|UT
Jake Adams, 2836519, 1B|UT
Misael Tamarez, 26912519, P
Daniel Spingola, 2920674, OF|UT
Anthony Stephan, 29686501, OF|UT
Miguel Medrano, 26615447, P
Chandler Pollard, 29686697, 2B|UT
Chris Kohler, 2118136, P
Carter Spivey, 29675802, P
Jorger Petri, 50044803, P
Kevyn Castillo, 29692334, OF|UT
Onix Vega, 2933166, C|UT
Sean Miller, 2915539, SS|UT
Andres Angulo, 2821256, C|UT
Carlos Munoz, 2211747, 1B|UT
Ryan Cusick, 26719661, P
Miguel Rosario, 2739975, P
Adam Leverett, 29084392, P
Yeltsin Gudino, 2733999, SS|UT
Kyle Kinman, 2226844, P
Aidan Longwell, 29686664, 1B|UT
Roilan Machandy, 28838279, OF|UT
Andrew Ely, 2804020, 2B|UT
Pin-Chieh Chen, 2048850, 2B|UT
Brady Counsell, 50044338, 2B|UT
Henry Godbout, 50041086, 2B|UT
Blake Money, 29687808, P
Brandon Winokur, 29322049, OF|UT
Jared Robinson, 3103880, P
Yosver Zulueta, 26635168, P
Ryan McNeil, 2794797, P
Isaac Stebens, 29677743, P
Lucas Knowles, 29342295, P
Grant Witherspoon, 2933207, OF|UT
Donovan Benoit, 29086244, P
Zach Willeman, 2837685, P
Nick Van Stratten, 1741221, OF|UT
Zac Leigh, 29360036, P
Thomas Spitz, 2804673, OF|UT
Dariel Lopez, 28841665, 3B|UT
Dalton Shuffield, 29085631, SS|UT
Gabe Snyder, 3157903, 1B|UT
Trey Martin, 1963329, OF|UT
Jimmy Govern, 29087924, 2B|UT
Isaiah Campbell, 3152121, P
Jonathan Stiever, 2933124, P
Robert Gonzalez, 29086101, OF|UT
Chase Pinder, 2837349, OF|UT
Esteban Mejia, 29662101, P
Juan Santander, 28838049, C|UT
Jimmy Herron, 2836986, OF|UT
Brando Mayea, 29321984, OF|UT
Dylan Jordan, 29644477, P
Michael Miller, 2228084, C|UT
Jacob Wetzel, 28837108, OF|UT
Jason Bahr, 2836559, P
Nick Mikolajchak, 26636352, P
Peyton Stovall, 29662167, 2B|UT
Yeison Coca, 2822038, SS|UT
Alex De Goti, 2791370, 2B|UT
Austin Cates, 50027255, P
Logan Farrar, 2836858, OF|UT
Juan Tomas, 50042253, SS|UT
Santiago Gomez, 50044964, SS|UT
Jake Higginbotham, 2932814, P
Aidan West, 50041200, SS|UT
Miles Gordon, 2915694, OF|UT
Avery Owusu-Asiedu, 29692326, OF|UT
Jiovanni Mier, 1739605, SS|UT
Cody Bolton, 2836622, P
Avery Short, 29675845, P
Nelson Quiroz, 50043716, C|UT
Marcos Gonzalez, 2829031, SS|UT
David Speer, 2804681, P
Warren Calcano, 50042255, SS|UT
Joseph King, 29085036, P
Nick Bennett, 29342226, P
Diego Velasquez, 26643931, 2B|UT
Deion Walker, 28843228, OF|UT
Wander Arias, 29687309, P
Jean Carlos Sio, 50044407, SS|UT
Nicholas Padilla, 28938319, P
Brayan Cortesia, 50042286, SS|UT
Jay Baum, 2743631, 3B|UT
Brett Johnson, 3078522, OF|UT
Pat Monteverde, 29106579, P
Ryan Grotjohn, 2836943, 2B|UT
Luis Santana, 2825773, 2B|UT
Kai Roberts, 29675843, OF|UT
Austin Hendrick, 3175185, OF|UT
Evan Sisk, 2933104, P
Mike Franco, 2822783, P
Derrick Loveless, 2228479, OF|UT
Jason Reitz, 50041327, P
Taylor Young, 29342370, 2B|UT
Justin King, 29348710, P
John Schuknecht, 2803482, OF|UT
Justin Armbruester, 29075720, P
Mariel Bautista, 2821469, OF|UT
Grant Koch, 2932857, C|UT
Carlos Duran, 26912445, P
Chris Kachmar, 29342293, P
Jarret Whorff, 29677745, P
Cole Uvila, 29080197, P
Chris Seise, 2910613, SS|UT
Christian Cerda, 28846848, C|UT
Brayan Castillo, 50043471, P
Ian Mejia, 29091447, P
Brody Donay, 50044461, C|UT
Nathan Humphreys, 50044200, OF|UT
Kyri Washington, 2507194, OF|UT
Jesus Broca, 50043836, P
Harrison Cohen, 29087619, P
Chase Lee, 28837033, P
Juan Corniel, 28842637, SS|UT
Kyle Datres, 2932678, 3B|UT
Tyler Mapes, 2226389, P
Yunesky Sanchez, 1666695, SS|UT
Dedgar Jimenez, 2915587, P
Nick Bitsko, 26615393, P
Eddie Micheletti, 29676975, OF|UT
Luke Tendler, 2228212, OF|UT
Jiandido Tromp, 2826316, OF|UT
Will Sanders, 29658264, P
Austin Upshaw, 2837620, 2B|UT
Aaron Brown, 29080206, P
Caleb Freeman, 26911806, P
Chad Bell, 28838066, 3B|UT
Luis Tejada, 2044388, 1B|UT
Tim Roberson, 1963317, C|UT
Benyamin Bailey, 26913030, OF|UT
John Cruz, 29321912, OF|UT
Yovanny Rodriguez, 29339050, C|UT
D'Andre Smith, 29360062, SS|UT
Vince Arobio, 2836548, P
Andres Valor, 29322041, OF|UT
Stiward Aquino, 2830089, P
Preston Gainey, 2769303, P
Quinton Low, 28847204, 1B|UT
Carl Wise, 2734158, 3B|UT
Sean Boyle, 28838271, P
Leonel Vivas, 50044689, SS|UT
Jordan Cooper, 2169652, P
Jake Skole, 1757991, OF|UT
Tanner Burns, 2836674, P
Max Carlson, 50043944, P
Gabriel Sosa, 29678297, P
Marco Dinges, 29686509, C|UT
Austin Byler, 2915697, 1B|UT
Zach Brzykcy, 29077691, P
Nick Dombkowski, 29085024, P
Stevie Branche, 29342234, P
Logan McGuire, 50044253, P
Todd Van Steensel, 2826409, P
Andrew Guillotte, 2804928, OF|UT
Jaime Melendez, 26912511, P
Marty Herum, 2746788, 3B|UT
Trent Baker, 27023026, P
Peter Solomon, 2837538, P
John Mora, 2226041, OF|UT
Scott McKeon, 28841193, SS|UT
Raywilly Gomez, 2218065, C|UT
Alexander Vargas, 3152901, SS|UT
Jordan Serena, 2804228, SS|UT
Taylor Grover, 2740128, P
Colby Shade, 29683716, OF|UT
Jonah Dipoto, 28841534, P
Jay Driver, 29683466, P
Mikey White, 2211201, SS|UT
Chih-Jung Liu, 26912473, P
Kody Kerski, 2171160, P
Chase Shugart, 2933099, P
Hyungchan Um, 29644240, C|UT
Mitchell Kranson, 3093601, C|UT
James Tallon, 50041338, P
Alexander Ramirez, 3151954, OF|UT
Ryan Haug, 3101956, C|UT
Ben Ruta, 3096091, OF|UT
Chase Cohen, 2932642, P
A.J. Causey, 50042719, P
Galli Cribbs, 2822161, 2B|UT
Melvin Mercedes, 2227778, SS|UT
Hunter Breault, 29085021, P
Casey Cook, 29658246, 2B|UT
Austin Roberts, 28840658, P
Dillon Tatum, 28846867, C|UT
Tommy Hawke, 29685416, OF|UT
Chris Arroyo, 50043941, 1B|UT
Angel Perez, 2228495, OF|UT
Adam Scott, 2933090, P
Miguel Eladio, 2822526, SS|UT
Tyler Alamo, 2921051, 1B|UT
Ryan Casteel, 2117266, 1B|UT
Landy Pena, 28842150, SS|UT
Damion Carroll, 2171699, P
Trent Youngblood, 50044540, OF|UT
Parker Morin, 2167028, C|UT
Carlos Garcia, 28838274, P
Daniel Amaral, 2932597, OF|UT
Jace Avina, 28847201, OF|UT
Marco Vargas, 29322044, 2B|UT
Yuhei Nakaushiro, 2702106, P
J.J. Franco, 2919161, 2B|UT
Riley Cooper, 29680223, P
Tyler Kolek, 2135242, P
Leonardo Reginatto, 1959094, SS|UT
Logan Gillaspie, 26861434, P
Peter Mooney, 2048827, SS|UT
Anderson Brito, 29662098, P
Freddy Zamora, 26615350, SS|UT
Alberto Rios, 29295918, C|UT
Kevin Grendell, 2663787, P
Demetrius Sims, 2837512, SS|UT
Tucker Musgrove, 50041343, P
Colby Jones, 29686912, SS|UT
KD Kang, 1810684, OF|UT
Samuel Zavala, 26913054, OF|UT
Dionys Rodriguez, 29077597, P
Kelly Dugan, 2107841, OF|UT
Ben Anderson, 50043821, P
Sonny DiChiara, 29342250, 1B|UT
Christian Marrero, 1740962, 1B|UT
Austin DeCarr, 2169520, P
Connor Curlis, 29084570, P
Nick Podkul, 2933018, 3B|UT
Jaden Hamm, 29632925, P
Miguel Hernandez, 2823347, SS|UT
Ryan Ignoffo, 29674815, C|UT
Chandler Welch, 29676111, P
Dennis Ortega, 2699272, C|UT
Javy Guerra, 2171863, P
Milkar Perez, 26912514, 1B|UT
Shawn Dubin, 2932704, P
Zack Phillips, 28851015, P
Dominick Reid, 50041090, P
Connor Hoover, 2837006, 2B|UT
Elio Prado, 29679124, OF|UT
Joe Jacques, 29084552, P
Hayden Mullins, 29632447, P
Bryan Pope, 29092500, P
Greyson Jenista, 2931975, OF|UT
Adam Seminaris, 3166985, P
Junior Santos, 26615425, P
Aaron Ochsenbein, 29084587, P
Jesus Zambrano, 2826713, P
Brady Shoemaker, 1960273, OF|UT
Seth Gray, 3158010, 3B|UT
Anyelo Gomez, 2822992, P
Sam Stuhr, 29644500, P
Luke Dickerson, 29644423, SS|UT
Carlos Machado, 2824016, OF|UT
Brandon Beckel, 50044373, P
Miguel Gomez, 29683444, P
Ubert Mejias, 50044969, P
Ryan Beckman, 1803544, P
Norberto Obeso, 3103837, OF|UT
Dasan Brown, 26615372, OF|UT
Michael Kennedy, 29295983, P
Dennis Raben, 1846224, 1B|UT
Cristofer Torin, 29090986, SS|UT
Ariel Almonte, 26643934, OF|UT
Danny Bethea, 2804017, C|UT
Will Morris, 2750021, P
Tyler Tolve, 29080161, C|UT
Hudson Head, 3165362, OF|UT
Jose Ortiz, 29658261, OF|UT
Royelny Strop, 50041375, OF|UT
Zachary Cawyer, 50043966, P
Jose Valdespina, 2226790, P
Tristan Smith, 29644496, P
Gregory Duran, 29086249, OF|UT
Angel Perdomo, 2507523, P
Ryan Hennen, 29344192, P
Ethan Skender, 2798062, SS|UT
Matt Dyer, 29092496, C|UT
Eddy Martinez, 2218322, OF|UT
Johan Simon, 50044464, P
Hector Hernandez, 2823328, P
Trevor Bettencourt, 2921423, P
Nick Biddison, 50044140, OF|UT
Reshard Munroe, 2824604, OF|UT
Daniel Torres, 2170026, C|UT
Cody Orr, 28840219, OF|UT
Cody Ramer, 2803673, SS|UT
Jawuan Harris, 2932800, OF|UT
Alex Cornwell, 2836744, P
Alex Mooney, 29321989, SS|UT
Nate Dohm, 29644468, P
Jake Garland, 50044497, P
Bryan Arias, 28838044, 2B|UT
Sam Antonacci, 29644412, 2B|UT
Mike Nikorak, 2211245, P
Andy Thomas, 29082623, C|UT
Kort Peterson, 3094749, OF|UT
Andres Mesa, 28843219, SS|UT
Landon Dieterich, 28846853, OF|UT
Marco Raya, 26911798, P
Jacob Humphrey, 50044696, OF|UT
Ronny Hernandez, 29321947, C|UT
Pedro Hernandez, 29089623, SS|UT
Patrick Forbes, 50009359, P
Carlos Jimenez, 29662334, OF|UT
Cam Sanders, 2837459, P
Cameron Sullivan, 29644501, P
Michael Strentz, 2218077, C|UT
Emmanuel Marrero, 2921425, SS|UT
Tyler Schlaffer, 50041091, P
Erick Leal, 29086252, P
Wil Browning, 2122210, P
Kohl Simas, 29077653, P
Joe Broussard, 2803675, P
Alejandro Mateo, 29089078, P
Jamie Ritchie, 2227214, C|UT
Ilvin Fernandez, 28843185, SS|UT
Parker Berberet, 1960275, C|UT
Lamar King, 29075724, C|UT
Carlos Arroyo, 2794806, OF|UT
Alfredo Lopez, 1961028, SS|UT
Carson Sands, 2167347, P
Andy Garriola, 29088722, OF|UT
Jose Acuna, 29675135, P
Jose Perez, 50044141, OF|UT
Kyle Hansen, 2121517, P
Baron Radcliff, 2837367, OF|UT
Carlos Hernandez, 1806123, P
Cody Roberts, 2837407, C|UT
AJ Labas, 2837099, P
Kelena Sauer, 50044204, P
Nick Merkel, 29342428, P
Pedro Santos, 29345487, P
Cody Milligan, 29080160, OF|UT
Cole Mathis, 29658260, 1B|UT
Jair Camargo, 2821793, C|UT
Matt Whatley, 2910597, C|UT
Vito Friscia, 28840627, C|UT
Nick Tanielu, 2228201, 3B|UT
Luis Moreno, 29355685, P
Samuel Reyes, 2829117, P
Darryl Collins, 26913034, OF|UT
Cristian More, 29092533, OF|UT
Diego Rincones, 2825389, OF|UT
Shayne Fontana, 28842421, OF|UT
Skyler Messinger, 2837227, 3B|UT
Evan Justice, 29188043, P
Wes Wilson, 2120729, C|UT
Alexander Perez, 29091594, SS|UT
Izack Tiger, 29644533, P
Jose Hernandez, 29091133, C|UT
Alec Willis, 26911812, P
Wilfri Peralta, 28842151, SS|UT
Kyle Carr, 29321906, P
David Harris, 2171865, OF|UT
Zach Nuding, 2040768, P
Juan Gonzalez, 50044541, C|UT
Nate Garkow, 29692981, P
Trevor Boone, 29342230, OF|UT
Dane Hutcheon, 3103753, SS|UT
Grant Black, 29085020, P
Gerson Moreno, 2824536, P
Marten Gasparini, 2211769, SS|UT
Ronis Aybar, 29088538, OF|UT
Lamar Sparks, 2837543, OF|UT
Alexander Hermeling, 2740416, P
Bjorn Johnson, 50043940, P
Kevin Josephina, 2921560, 2B|UT
Michael Prosecky, 29295962, P
Roberto Caro, 2821836, OF|UT
Taylor Floyd, 29084413, P
Bryce Conley, 2836731, P
Mitchell Daly, 29692359, SS|UT
Carlos Garcia, 2227129, 2B|UT
Joshua Mears, 3152112, OF|UT
Lolo Sanchez, 2825732, OF|UT
Mikey Duarte, 2836826, SS|UT
Arol Vera, 3152087, SS|UT
Cole Stasio, 50043820, P
Andrew Misiaszek, 28838303, P
Brody Rodning, 2837419, P
Dalton Stambaugh, 29084571, P
Brenner Cox, 29075484, OF|UT
Ryan Hissey, 2823420, C|UT
Rodrigo Vigil, 2120689, C|UT
Joe McCarthy, 2228493, OF|UT
Anthony Solometo, 26911741, P
Kyler Fedko, 29085617, OF|UT
Brock Lundquist, 2837148, OF|UT
Edwin Moreno, 2052601, OF|UT
Austin Wilson, 2066815, OF|UT
Bryan Lavastida, 2932868, C|UT
Elliot Morris, 2169773, P
Bradley Markey, 2739964, P
Will Brian, 29681598, P
Milan Tolentino, 26615351, SS|UT
Ricardo Osorio, 50042278, P
E.J. Exposito, 29089541, SS|UT
Daniel Bies, 2932280, P
Slade Smith, 2121500, P
Andrew Daniel, 2791771, 2B|UT
Yu-Min Lin, 29077690, P
Matt Walker, 2915893, P
Elijah Green, 28920008, OF|UT
Ernesto Liberatore, 3158366, C|UT
Isaiah Drake, 29321923, OF|UT
Derek Berg, 29692984, C|UT
Jairo Pomares, 3152055, OF|UT
Ryan Ledbetter, 2739981, P
Ronaldo Hernandez, 3077688, C|UT
Devin Hairston, 2836952, SS|UT
Estarling Mercado, 29684915, OF|UT
Myles Emmerson, 29082233, C|UT
Hill Alexander, 28838270, OF|UT
Jayson McKinley, 3152826, P
Kent Hasler, 28842424, P
Luis Bolivar, 26913031, OF|UT
Jake Cook, 50041358, OF|UT
Matt Crouse, 1962832, P
Max Roberts, 2837410, P
Yandel Ricardo, 29339051, SS|UT
Esmil Valencia, 29322040, OF|UT
Edwin Nunez, 29321996, P
Danny Lantigua, 2868319, OF|UT
Bohan Adderley, 50044647, SS|UT
Scott Williams, 2216804, P
Eric Pardinho, 3077728, P
Hudson Leach, 50042209, P
Jose Bonilla, 26615354, SS|UT
Geison Urbaez, 50044108, P
Matt Koperniak, 28841682, OF|UT
Sean McLaughlin, 3108259, P
Nate Nolan, 2921569, C|UT
John Stankiewicz, 29342349, P
Jhalan Jackson, 2211760, OF|UT
Jeremy de la Rosa, 3158359, OF|UT
Nick Raquet, 2837373, P
Matthew Etzel, 29342254, OF|UT
Cody Miller, 50044233, SS|UT
Connor McKay, 2227753, OF|UT
Josh Randall, 29644489, P
Estiven Machado, 26912510, SS|UT
James Parker, 28840643, SS|UT
William Silva, 29685397, P
Miguel Rodriguez, 29342332, P
Blake Beers, 29085659, P
Leonardo Balcazar, 26913003, SS|UT
Antonio Pinero, 2910615, SS|UT
Mathias LaCombe, 50041094, P
Jakob Wright, 29644504, P
Edwin Fierro, 2822700, P
Luke Eubank, 2918678, P
Kevin Kilpatrick, 29085283, OF|UT
Kadon Morton, 29085445, OF|UT
David Martin, 29348839, C|UT
Anyelo Leclerc, 2797617, P
El'Hajj Muhammad, 2170150, P
Jacob Kisting, 50044009, P
Javier Medina, 2211238, P
Jacob Dahlstrand, 2118860, P
Mitchell Tolman, 3107897, 2B|UT
Steven Jennings, 2910642, P
Stiven Cruz, 50043885, P
Kaeden Kent, 50041209, SS|UT
Kyle Smith, 2053578, P
Shawn Ross, 29348842, SS|UT
Cristian Santana, 26643930, 1B|UT
Logan Moore, 2215964, C|UT
Brendon Davis, 2227220, OF|UT
Blake Weiman, 2837671, P
Jadyn Fielder, 50045018, 2B|UT
Johan Quezada, 2825211, P
Jerson Ramirez, 3158164, P
Connor Burns, 29352169, C|UT
Bryce Ball, 3152042, 1B|UT
Nelson Gonzalez, 2170998, P
Trey Nielsen, 2216700, P
Jesse Franklin, 2836881, OF|UT
Dawson Netz, 50044201, P
Hayden Snelsire, 29693196, P
Angel Abreu, 50044913, SS|UT
Cameron Flynn, 2118922, OF|UT
Trent Gilbert, 2171108, 2B|UT
Carl Chester, 2836716, OF|UT
Brandon Jacobs, 1956929, OF|UT
Tom Hackimer, 2915616, P
Robi Estrada, 1671046, SS|UT
Tyler Herron, 29687777, C|UT
Josiah Ragsdale, 50044144, OF|UT
Charles Mack, 2932896, 3B|UT
Austin Beck, 2835058, OF|UT
Logan Moon, 2226174, OF|UT
Griffin Cheney, 29087227, SS|UT
Andres Arias, 29662350, OF|UT
Tyler Whitaker, 26911708, OF|UT
Brett Wichrowski, 29348711, P
Matt Keating, 29086555, P
Justin Boyd, 29075721, OF|UT
Jancel Villarroel, 29660097, C|UT
