Name,Team,POS,ADP,PA,mAVG,mRBI,mR,mSB,mHR,PTS,aPOS,Dollars,Adjusted,Cost,NameASCII,PlayerId,MLBAMID
"Shohei Ohtani ","LAD","DH",1.2699999809265137,679,9.2660253870218,15.3111143171069,18.8011478931849,5.4504660123999,16.4870043219607,65.3157579316741,13.02649879631637,79.34225672799049,100.54345735805539,75,"Shohei Ohtani","19755",660271
"Aaron Judge ","NYY","OF/DH",1.850000023841858,644,12.8015332864092,16.3988048286439,13.330144117699,-1.18030781115142,17.7309339892693,59.0811084108699,15.996173446092504,76.07728185696244,96.65165493435114,97,"Aaron Judge","15640",592450
"Bobby Witt Jr. ","KCR","SS",3.0999999046325684,679,14.5374608259678,8.78497124788515,12.9092976734308,10.1867330292223,5.29163731618343,51.7101000926894,14.77109801783091,67.48119811052032,86.30434939114751,41,"Bobby Witt Jr.","25764",677951
"Juan Soto ","NYM","OF",4.650000095367432,686,7.30908123315869,9.87266175942208,12.9092976734308,4.02958590735319,9.64539115176345,43.7660177251283,15.996173446092504,60.76219117122079,78.1131122965734,67,"Juan Soto","20123",665742
"Ronald Acuña Jr. ","ATL","OF",5.260000228881836,651,9.57222810956037,5.88446321711992,7.85914034221311,5.4504660123999,5.29163731618343,34.0579349974767,15.996173446092504,51.05410844356922,66.11420843982818,55,"Ronald Acuna Jr.","18401",660670
"Gunnar Henderson ","BAL","SS",12.510000228881836,672,6.97995593075735,5.88446321711992,12.0676047848945,4.97683931071766,2.80377798156626,32.7126412250557,14.77109801783091,48.48373924288664,65.48735448464906,,"Gunnar Henderson","26289",683002
"Julio Rodríguez ","SEA","OF",9.489999771118164,686,7.50237602948948,6.24702672096557,6.17575456514054,7.34497281912884,3.42574281522056,30.695872949945,15.996173446092504,47.692046396037476,64.41216162764653,,"Julio Rodriguez","23697",677594
"Vladimir Guerrero Jr. ","TOR","1B/DH",18.049999237060547,679,14.5292516416448,8.78497124788515,7.43829389794496,-3.54844131956261,5.91360214983772,33.1176776177501,13.02649879631637,47.14417641406644,61.22607289826308,48,"Vladimir Guerrero Jr.","19611",665489
"Elly De La Cruz ","CIN","SS",8.449999809265137,672,2.0164281874559,3.34651869020035,8.70083323074939,13.0284932393157,2.18181314791197,29.2740864956333,14.77109801783091,45.04518451346421,58.58860672951235,16,"Elly De La Cruz","26668",682829
"Fernando Tatis Jr. ","SDP","OF",14.010000228881836,672,4.17967556008369,4.79677270558296,5.33406167660425,5.92409271408213,4.66967248252914,24.9042751388821,15.996173446092504,41.90044858497466,56.546630668425024,,"Fernando Tatis Jr.","19709",665487
"Kyle Tucker ","LAD","OF",13.130000114440918,651,3.36576613435282,5.88446321711992,6.59660100940867,4.97683931071766,4.04770764887485,24.8713773204739,15.996173446092504,41.867550766566424,54.577912910872534,58,"Kyle Tucker","18345",663656
"Corbin Carroll ","ARI","OF",14.100000381469727,637,0.734153007041279,0.0834471555894658,12.9092976734308,10.1867330292223,0.315918646949092,24.229549512233,15.996173446092504,41.22572295832543,55.630290225162156,,"Corbin Carroll","25878",682998
"Junior Caminero ","TBR","3B",16.479999542236328,665,5.45374155617541,7.69728073634818,3.65067589953167,-4.02206802124484,7.7794966508006,20.559126821611,18.884985959350516,40.44411278096154,52.7742807715698,18,"Junior Caminero","28163",691406
"Austin Riley ","ATL","3B",59.36000061035156,672,4.0879852406327,8.42240774403949,4.9132152323361,-4.96932142460932,5.91360214983772,18.3678889422367,18.884985959350516,38.25287490158721,51.59288479920684,,"Austin Riley","18360",663586
"José Ramírez ","CLE","3B/DH",6.28000020980835,679,1.43344953345841,1.89626467481773,3.22982945526353,11.607613134269,-0.306046186705201,17.8611106111034,18.884985959350516,37.74609657045397,49.34364237265293,76,"Jose Ramirez","13510",608070
"Cal Raleigh ","SEA","C/DH",18.729999542236328,637,-5.69503055557676,6.97215372865688,1.9672901224591,-2.1275612145159,8.4014614844549,9.51831356547817,26.413558017798223,36.93187158327643,48.30522438860268,22,"Cal Raleigh","21534",663728
"Yordan Alvarez ","HOU","DH",33.38999938964844,560,10.9592020318599,5.15933620942861,2.80898301099538,-4.02206802124484,5.91360214983772,20.8190553808767,13.02649879631637,34.84555417719313,46.96542489608201,,"Yordan Alvarez","19556",670541
"Brent Rooker ","ATH","OF/DH",42.11000061035156,672,0.650671871913184,7.69728073634818,4.49236878806795,-3.07481461788037,6.53556698349202,16.301073761941,15.996173446092504,33.297247208033475,43.65220237913423,16,"Brent Rooker","19627",667670
"Pete Crow-Armstrong ","CHC","OF",32.939998626708984,644,-1.71237450826236,1.89626467481773,3.65067589953167,11.1339864325867,0.937883480603388,15.9064359792772,15.996173446092504,32.90260942536966,43.14524973681385,7,"Pete Crow-Armstrong","27769",691718
"Kyle Schwarber ","PHI","DH",24.690000534057617,686,-6.80693351952333,9.51009825557646,6.59660100940867,-3.54844131956261,12.1332504863806,17.8845749122798,13.02649879631637,31.911073708596202,41.87001013022904,21,"Kyle Schwarber","16478",656941
"Pete Alonso ","BAL","1B",24.440000534057617,679,-1.34390825735249,10.5977887671134,4.49236878806795,-4.96932142460932,9.02342631810919,17.8003541913287,13.02649879631637,31.826852987645104,42.86574663153216,,"Pete Alonso","19251",624413
"Jackson Chourio ","MIL","OF",19.3799991607666,651,2.72222892509,2.9839551863547,2.38813656672723,5.4504660123999,0.937883480603388,14.4826701711752,15.996173446092504,31.478843617267707,42.393117390673275,,"Jackson Chourio","28806",694192
"Bryce Harper ","PHI","1B",47.900001525878906,665,2.85976440426647,6.97215372865688,4.07152234379982,-1.18030781115142,4.66967248252914,17.3928051481009,13.02649879631637,31.419303944417244,42.31225695191617,,"Bryce Harper","11579",547180
"Zach Neto ","LAA","SS",32.29999923706055,665,-1.44380776112637,3.34651869020035,1.54644367819095,7.81859952081108,2.80377798156626,14.0715321096422,14.77109801783091,29.842630127473182,39.20275529752904,1,"Zach Neto","31347",687263
"Riley Greene ","DET","OF/DH",78.4800033569336,651,2.95966390804035,4.07164569789165,5.33406167660425,-4.02206802124484,4.04770764887485,12.3910109101662,15.996173446092504,29.387184356258746,38.61418787276653,16,"Riley Greene","25976",682985
"Nick Kurtz ","ATH","1B",19.8700008392334,616,1.67738872762574,6.60959022481123,3.22982945526353,-4.96932142460932,7.15753181714631,13.7050188002375,13.02649879631637,27.73151759655384,36.47071040395558,4,"Nick Kurtz","35110",701762
"Wyatt Langford ","TEX","OF",37.75,644,-0.968937795225664,1.89626467481773,3.22982945526353,4.50321260903542,1.55984831425768,10.2202172581487,15.996173446092504,27.216390704241192,35.80256769889714,16,"Wyatt Langford","33333",694671
"Matt Olson ","ATL","1B",48.0099983215332,686,-1.73529708812511,7.69728073634818,5.33406167660425,-5.9165748279738,5.91360214983772,11.2930726466913,13.02649879631637,25.319571443007614,34.02825029296576,,"Matt Olson","14344",621566
"Jazz Chisholm Jr. ","NYY","2B/3B",19.520000457763672,602,-3.90024943385883,0.808574163280772,-0.55778854314977,9.23947962585783,2.80377798156626,8.39379379369622,15.881529685493165,25.275323479189392,33.96815742383905,,"Jazz Chisholm Jr.","20454",665862
"Manny Machado ","SDP","3B",37.52000045776367,644,0.988006358637412,3.34651869020035,-1.39948143168606,-1.18030781115142,2.80377798156626,4.55851378756654,18.884985959350516,24.443499746917063,32.83846307484513,,"Manny Machado","11493",592518
"Hunter Goodman ","COL","C/DH",67.36000061035156,583,-0.562835568913191,1.89626467481773,-2.24117432022234,-5.44294812629156,2.80377798156626,-3.5469153590431,26.413558017798223,23.866642658755122,31.44332930868166,5,"Hunter Goodman","29715",696100
"Byron Buxton ","MIN","OF",73.4800033569336,560,-1.20807775128194,1.17113766712643,0.283904345386518,2.13507910062423,4.04770764887485,6.42975101073008,15.996173446092504,23.42592445682258,30.867921534336162,6,"Byron Buxton","14161",621439
"Freddie Freeman ","LAD","1B",67.87999725341797,651,4.00279913239868,3.709082194046,3.22982945526353,-2.1275612145159,0.315918646949092,9.13006821414142,13.02649879631637,23.156567010457767,31.09068817553826,,"Freddie Freeman","5361",518692
"Trea Turner ","PHI","SS",26.780000686645508,644,4.59398697071905,-2.45449737133011,1.12559723392281,7.34497281912884,-3.41587035497667,7.19418929746393,14.77109801783091,22.96528731529484,30.83091247749159,,"Trea Turner","16252",607208
"Francisco Lindor ","NYM","SS",25.350000381469727,651,-2.05791817930949,1.17113766712643,1.54644367819095,5.4504660123999,0.937883480603388,7.04801265901117,14.77109801783091,22.81911067684208,30.632390944613576,,"Francisco Lindor","12916",596019
"Jarren Duran ","BOS","OF",64.04000091552734,602,1.67738872762574,-2.45449737133011,5.33406167660425,4.97683931071766,-4.03783518863096,5.49595715498658,15.996173446092504,22.492130601079076,29.64730213795671,7,"Jarren Duran","24617",680776
"James Wood ","WSN","OF/DH",37.790000915527344,644,-1.40617178572377,1.17113766712643,2.38813656672723,1.66145239894199,1.55984831425768,5.37440316132957,15.996173446092504,22.37057660742207,29.48826680296495,16,"James Wood","29518",695578
"William Contreras ","MIL","C/DH",56.560001373291016,610,1.99180063448722,-1.36680685979315,-0.978634987417914,-3.07481461788037,-2.17194068766808,-5.6003965182723,26.413558017798223,21.81316149952593,29.266217972023895,,"William Contreras","20503",661388
"Jo Adell ","LAA","OF",120.33000183105469,609,-3.16331693203909,3.709082194046,-0.55778854314977,-1.18030781115142,5.91360214983772,4.72127105754343,15.996173446092504,21.71744450363593,28.6331692137178,1,"Jo Adell","20220",666176
"Michael Harris II ","ATL","OF",99.06999969482422,574,5.6207038264316,-1.00424335594749,-1.39948143168606,2.60870580230647,-1.54997585401379,4.27570898709073,15.996173446092504,21.271882433183237,28.049274401129928,29,"Michael Harris II","25931",671739
"Maikel Garcia ","KCR","3B",63.150001525878906,665,3.01371825208874,-3.54218788286707,1.54644367819095,6.8713461174466,-6.52569452324813,1.3636256416111,18.884985959350516,21.248611600961613,28.018766377623603,4,"Maikel Garcia","22715",672580
"Ketel Marte ","ARI","2B/DH",32.63999938964844,637,2.5371433130821,1.53370117097208,2.80898301099538,-3.54844131956261,0.937883480603388,4.26926965609033,15.881529685493165,21.150799341583497,27.89052125714801,21,"Ketel Marte","13613",606466
"Bo Bichette ","NYM","SS",92.86000061035156,658,6.49687678053374,1.53370117097208,1.54644367819095,-3.07481461788037,-1.54997585401379,4.95223115780262,14.77109801783091,20.723329175633527,27.329795677375152,7,"Bo Bichette","19612",666182
"Salvador Perez ","KCR","C/1B/DH",91.13999938964844,618,-2.42638443021936,2.25882817866338,-4.76625298583121,-5.9165748279738,3.42574281522056,-7.42464125014042,26.413558017798223,19.988916767657802,26.36547724290292,14,"Salvador Perez","7304",521692
"Teoscar Hernández ","LAD","OF",125.41999816894531,595,-0.462936065139315,4.07164569789165,-1.82032787595421,-2.60118791619813,3.42574281522056,2.61293665582055,15.996173446092504,19.609110101913053,26.272910240861165,,"Teoscar Hernandez","13066",606192
"Ben Rice ","NYY","C/1B/DH",53.189998626708984,546,-3.28784398878165,-0.279116348256187,-2.66202076449049,-4.02206802124484,2.18181314791197,-8.0692359748612,26.413558017798223,19.344322042937023,25.518084357617763,5,"Ben Rice","29576",700250
"Shea Langeliers ","ATH","C",54.04999923706055,524,-0.487563618107989,-0.641679852101841,-5.18709943009935,-3.54844131956261,1.55984831425768,-8.30493590561411,26.413558017798223,19.108622112184108,25.207994134323425,6,"Shea Langeliers","25816",669127
"Corey Seager ","TEX","SS",95.08999633789062,567,4.14683882279213,1.89626467481773,-1.39948143168606,-4.96932142460932,3.42574281522056,3.10004345653503,14.77109801783091,18.871141474365945,25.270679893336258,,"Corey Seager","13624",608369
"Mookie Betts ","LAD","SS",60.58000183105469,651,0.350973360591554,1.17113766712643,3.22982945526353,-1.18030781115142,-0.928011020359488,2.64362165147058,14.77109801783091,18.4147196693015,24.650816436771525,,"Mookie Betts","13611",605141
"Jackson Merrill ","SDP","OF",70.79000091552734,630,1.71672967613427,1.17113766712643,1.12559723392281,-3.07481461788037,0.315918646949092,1.25456860625221,15.996173446092504,18.250742052344716,24.078286403563652,16,"Jackson Merrill","29490",701538
"Randy Arozarena ","SEA","OF",89.37999725341797,679,-7.14426800624756,1.17113766712643,1.9672901224591,5.4504660123999,-0.306046186705201,1.13857960903265,15.996173446092504,18.134753055125152,23.925416389937247,16,"Randy Arozarena","19290",668227
"Rafael Devers ","SFG","1B/DH",61.619998931884766,686,-2.83248665653182,4.07164569789165,4.07152234379982,-4.96932142460932,3.42574281522056,3.76710277577087,13.02649879631637,17.793601572087237,23.807280027243976,,"Rafael Devers","17350",646240
"CJ Abrams ","WSN","SS",65,630,-0.600471544315793,-3.54218788286707,0.283904345386518,8.76585292417555,-3.41587035497667,1.49122748740255,14.77109801783091,17.262325505233463,22.774598484278894,18,"CJ Abrams","25768",682928
"Drake Baldwin ","ATL","C",78.62999725341797,571,2.1293361136637,-2.45449737133011,-2.66202076449049,-5.9165748279738,-1.54997585401379,-10.4537327041445,26.413558017798223,16.959825313653745,22.37516465327566,2,"Drake Baldwin","31539",686948
"Oneil Cruz ","PIT","OF",92.93000030517578,560,-4.9368804470002,-2.09193386748445,-1.82032787595421,7.81859952081108,0.315918646949092,-0.714624022678687,15.996173446092504,16.281549423413814,21.753771932356823,,"Oneil Cruz","21711",665833
"Taylor Ward ","BAL","OF",148.42999267578125,658,-5.29543254048126,3.34651869020035,1.12559723392281,-3.54844131956261,2.80377798156626,-1.56797995435445,15.996173446092504,15.428193491738051,20.34951559717877,1,"Taylor Ward","17548",621493
"Vinnie Pasquantino ","KCR","1B/DH",77.0999984741211,637,2.17688624649512,2.62139168250904,0.283904345386518,-5.44294812629156,0.937883480603388,0.577117628702501,13.02649879631637,14.603616425018869,19.256745682539293,6,"Vinnie Pasquantino","27676",686469
"Jeremy Peña ","HOU","SS",122.9800033569336,623,3.34284355449007,-2.81706087517576,-0.55778854314977,2.13507910062423,-3.41587035497667,-1.31279711818789,14.77109801783091,14.458300899643028,19.277630083784246,,"Jeremy Pena","21636",665161
"George Springer ","TOR","OF/DH",94.37999725341797,595,-1.32269065059568,-1.36680685979315,-1.39948143168606,0.714198995577524,0.315918646949092,-3.05886129954826,15.996173446092504,13.937312146544237,18.37258280995869,16,"George Springer","12856",543807
"Roman Anthony ","BOS","OF",50.75,630,0.825843326492264,-1.7293703636388,3.22982945526353,-2.60118791619813,-2.79390552132237,-3.06879101940352,15.996173446092504,13.927382426688984,18.359398671332265,6,"Roman Anthony","31812",701350
"Andy Pages ","LAD","OF",133.4199981689453,609,-2.31177153090563,1.89626467481773,-1.82032787595421,-2.1275612145159,0.937883480603388,-3.42551246595461,15.996173446092504,13.570660980137891,17.88561252590995,1,"Andy Pages","24816",681624
"Luis Robert Jr. ","NYM","OF",105.63999938964844,567,-5.17431542995056,-1.7293703636388,-5.6079458743675,9.71310632754006,-0.928011020359488,-3.72653636077632,15.996173446092504,13.269637085316182,17.66331356238574,,"Luis Robert Jr.","20043",673357
"Matt Chapman ","SFG","3B",163.6199951171875,672,-8.6786915651524,1.17113766712643,1.12559723392281,-1.18030781115142,0.315918646949092,-7.24634582830549,18.884985959350516,12.638640131045028,16.646344270053824,4,"Matt Chapman","16505",656305
"Seiya Suzuki ","CHC","OF/DH",113.43000030517578,567,-0.770843760783836,-1.00424335594749,-0.55778854314977,-2.60118791619813,0.315918646949092,-4.61814492913015,15.996173446092504,12.378028516962356,16.299460596338854,26,"Seiya Suzuki","30116",673548
"Willy Adames ","SFG","SS",133.92999267578125,679,-7.35878040933518,2.25882817866338,0.283904345386518,-0.233054407786951,1.55984831425768,-3.48925397881454,14.77109801783091,12.28184403901637,16.32179831211509,,"Willy Adames","15986",642715
"Ceddanne Rafaela ","BOS","2B/OF",125.02999877929688,609,-0.723293627952416,-3.17962437902142,-1.82032787595421,4.50321260903542,-3.41587035497667,-4.63590362886928,15.881529685493165,12.245626056623895,16.12316777045602,2,"Ceddanne Rafaela","24262",678882
"Ezequiel Tovar ","COL","SS",209.22999572753906,651,-0.246718688945779,0.446010659435119,-0.978634987417914,-2.1275612145159,-1.54997585401379,-4.45688008545825,14.77109801783091,11.314217932372653,15.007671650174036,,"Ezequiel Tovar","24064",678662
"Dansby Swanson ","CHC","SS",152.30999755859375,686,-6.91333723451417,0.446010659435119,-0.55778854314977,2.13507910062423,0.315918646949092,-4.57411737065549,14.77109801783091,11.196980647175415,14.848452462934796,,"Dansby Swanson","18314",621020
"Lawrence Butler ","ATH","OF",157.22000122070312,581,-3.00285887299987,-1.7293703636388,-3.08286720875863,3.55595920567095,-1.54997585401379,-5.80911309374015,15.996173446092504,11.187060352352358,14.834979775672863,,"Lawrence Butler","22542",671732
"Brice Turang ","MIL","2B",48.18000030517578,651,-1.64360676867412,-4.99244189824968,-1.39948143168606,7.34497281912884,-5.28176485593954,-5.97232213542056,15.881529685493165,10.909207550072606,14.341460278534667,20,"Brice Turang","22186",668930
"Geraldo Perdomo ","ARI","SS",76.7699966430664,686,-1.00657377062826,-4.62987839440402,3.65067589953167,3.55595920567095,-6.52569452324813,-4.9555115830778,14.77109801783091,10.815586434753111,14.21648950230543,4,"Geraldo Perdomo","22799",672695
"Yainer Diaz ","HOU","C/DH",113.04000091552734,517,3.94703981524437,-4.26731489055837,-8.13302453997636,-5.44294812629156,-2.79390552132237,-16.6901532629043,26.413558017798223,10.72340475489393,14.205292153155382,,"Yainer Diaz","23003",673237
"Christian Yelich ","MIL","DH",127.22000122070312,637,-2.35761669063112,-2.45449737133011,-0.55778854314977,3.08233250398871,-1.54997585401379,-3.83754595513607,13.02649879631637,10.188952841180296,13.479456518384612,,"Christian Yelich","11477",592885
"Jacob Wilson ","ATH","SS",196.44000244140625,616,10.6235725182415,-2.81706087517576,-2.24117432022234,-4.02206802124484,-7.14765935690242,-5.60439005530378,14.77109801783091,10.166707962527125,13.449245894746964,,"Jacob Wilson","33266",805779
"Tyler Soderstrom ","ATH","1B/OF",82.8499984741211,581,-1.17694598709631,0.446010659435119,-2.66202076449049,-4.49569472292709,0.937883480603388,-6.95076733447538,15.996173446092504,10.045406111617124,13.18763491314365,6,"Tyler Soderstrom","27467",691016
"Will Smith ","LAD","C",95.69000244140625,500,-0.649726650253141,-4.62987839440402,-5.18709943009935,-4.96932142460932,-2.17194068766808,-17.607966587034,26.413558017798223,9.805591430764304,12.958815904072953,,"Will Smith","19197",669257
"Trevor Story ","BOS","SS",111.33000183105469,665,-6.69882483142656,-0.641679852101841,-3.50371365302678,6.39771941576437,-1.54997585401379,-5.9964747748046,14.77109801783091,9.774623243026314,12.82557803581192,1,"Trevor Story","12564",596115
"Adley Rutschman ","BAL","C",148.92999267578125,566,-0.724998601058343,-3.90475138671272,-3.08286720875863,-5.9165748279738,-4.03783518863096,-17.6670272131344,26.413558017798223,9.746530804663776,12.878606055561484,,"Adley Rutschman","26288",668939
"Ian Happ ","CHC","OF",184.86000061035156,658,-5.64097621152838,0.0834471555894658,1.12559723392281,-2.1275612145159,-0.928011020359488,-7.48750405689149,15.996173446092504,9.508669389201005,12.555568029033994,,"Ian Happ","17919",664023
"Josh Naylor ","SEA","1B/DH",67.45999908447266,623,-1.11468245872503,-0.641679852101841,-3.08286720875863,2.13507910062423,-2.17194068766808,-4.87609110662935,13.02649879631637,9.150407689687018,11.99030359432891,16,"Josh Naylor","18839",647304
"Adolis García ","PHI","OF",213.99000549316406,609,-6.13226454607487,0.808574163280772,-4.34540654156306,0.240572293895286,1.55984831425768,-7.8686763162042,15.996173446092504,9.127497129888305,12.037900486461613,,"Adolis Garcia","19287",666969
"Jung Hoo Lee ","SFG","OF",339.44000244140625,616,3.43453387394106,-4.62987839440402,1.9672901224591,-1.65393451283366,-7.14765935690242,-8.02964826773995,15.996173446092504,8.966525178352548,11.819285536032513,,"Jung Hoo Lee","33824",808982
"Nico Hoerner ","CHC","2B",101.93000030517578,665,3.69659640986009,-7.53038642516926,-1.39948143168606,7.34497281912884,-10.2574835251739,-8.14578215304026,15.881529685493165,8.735747532452908,11.43493602163432,10,"Nico Hoerner","21479",663538
"Gleyber Torres ","DET","2B",261.510009765625,658,0.619540107727546,-2.45449737133011,-0.136942098881626,-3.54844131956261,-2.79390552132237,-8.31424620336916,15.881529685493165,8.567283482124,11.209191897312673,1,"Gleyber Torres","16997",650402
"Yandy Díaz ","TBR","1B/DH",138.63999938964844,651,4.95424403730603,-2.09193386748445,-0.136942098881626,-5.44294812629156,-2.79390552132237,-5.51148557667398,13.02649879631637,8.515013219642388,11.139135536306922,6,"Yandy Diaz","16578",650490
"Royce Lewis ","MIN","3B",193.64999389648438,574,-1.59125739773167,-2.45449737133011,-6.02879231863564,0.240572293895286,-1.54997585401379,-11.3839506478159,18.884985959350516,8.501035311534599,11.187106804341791,,"Royce Lewis","20437",668904
"Cody Bellinger ","NYY","OF",80.98999786376953,616,-3.04049484840247,-1.7293703636388,-0.978634987417914,-0.706681109469187,-2.17194068766808,-8.62712199659646,15.996173446092504,8.369051449496048,11.007860387921285,,"Cody Bellinger","15998",641355
"Heliot Ramos ","SFG","OF",218.8000030517578,637,-1.88925093594737,-1.7293703636388,-0.55778854314977,-3.07481461788037,-1.54997585401379,-8.8012003146301,15.996173446092504,8.194973131462401,10.771445767208595,,"Heliot Ramos","22515",671218
"Mike Trout ","LAA","OF/DH",178.44000244140625,560,-4.40795613705111,-1.36680685979315,-1.39948143168606,-4.49569472292709,2.80377798156626,-8.86616116989114,15.996173446092504,8.130012276201363,10.683222856215503,,"Mike Trout","10155",545361
"Bryan Reynolds ","PIT","OF/DH",204.72000122070312,644,-3.00936308421683,-1.36680685979315,0.283904345386518,-3.54844131956261,-1.54997585401379,-9.19068277219986,15.996173446092504,7.805490673892641,10.242492198948574,,"Bryan Reynolds","19326",668804
"Eugenio Suárez ","CIN","3B",97.91999816894531,609,-8.42654318666218,1.17113766712643,-4.34540654156306,-4.96932142460932,4.04770764887485,-12.5224258368333,18.884985959350516,7.362560122517223,9.592909058539298,6,"Eugenio Suarez","12552",553993
"Michael Busch ","CHC","1B",106.45999908447266,602,-3.87732685399609,1.17113766712643,-1.39948143168606,-4.96932142460932,2.18181314791197,-6.89317889525307,13.02649879631637,7.133319901063295,9.32962148588315,,"Michael Busch","26319",683737
"Brandon Nimmo ","TEX","OF",145.4600067138672,630,-3.18623951190184,-2.45449737133011,-0.55778854314977,-1.65393451283366,-2.17194068766808,-10.0244006268835,15.996173446092504,6.971772819209044,9.067889167407094,1,"Brandon Nimmo","12927",607043
"Ozzie Albies ","ATL","2B",150.5,630,-2.01207301958399,-2.09193386748445,-1.82032787595421,-0.706681109469187,-3.41587035497667,-10.0468862274685,15.881529685493165,6.834643458024667,8.923990969720048,,"Ozzie Albies","16556",645277
"Jake Burger ","TEX","1B",236.72000122070312,595,-2.99464968867698,1.17113766712643,-3.50371365302678,-5.44294812629156,3.42574281522056,-7.34443098564833,13.02649879631637,6.682067810668031,8.71677898486597,,"Jake Burger","22275",669394
"Alec Bohm ","PHI","3B",239.8699951171875,609,2.82863264008084,-3.54218788286707,-3.50371365302678,-4.49569472292709,-4.65980002228525,-13.3727636410254,18.884985959350516,6.512222318325177,8.450027317943638,1,"Alec Bohm","21618",664761
"Alex Bregman ","CHC","3B",119.16999816894531,672,-4.22116555193729,-1.7293703636388,0.283904345386518,-4.96932142460932,-2.79390552132237,-13.4298585161212,18.884985959350516,6.45512744322926,8.408572761951605,,"Alex Bregman","17678",608324
"Steven Kwan ","CLE","OF",169.60000610351562,665,3.88818623308495,-8.25551343286056,0.704750789654662,2.60870580230647,-9.63551869151956,-10.6893892993341,15.996173446092504,6.30678414675844,8.17365674387515,9,"Steven Kwan","24610",680757
"Alec Burleson ","STL","1B/OF/DH",175.19000244140625,602,3.14304454694232,-2.81706087517576,-4.76625298583121,-3.54844131956261,-2.79390552132237,-10.7826161549497,15.996173446092504,6.213557291142873,8.080497924567371,,"Alec Burleson","27615",676475
"Agustín Ramírez ","MIA","C/DH",86.8499984741211,493,-2.56732985560769,-5.71756890594099,-9.39556387278078,-0.233054407786951,-3.41587035497667,-21.3293873970931,26.413558017798223,6.08417062070514,7.8740684737404525,4,"Agustin Ramirez","26546",682663
"Alejandro Kirk ","TOR","C",160.25,495,4.07636611009796,-7.53038642516926,-8.13302453997636,-5.9165748279738,-4.65980002228525,-22.1634197053067,26.413558017798223,5.250138312491522,6.772084935528491,,"Alejandro Kirk","22581",672386
"Jose Altuve ","HOU","2B/OF/DH",116.5199966430664,623,-0.823193131726294,-3.54218788286707,-3.50371365302678,0.240572293895286,-4.03783518863096,-11.6663575623558,15.881529685493165,5.215172123137361,6.724597583356726,,"Jose Altuve","5417",514888
"Bryson Stott ","PHI","2B",181.44000244140625,609,-1.43730354990941,-6.08013240978664,-3.92456009729492,5.4504660123999,-5.90372968959384,-11.8952597341849,15.881529685493165,4.986269951308261,6.394829995643279,1,"Bryson Stott","26294",681082
"Mickey Moniak ","COL","OF",245.8300018310547,483,1.35306266333544,-5.71756890594099,-5.18709943009935,-1.65393451283366,-1.54997585401379,-12.7555160395523,15.996173446092504,4.240657406540143,5.401115545468851,,"Mickey Moniak","19956",666160
"Munetaka Murakami ","CHW","1B",999,588,-10.6373406921214,-1.00424335594749,-1.82032787595421,-0.706681109469187,4.04770764887485,-10.1208853846174,13.02649879631637,3.9056134116989343,4.94609449599422,,"Munetaka Murakami","37120",808959
"Brenton Doyle ","COL","OF",166.25,595,-5.2348739852159,-4.26731489055837,-5.6079458743675,4.02958590735319,-2.17194068766808,-13.2524895304566,15.996173446092504,3.743683915635832,4.726179110629825,,"Brenton Doyle","25479",686668
"Daulton Varsho ","TOR","OF",192.2100067138672,595,-8.5493652702988,-1.00424335594749,-2.24117432022234,-1.18030781115142,-0.306046186705201,-13.2811369443252,15.996173446092504,3.7150365017672353,4.687273245955543,,"Daulton Varsho","19918",662139
"Samuel Basallo ","BAL","C",160.94000244140625,445,-0.489268591213917,-6.44269591363229,-9.39556387278078,-5.44294812629156,-2.17194068766808,-23.9424171915866,26.413558017798223,3.4711408262115886,4.348768493435296,1,"Samuel Basallo","28824",694212
"Spencer Torkelson ","DET","1B",188.35000610351562,637,-7.10663203084496,1.17113766712643,-0.978634987417914,-5.44294812629156,1.55984831425768,-10.7972291631703,13.02649879631637,3.2292696331460347,4.021637367142139,3,"Spencer Torkelson","27465",679529
"Masyn Winn ","STL","SS",364.7799987792969,644,-1.25221793790151,-4.26731489055837,-1.39948143168606,0.240572293895286,-5.90372968959384,-12.5821716558445,14.77109801783091,3.188926361986426,3.967059531310712,1,"Masyn Winn","27479",691026
"Matt McLain ","CIN","2B",144.3000030517578,623,-7.6208429452542,-3.54218788286707,-3.08286720875863,2.60870580230647,-2.17194068766808,-13.8091329222415,15.881529685493165,3.0723967632516582,3.809392385570732,8,"Matt McLain","29695",680574
"Ramón Laureano ","SDP","OF",224.47999572753906,553,-3.54820155159475,-2.81706087517576,-5.18709943009935,-1.65393451283366,-0.928011020359488,-14.134307390063,15.996173446092504,2.8618660560294855,3.52858806556806,,"Ramon Laureano","17128",657656
"Iván Herrera ","STL","DH",178.42999267578125,594,0.963378805668743,-4.62987839440402,-3.08286720875863,-1.65393451283366,-3.41587035497667,-11.8191716653042,13.02649879631637,2.207327131012124,2.6379253738964117,5,"Ivan Herrera","20599",671056
"Luke Keaschall ","MIN","2B",114.8499984741211,567,-1.69936608582843,-6.80525941747794,-5.6079458743675,5.92409271408213,-6.52569452324813,-14.7141731868399,15.881529685493165,2.167356498653291,2.5837546163899554,3,"Luke Keaschall","33321",807712
"Luis Arraez ","SFG","1B/DH",280.04998779296875,623,12.2349730010576,-8.25551343286056,-1.82032787595421,-2.60118791619813,-11.5014131924825,-11.9434694164379,13.02649879631637,2.0830293798785453,2.4694566407369534,1,"Luis Arraez","18568",650333
"Brandon Lowe ","PIT","2B",187.57000732421875,546,-3.50235639186926,-2.45449737133011,-5.18709943009935,-4.02206802124484,0.315918646949092,-14.8501025675945,15.881529685493165,2.031427117898695,2.399505977016158,1,"Brandon Lowe","18882",664040
"Willi Castro ","COL","2B/3B/OF",256.3399963378906,553,-0.556331357696228,-8.61807693670621,-3.50371365302678,1.18782569725976,-6.52569452324813,-18.0159907734176,18.884985959350516,1.8689951859329328,2.180176656140356,,"Willi Castro","17338",650489
"Ernie Clement ","TOR","2B/3B/SS",337.67999267578125,644,0.627749292050438,-5.35500540209534,-3.92456009729492,-1.65393451283366,-7.76962419055671,-18.0753749107302,18.884985959350516,1.8096110486203298,2.0995274491759615,,"Ernie Clement","20352",676391
"Otto Lopez ","MIA","2B/SS",229.16000366210938,609,1.02564233404002,-6.80525941747794,-4.34540654156306,2.13507910062423,-7.14765935690242,-15.1376038812792,15.881529685493165,1.7439258042139905,2.010320750041015,,"Otto Lopez","19608",672640
"Kazuma Okamoto ","TOR","3B",999,560,-7.29992682717576,-1.7293703636388,-5.18709943009935,-4.96932142460932,0.937883480603388,-18.2478345649199,18.884985959350516,1.6371513944306737,1.8653111252015515,,"Kazuma Okamoto","37123",672960
"Willson Contreras ","BOS","1B",168.1999969482422,609,-5.14318366576492,-1.36680685979315,-2.66202076449049,-3.54844131956261,-0.306046186705201,-13.0264987963164,13.02649879631637,1,1,6,"Willson Contreras","11609",575929
"Xander Bogaerts ","SDP","SS",237.1999969482422,609,-0.608680728638684,-5.35500540209534,-5.18709943009935,1.66145239894199,-5.28176485593954,-14.7710980178309,14.77109801783091,1,1,,"Xander Bogaerts","12161",593428
"Xavier Edwards ","MIA","2B/SS",182.42999267578125,602,4.18617977130065,-11.8811484713171,-3.08286720875863,6.39771941576437,-11.5014131924825,-15.8815296854931,15.881529685493165,1,1,,"Xavier Edwards","22266",669364
"Kerry Carpenter ","DET","OF/DH",236.22000122070312,497,-0.787262129429619,-3.90475138671272,-6.02879231863564,-4.96932142460932,-0.306046186705201,-15.9961734460925,15.996173446092504,1,1,6,"Kerry Carpenter","25961",681481
"Carlos Correa ","HOU","3B/SS",281.2300109863281,567,0.886401881757612,-4.62987839440402,-5.18709943009935,-5.9165748279738,-4.03783518863096,-18.8849859593506,18.884985959350516,1,1,,"Carlos Correa","14162",621043
"Ryan Jeffers ","MIN","C/DH",298.05999755859375,523,-3.0504090058313,-6.44269591363229,-7.29133165144007,-4.96932142460932,-4.65980002228525,-26.4135580177982,26.413558017798223,1,1,,"Ryan Jeffers","24618",680777
"Josh Lowe ","LAA","OF",297.0899963378906,511,-3.19615366933067,-6.80525941747794,-7.29133165144007,4.97683931071766,-4.03783518863096,-16.353740616162,15.996173446092504,0.6424328299305253,0.5143903741363981,,"Josh Lowe","19953",666139
"Jordan Beck ","COL","OF",232.9199981689453,581,-4.82877175890343,-5.35500540209534,-4.34540654156306,2.13507910062423,-4.03783518863096,-16.4319397905685,15.996173446092504,0.5642336555239491,0.4081885888353547,,"Jordan Beck","31431",687597
"Miguel Vargas ","CHW","1B/3B",303.0899963378906,602,-5.53457249653753,-4.26731489055837,-3.92456009729492,-1.65393451283366,-4.03783518863096,-19.4182171858555,18.884985959350516,0.46676877349506973,0.2758221725122676,,"Miguel Vargas","20178",678246
"Jakob Marsee ","MIA","OF",137.0800018310547,581,-10.2688744412115,-9.34320394439755,-3.92456009729492,13.5021199409979,-6.52569452324813,-16.5602130651542,15.996173446092504,0.43596038093833633,0.233601645460491,2,"Jakob Marsee","31370",805300
"J.T. Realmuto ","PHI","C",212.27000427246094,500,-3.29605317310454,-7.53038642516926,-8.97471742851264,-3.07481461788037,-4.65980002228525,-27.5357716669521,26.413558017798223,-0.12221364915383859,-0.524070988392862,,"J.T. Realmuto","11739",592663
"Addison Barger ","TOR","3B/OF",193.08999633789062,518,-2.95050950205742,-3.54218788286707,-6.87048520717193,-4.02206802124484,-2.79390552132237,-20.1791561346636,18.884985959350516,-0.2941701753131116,-0.7576040174927783,,"Addison Barger","24598",680718
"Andrés Giménez ","TOR","2B",412.2200012207031,595,-2.78013728558937,-7.53038642516926,-4.76625298583121,4.50321260903542,-7.14765935690242,-17.7212234444568,15.881529685493165,-0.8396937589636617,-1.4984760145076135,,"Andres Gimenez","19950",665926
"Marcus Semien ","NYM","2B",266.25,644,-8.19561241492879,-3.17962437902142,-2.24117432022234,-0.706681109469187,-3.41587035497667,-17.7389625786184,15.881529685493165,-0.8574328931252302,-1.5225674161362077,,"Marcus Semien","12533",543760
"Wilyer Abreu ","BOS","OF",199.89999389648438,518,-2.75891967883255,-4.62987839440402,-6.87048520717193,-1.65393451283366,-2.17194068766808,-18.0851584809102,15.996173446092504,-1.0889850348177443,-1.8422541834366655,7,"Wilyer Abreu","23772",677800
"Daylen Lile ","WSN","OF",206.50999450683594,553,0.0577790604868877,-9.70576744824317,-1.39948143168606,0.714198995577524,-7.76962419055671,-18.1028950144215,15.996173446092504,-1.1067215683290277,-1.8664311075132503,1,"Daylen Lile","29995",695734
"Caleb Durbin ","BOS","3B",219.8300018310547,560,-1.86803332919056,-8.61807693670621,-8.13302453997636,5.92409271408213,-8.391589024211,-21.086631116002,18.884985959350516,-1.2016451566514812,-1.9900398311125849,,"Caleb Durbin","29646",702332
"Luis García Jr. ","WSN","2B",261.8500061035156,490,3.27887505301287,-7.1678229213236,-9.81641031704891,-0.233054407786951,-4.65980002228525,-18.5982126154319,15.881529685493165,-1.7166829299386963,-2.6895092492446566,,"Luis Garcia Jr.","20391",671277
"Francisco Alvarez ","NYM","C",165.25,438,-3.75791471657132,-7.53038642516926,-10.237256761317,-5.9165748279738,-2.17194068766808,-29.6140734186995,26.413558017798223,-2.2005154009013026,-3.3465989511855874,,"Francisco Alvarez","26121",682626
"Jorge Polanco ","NYM","2B/DH",209.42999267578125,539,-3.72507797927976,-3.90475138671272,-6.44963876290378,-3.07481461788037,-2.17194068766808,-19.3262234344447,15.881529685493165,-2.444693748951546,-3.6782159623827626,,"Jorge Polanco","13152",593871
"Joey Ortiz ","MIL","SS",743.4400024414062,630,-4.10655265262355,-6.08013240978664,-2.24117432022234,0.714198995577524,-6.52569452324813,-18.2393549103032,14.77109801783091,-2.4682568924722252,-3.7102169128811653,,"Joey Ortiz","25493",687401
"Trent Grisham ","NYY","OF",253.82000732421875,546,-7.72244742213401,-3.54218788286707,-3.92456009729492,-4.02206802124484,-0.306046186705201,-19.517309610246,15.996173446092504,-2.521136164153541,-3.782031904543051,,"Trent Grisham","18564",663757
"Noelvi Marte ","CIN","3B/OF",147.7100067138672,504,-1.93029685756183,-7.1678229213236,-9.39556387278078,0.714198995577524,-4.65980002228525,-22.4392846783739,18.884985959350516,-2.5542987190234276,-3.827069752564495,,"Noelvi Marte","26517",682622
"Matt Wallner ","MIN","OF",340.5899963378906,476,-3.6268834486118,-4.99244189824968,-6.02879231863564,-4.02206802124484,-0.928011020359488,-19.5981967071015,15.996173446092504,-2.6020232610089638,-3.891884139672811,,"Matt Wallner","26466",670242
"Justin Crawford ","PHI","OF",999,532,0.563780790573235,-11.1560214636258,-7.29133165144007,7.81859952081108,-9.63551869151956,-19.7004914952011,15.996173446092504,-2.704318049108627,-4.030810019717174,,"Justin Crawford","31791",702222
"Colton Cowser ","BAL","OF",251.72000122070312,504,-5.05319831941986,-5.35500540209534,-7.29133165144007,-0.233054407786951,-2.17194068766808,-20.1045304684103,15.996173446092504,-3.1083570223177963,-4.579532696288115,,"Colton Cowser","29591",681297
"Josh Jung ","TEX","3B",610.5,553,-3.61696929118299,-4.62987839440402,-8.13302453997636,-4.02206802124484,-2.79390552132237,-23.1958457681306,18.884985959350516,-3.310859808780074,-4.8545504009369385,,"Josh Jung","26299",673962
"Kevin McGonigle ","DET","3B/SS",999,546,-2.35932166373705,-5.71756890594099,-6.44963876290378,-1.18030781115142,-3.41587035497667,-19.1227074987099,14.77109801783091,-3.3516094808789916,-4.9098922630496595,,"Kevin McGonigle","33572",805808
"Gabriel Moreno ","ARI","C",181.22000122070312,443,3.2084023403187,-10.7934579597801,-11.0789496498534,-4.49569472292709,-7.76962419055671,-30.9293241827986,26.413558017798223,-3.51576616500037,-5.132832377892146,,"Gabriel Moreno","22664",672515
"Austin Wells ","NYY","C",246.13999938964844,461,-5.98992982878736,-7.53038642516926,-10.237256761317,-4.02206802124484,-3.41587035497667,-31.1955113914952,26.413558017798223,-3.7819533736969744,-5.4943394782216295,,"Austin Wells","27562",669224
"Kyle Stowers ","MIA","OF",164.42999267578125,483,-2.59846161979333,-4.99244189824968,-7.29133165144007,-4.96932142460932,-0.928011020359488,-20.7795676144519,15.996173446092504,-3.7833941683593943,-5.496296211992315,,"Kyle Stowers","26151",669065
"Andrew Vaughn ","MIL","1B",272.2699890136719,560,-2.05962315241542,-2.45449737133011,-6.02879231863564,-5.9165748279738,-1.54997585401379,-18.0094635243687,13.02649879631637,-3.982964728052375,-5.767331678718938,,"Andrew Vaughn","26197",683734
"JJ Wetherholt ","STL","2B",999,588,-3.079835796911,-7.1678229213236,-5.6079458743675,-0.233054407786951,-5.28176485593954,-21.3704238563286,15.881529685493165,-4.488894170835419,-6.454431132999147,,"JJ Wetherholt","34985",802139
"Jonathan Aranda ","TBR","1B",195.60000610351562,609,-3.3401933597241,-3.54218788286707,-4.34540654156306,-5.44294812629156,-2.17194068766808,-18.8426765981139,13.02649879631637,-4.816177801797504,-6.939489874613405,6,"Jonathan Aranda","21837",666018
"Brandon Marsh ","PHI","OF",609.72998046875,497,-1.40137254761273,-8.25551343286056,-6.44963876290378,-1.18030781115142,-4.65980002228525,-21.9466325768137,15.996173446092504,-4.950459130721247,-7.081279474356537,,"Brandon Marsh","20202",669016
"Sal Stewart ","CIN","1B/3B",161.8699951171875,504,-1.88445169783633,-6.08013240978664,-9.81641031704891,-3.07481461788037,-4.03783518863096,-24.8936442311833,18.884985959350516,-5.008658271832722,-7.203633849452501,1,"Sal Stewart","31505",701398
"Jackson Holliday ","BAL","2B",203.14999389648438,490,-1.60117155516049,-8.61807693670621,-5.6079458743675,-0.233054407786951,-5.90372968959384,-21.963978463615,15.881529685493165,-5.0824487781218135,-7.260533747839206,,"Jackson Holliday","31781",702616
"Ryan O'Hearn ","PIT","1B/OF/DH",285.44000244140625,546,0.149469379937873,-6.44269591363229,-6.02879231863564,-4.49569472292709,-5.28176485593954,-22.0994784311966,15.996173446092504,-5.103304985104183,-7.288858425598841,,"Ryan O'Hearn","16442",656811
"TJ Friedl ","CIN","OF",265.1499938964844,623,-5.62626281598852,-8.98064044055187,-0.978634987417914,-0.233054407786951,-6.52569452324813,-22.3442871749933,15.996173446092504,-5.348113728900875,-7.621331573120051,,"TJ Friedl","19522",670770
"Christian Walker ","HOU","1B",212.94000244140625,588,-8.0662861200752,-1.36680685979315,-5.6079458743675,-4.96932142460932,0.315918646949092,-19.6944416318961,13.02649879631637,-5.667942835579706,-8.055689382883234,,"Christian Walker","13419",572233
"Nolan Schanuel ","LAA","1B",594.6599731445312,616,0.165887748583655,-7.1678229213236,-2.66202076449049,-3.07481461788037,-7.14765935690242,-19.8864299120132,13.02649879631637,-5.859931115696855,-8.31642740550363,,"Nolan Schanuel","33189",694384
"Konnor Griffin ","PIT","SS",999,469,-1.04111548102576,-10.7934579597801,-10.237256761317,6.39771941576437,-6.52569452324813,-22.1998053096067,14.77109801783091,-6.428707291775814,-9.155168892803113,2,"Konnor Griffin","sa3065496",804606
"Brendan Donovan ","SEA","2B",268.5799865722656,560,-0.456431853922351,-6.80525941747794,-5.6079458743675,-4.02206802124484,-6.52569452324813,-23.4173996902607,15.881529685493165,-6.5358700047676,-9.234415572494816,,"Brendan Donovan","24679",680977
"Colt Keith ","DET","2B/3B/DH",502.489990234375,497,1.08449591619943,-7.89294992901491,-6.44963876290378,-4.96932142460932,-5.28176485593954,-23.5091790562681,15.881529685493165,-6.627649370774953,-9.35906052684051,,"Colt Keith","27899",690993
"Logan O'Hoppe ","LAA","C",246.50999450683594,452,-5.13838442765389,-8.98064044055187,-12.3414889826578,-4.96932142460932,-2.79390552132237,-34.2237407967953,26.413558017798223,-6.810182778997019,-9.606957950021457,,"Logan O'Hoppe","24729",681351
"Jordan Westburg ","BAL","3B",646.8400268554688,427,-0.68906759876167,-7.53038642516926,-10.237256761317,-4.49569472292709,-4.03783518863096,-26.990240696806,18.884985959350516,-7.105254737455523,-10.007693239343554,,"Jordan Westburg","27815",676059
"Jordan Walker ","STL","OF",511.7200012207031,532,-2.89645515800903,-7.53038642516926,-6.87048520717193,-1.65393451283366,-5.28176485593954,-24.2330261591235,15.996173446092504,-7.236852713030908,-10.186415585892187,,"Jordan Walker","27475",691023
"Jordan Lawlar ","ARI","2B/3B/SS/DH",261.6499938964844,518,-5.58212262936896,-9.34320394439755,-5.6079458743675,4.50321260903542,-7.14765935690242,-23.177719196001,14.77109801783091,-7.406621178170058,-10.416977023687613,,"Jordan Lawlar","29976",691783
"Colson Montgomery ","CHW","SS",254.75,602,-9.62363225884276,-4.26731489055837,-3.08286720875863,-4.96932142460932,-1.54997585401379,-23.4931116367829,14.77109801783091,-7.722013618951973,-10.936795307911543,2,"Colson Montgomery","29712",695657
"Josh Bell ","MIN","1B/DH",636.3300170898438,574,-4.44559211245371,-4.26731489055837,-5.6079458743675,-5.9165748279738,-2.17194068766808,-22.4093683930215,13.02649879631637,-8.382869596705085,-11.742813590793634,,"Josh Bell","13145",605137
"Anthony Volpe ","NYY","SS",641.989990234375,469,-5.20715216724213,-8.25551343286056,-8.13302453997636,2.60870580230647,-5.28176485593954,-24.2687491937122,14.77109801783091,-8.497651175881197,-11.898697699809897,,"Anthony Volpe","27647",683011
"Chandler Simpson ","TBR","OF",180.19000244140625,455,1.92783213301002,-16.9570375251562,-12.762335426926,15.3966267477269,-13.3673076934453,-25.7622217647906,15.996173446092504,-8.76604831869813,-12.263206097157637,,"Chandler Simpson","31912",802415
"Brooks Lee ","MIN","2B/3B/SS",542.5700073242188,595,-3.26321643581297,-5.35500540209534,-6.44963876290378,-4.49569472292709,-5.28176485593954,-24.8453201796787,14.77109801783091,-9.074222161847798,-12.681734970051032,,"Brooks Lee","31595",686797
"Tyler Stephenson ","CIN","C",294.75,450,-4.09524920329555,-9.70576744824317,-12.3414889826578,-5.9165748279738,-4.65980002228525,-36.7188804844556,26.413558017798223,-9.30532246665734,-12.995590776594236,,"Tyler Stephenson","17988",663886
"Jac Caglianone ","KCR","OF",164.58999633789062,455,-0.680858414438778,-7.89294992901491,-8.97471742851264,-5.44294812629156,-3.41587035497667,-26.4073442532345,15.996173446092504,-9.411170807142053,-13.26989058075761,8,"Jac Caglianone","35041",695506
"Evan Carter ","TEX","OF",280.4800109863281,476,-4.18693952274653,-11.1560214636258,-7.29133165144007,3.08233250398871,-7.14765935690242,-26.6996194907261,15.996173446092504,-9.703446044633603,-13.536279793740206,,"Evan Carter","27790",694497
"Nolan Arenado ","ARI","3B",638.0599975585938,609,-5.9865198825755,-5.71756890594099,-7.29133165144007,-4.96932142460932,-5.90372968959384,-29.8684715541597,18.884985959350516,-9.983485594809196,-13.91659966807699,,"Nolan Arenado","9777",571448
"Tyler O'Neill ","BAL","OF",477.6400146484375,434,-4.44079287434267,-6.80525941747794,-10.6581032055853,-3.54844131956261,-1.54997585401379,-27.0025726709822,15.996173446092504,-10.006399224889737,-13.947718518637089,,"Tyler O'Neill","15711",641933
"Isaac Paredes ","HOU","3B",243.60000610351562,497,-3.84139585169941,-8.25551343286056,-7.29133165144007,-5.9165748279738,-4.65980002228525,-29.9646157862591,18.884985959350516,-10.079629826908572,-14.047172518402286,,"Isaac Paredes","20036",670623
"Jake Cronenworth ","SDP","2B",738.2999877929688,630,-8.86377717716029,-6.80525941747794,-1.82032787595421,-4.02206802124484,-5.90372968959384,-27.4151621814311,15.881529685493165,-10.533632495937947,-14.663750562201987,,"Jake Cronenworth","18036",630105
"Marcelo Mayer ","BOS","3B",589.5399780273438,462,-1.70107105893437,-8.61807693670621,-10.237256761317,-4.02206802124484,-5.90372968959384,-30.4822024677964,18.884985959350516,-10.59721650844582,-14.75010359209244,,"Marcelo Mayer","29668",691785
"Giancarlo Stanton ","NYY","OF/DH",251.4600067138672,413,-5.05490329252579,-5.71756890594099,-11.9206425383896,-5.9165748279738,0.937883480603388,-27.6718060842268,15.996173446092504,-10.67563263813434,-14.856600022937352,,"Giancarlo Stanton","4949",519317
"Jesús Sánchez ","TOR","OF",617.4299926757812,420,-1.7404120074429,-8.98064044055187,-10.6581032055853,-1.65393451283366,-4.65980002228525,-27.6928901886989,15.996173446092504,-10.696716742606393,-14.885234206781334,,"Jesus Sanchez","19913",660821
"Jorge Soler ","LAA","OF/DH",634.8099975585938,511,-7.75357918631964,-4.62987839440402,-8.5538709842445,-5.9165748279738,-0.928011020359488,-27.7819144133014,15.996173446092504,-10.785740967208959,-15.006137421675618,,"Jorge Soler","14221",624585
"Jeff McNeil ","ATH","2B/OF",440.5199890136719,581,-1.42259015436956,-8.25551343286056,-5.6079458743675,-4.02206802124484,-8.391589024211,-27.6997065070534,15.881529685493165,-10.818176821560295,-15.050188342494373,,"Jeff McNeil","15362",643446
"Cam Smith ","HOU","OF",341.8699951171875,539,-5.40524620168395,-8.25551343286056,-5.18709943009935,-3.07481461788037,-5.90372968959384,-27.8264033721181,15.996173446092504,-10.830229926025565,-15.066557584527242,,"Cam Smith","35108",701358
"Dylan Crews ","WSN","OF",282.2200012207031,469,-4.52427400947077,-10.7934579597801,-10.237256761317,3.55595920567095,-5.90372968959384,-27.9027592144909,15.996173446092504,-10.906585768398365,-15.170255952696646,,"Dylan Crews","33541",686611
"Sal Frelick ","MIL","OF",216.39999389648438,511,0.601416765975837,-11.8811484713171,-7.71217809570822,0.714198995577524,-9.63551869151956,-27.9132294969916,15.996173446092504,-10.917056050899037,-15.184475574612293,,"Sal Frelick","29622",686217
"Mark Vientos ","NYM","3B/DH",652.5700073242188,441,-3.97242711965893,-6.80525941747794,-11.4997960941215,-5.9165748279738,-2.79390552132237,-30.9879629805546,18.884985959350516,-11.102977021204033,-15.436973623615128,,"Mark Vientos","22184",668901
"Max Muncy ","LAD","3B",234.3699951171875,455,-7.80112931915106,-7.1678229213236,-8.97471742851264,-4.96932142460932,-2.17194068766808,-31.0849317812647,18.884985959350516,-11.19994582191419,-15.568666315156559,,"Max Muncy","13301",571970
"Brady House ","WSN","3B",710.1199951171875,546,-4.32277002881709,-7.89294992901491,-10.237256761317,-4.02206802124484,-4.65980002228525,-31.1348447626792,18.884985959350516,-11.249858803328648,-15.63645280748387,,"Brady House","29993",691781
"Denzel Clarke ","ATH","OF",728.3300170898438,476,-6.4959315588737,-10.7934579597801,-7.29133165144007,2.60870580230647,-6.52569452324813,-28.4977098910355,15.996173446092504,-11.50153644494306,-15.978254560029725,,"Denzel Clarke","29858",672016
"Marcell Ozuna ","PIT","DH",377.510009765625,525,-4.17052115410076,-5.35500540209534,-8.13302453997636,-5.9165748279738,-2.17194068766808,-25.7470666118144,13.02649879631637,-11.720567815497953,-16.275719626207046,,"Marcell Ozuna","10324",542303
"Carter Jensen ","KCR","C/DH",999,401,-3.42878941416998,-12.6062754790084,-11.0789496498534,-4.96932142460932,-7.14765935690242,-39.2309953245435,26.413558017798223,-11.817437306745267,-16.407277446219062,,"Carter Jensen","29478",695600
"Connor Norby ","MIA","3B",728.1400146484375,497,-4.83047673200936,-8.61807693670621,-11.0789496498534,-2.1275612145159,-5.28176485593954,-31.9368293890243,18.884985959350516,-12.051843429673866,-16.725622862643554,,"Connor Norby","29592",681393
"Bo Naylor ","CLE","C",574.2899780273438,454,-8.30713104923741,-10.4308944559345,-11.9206425383896,-3.54844131956261,-5.28176485593954,-39.4888742190637,26.413558017798223,-12.075316201265473,-16.757501079618475,,"Bo Naylor","21865",666310
"Dillon Dingler ","DET","C",254.6199951171875,429,-3.90365938007069,-11.1560214636258,-12.762335426926,-5.9165748279738,-5.90372968959384,-39.6423207881901,26.413558017798223,-12.228762770391825,-16.96589585760948,,"Dillon Dingler","27464",693307
"Edgar Quero ","CHW","C/DH",475.1000061035156,483,-2.98985045056594,-11.5185849674715,-11.9206425383896,-5.9165748279738,-7.76962419055671,-40.1152769749576,26.413558017798223,-12.701718957159322,-17.608214549399374,,"Edgar Quero","28022",700337
"Lourdes Gurriel Jr. ","ARI","OF",689.0700073242188,476,-0.404082482979895,-8.61807693670621,-11.0789496498534,-3.07481461788037,-6.52569452324813,-29.7016182106679,15.996173446092504,-12.705444764575475,-17.613274543987373,,"Lourdes Gurriel Jr.","19238",666971
"Harrison Bader ","SFG","OF",554.3099975585938,518,-4.79934496782373,-9.34320394439755,-9.81641031704891,0.714198995577524,-6.52569452324813,-29.7704547569408,15.996173446092504,-12.774281310848279,-17.70676100549553,,"Harrison Bader","18030",664056
"Andrew Benintendi ","CHW","OF/DH",735.8099975585938,518,-2.24470876442331,-8.25551343286056,-8.97471742851264,-4.49569472292709,-5.90372968959384,-29.8743640383174,15.996173446092504,-12.878190592224934,-17.847879518258512,,"Andrew Benintendi","17901",643217
"Yoán Moncada ","LAA","3B",746.1500244140625,455,-3.55811570902356,-8.98064044055187,-10.237256761317,-5.44294812629156,-4.65980002228525,-32.8787610594693,18.884985959350516,-12.993775100118802,-18.004854079494272,,"Yoan Moncada","17232",660162
"Lars Nootbaar ","STL","OF",745.989990234375,497,-4.1558077585609,-8.98064044055187,-8.13302453997636,-3.54844131956261,-5.28176485593954,-30.0996789145913,15.996173446092504,-13.103505468498769,-18.153878172294846,,"Lars Nootbaar","21454",663457
"Victor Scott II ","STL","OF",391.1300048828125,574,-11.0663654982966,-12.6062754790084,-8.97471742851264,12.0812398359512,-9.63551869151956,-30.201637261386,15.996173446092504,-13.205463815293532,-18.292347133612115,,"Victor Scott II","31349",687363
"Jonathan India ","KCR","2B/3B/OF/DH",607.719970703125,497,-1.62409413502323,-9.70576744824317,-7.71217809570822,-4.02206802124484,-7.14765935690242,-30.2117670571219,15.881529685493165,-13.330237371628721,-18.46180128120019,,"Jonathan India","21523",663697
"Kyle Manzardo ","CLE","1B/DH",253.4600067138672,518,-6.67931219777567,-4.99244189824968,-8.13302453997636,-5.44294812629156,-2.17194068766808,-27.4196674499614,13.02649879631637,-13.393168653644983,-18.54726784209586,,"Kyle Manzardo","29794",700932
"Ke'Bryan Hayes ","CIN","3B",999,539,-4.76821320363809,-10.4308944559345,-9.39556387278078,-0.706681109469187,-8.391589024211,-33.6929416660335,18.884985959350516,-13.80795570668303,-19.11058741530985,,"Ke'Bryan Hayes","18577",663647
"Austin Hays ","CHW","OF/DH",572.469970703125,483,-3.49585218065229,-8.61807693670621,-10.237256761317,-3.54844131956261,-5.28176485593954,-31.1813920541778,15.996173446092504,-14.185218608085231,-19.62294568457306,,"Austin Hays","19363",669720
"Chase DeLauter ","CLE","DH/OF",999,497,-2.13009586510958,-8.61807693670621,-9.81641031704891,-4.96932142460932,-5.90372968959384,-31.4376342330679,15.996173446092504,-14.441460786975385,-19.970946505222074,,"Chase DeLauter","32127",800050
"Moisés Ballesteros ","CHC","C/1B/DH",594.3599853515625,389,-0.897075790632315,-12.6062754790084,-14.8665676482666,-5.9165748279738,-7.76962419055671,-42.0561179364379,26.413558017798223,-14.64255991863966,-20.244057915506215,,"Moises Ballesteros","28820",694208
"Isaac Collins ","KCR","OF",666.1699829101562,448,-2.90636931543785,-12.9688389828541,-8.13302453997636,1.66145239894199,-9.63551869151956,-31.9822991308458,15.996173446092504,-14.986125684753347,-20.710652326591525,,"Isaac Collins","25477",686555
"Sean Murphy ","ATL","C",746.0599975585938,383,-5.70014547489454,-11.1560214636258,-14.4457212039985,-5.9165748279738,-5.28176485593954,-42.5002278264322,26.413558017798223,-15.086669808633957,-20.84720064105496,,"Sean Murphy","19352",669221
"Lane Thomas ","KCR","OF",726.6699829101562,420,-3.56632489334646,-11.1560214636258,-12.3414889826578,1.66145239894199,-7.14765935690242,-32.5500422975905,15.996173446092504,-15.55386885149796,-21.48170059351128,,"Lane Thomas","16939",657041
"Parker Meadows ","DET","OF",745.6900024414062,448,-5.65259534206313,-12.2437119751627,-7.71217809570822,-0.233054407786951,-7.14765935690242,-32.9891991776235,15.996173446092504,-15.993025731530945,-22.078116668753335,,"Parker Meadows","23800",678009
"Nolan Gorman ","STL","2B/3B/DH",653.1400146484375,532,-10.9828843631686,-6.08013240978664,-9.81641031704891,-4.49569472292709,-1.54997585401379,-32.925097666945,15.881529685493165,-16.043567981451798,-22.146757766507363,,"Nolan Gorman","22263",669357
"J.P. Crawford ","SEA","SS",748.5399780273438,588,-5.85719358772191,-8.61807693670621,-5.6079458743675,-3.54844131956261,-8.391589024211,-32.0232467425692,14.77109801783091,-16.252148724738323,-22.430029904410965,,"J.P. Crawford","15491",641487
"Brett Baty ","NYM","2B/3B",292.9200134277344,434,-2.36923582116587,-9.70576744824317,-11.9206425383896,-4.96932142460932,-4.65980002228525,-33.6247672546933,15.881529685493165,-16.743237569200094,-23.09697443955533,,"Brett Baty","26123",683146
"Carson Williams ","TBR","SS",724.5499877929688,469,-10.8077129085895,-10.0683309520888,-8.5538709842445,0.714198995577524,-4.03783518863096,-32.7535510379762,14.77109801783091,-16.982453020145286,-23.42185137278081,,"Carson Williams","30038",700246
"Jake Meyers ","HOU","OF",738.1500244140625,469,-2.82118320720383,-11.8811484713171,-10.6581032055853,-0.233054407786951,-8.391589024211,-33.9850783161041,15.996173446092504,-16.988904870011595,-23.43061358772101,,"Jake Meyers","20308",676694
"Spencer Horwitz ","PIT","1B",738.1500244140625,497,-0.235415239617779,-8.61807693670621,-8.97471742851264,-5.44294812629156,-7.76962419055671,-31.0407819216849,13.02649879631637,-17.01428312536854,-23.465079629686112,,"Spencer Horwitz","26477",687462
"Freddy Fermin ","SDP","C",735.3099975585938,480,-5.85889856082784,-12.2437119751627,-13.6040283154622,-4.96932142460932,-7.76962419055671,-44.4455844666189,26.413558017798223,-17.032026448820623,-23.489176720762647,,"Freddy Fermin","21840",666023
"Mike Yastrzemski ","ATL","OF",656.0999755859375,476,-7.86168787441641,-8.61807693670621,-8.97471742851264,-4.02206802124484,-4.65980002228525,-34.1363502831654,15.996173446092504,-17.140176837072865,-23.636055052925993,,"Mike Yastrzemski","14854",573262
"Josh Smith ","TEX","1B/3B/SS",428.9100036621094,504,-4.05590825478703,-10.7934579597801,-8.13302453997636,-1.65393451283366,-8.391589024211,-33.0279142915881,14.77109801783091,-17.256816273757266,-23.794462306025462,,"Josh Smith","26396",669701
"Chase Meidroth ","CHW","2B/SS",646.8699951171875,560,-3.16502190514503,-12.2437119751627,-7.29133165144007,-0.706681109469187,-9.63551869151956,-33.0422653327367,14.77109801783091,-17.271167314905707,-23.813952360779346,,"Chase Meidroth","31580",805367
"Patrick Bailey ","SFG","C",747.8900146484375,525,-9.57128288790027,-11.1560214636258,-11.0789496498534,-5.44294812629156,-7.76962419055671,-45.0188263182277,26.413558017798223,-17.60526830042951,-24.26769271549186,,"Patrick Bailey","27478",672275
"Victor Caratini ","MIN","C/DH",681.02001953125,400,-2.33159984576327,-14.056529494391,-15.2874140925348,-5.44294812629156,-8.391589024211,-45.5100805831916,26.413558017798223,-18.096522565393414,-24.934861907134014,,"Victor Caratini","14968",605170
"Dominic Canzone ","SEA","OF",477.1600036621094,420,-3.17493606257384,-9.70576744824317,-13.6040283154622,-4.02206802124484,-4.65980002228525,-35.1665998698094,15.996173446092504,-18.17042642371684,-25.035230251865833,,"Dominic Canzone","26438",686527
"Cedric Mullins ","TBR","OF",321.5,476,-8.59041119191326,-11.8811484713171,-11.4997960941215,4.50321260903542,-7.76962419055671,-35.2377673388732,15.996173446092504,-18.241593892780646,-25.131882324311466,,"Cedric Mullins","17929",656775
"Gavin Sheets ","SDP","OF/DH",684.8099975585938,490,-5.46750973005523,-8.61807693670621,-11.0789496498534,-4.96932142460932,-5.90372968959384,-36.0375874308179,15.996173446092504,-19.04141398472545,-26.21811273951441,,"Gavin Sheets","19901",657757
"Kyle Isbel ","KCR","OF",999,490,-4.37032016164851,-12.9688389828541,-8.13302453997636,-1.65393451283366,-9.63551869151956,-36.7616368888322,15.996173446092504,-19.76546344273967,-27.201439554290815,,"Kyle Isbel","21614",664728
"Jared Triolo ","PIT","1B/3B/SS",735.5399780273438,504,-5.19894298291923,-11.8811484713171,-9.81641031704891,0.240572293895286,-9.0135538578653,-35.6694833352553,14.77109801783091,-19.898385317424356,-27.381959879526985,,"Jared Triolo","25807",669707
"Owen Caissie ","MIA","OF/DH",528.5,420,-2.69185691235024,-10.7934579597801,-11.9206425383896,-4.96932142460932,-6.52569452324813,-36.9009733583775,15.996173446092504,-19.90479991228497,-27.390671498688565,,"Owen Caissie","27496",683357
"Carlos Narváez ","BOS","C",443.010009765625,423,-6.75799409479274,-12.9688389828541,-14.8665676482666,-4.96932142460932,-7.76962419055671,-47.3323463410795,26.413558017798223,-19.918788323281255,-27.409669067813862,,"Carlos Narvaez","19722",665966
"Kyle Teel ","CHW","C",266.8800048828125,374,-3.68264276576612,-15.144220005928,-16.1291069810711,-4.02206802124484,-8.391589024211,-47.3696267982211,26.413558017798223,-19.95606878042281,-27.460299411872064,,"Kyle Teel","33549",691019
"Luis Rengifo ","MIL","2B/3B",644.9299926757812,441,-2.29225889725474,-13.3314024866997,-12.3414889826578,-0.706681109469187,-8.391589024211,-37.0634205002924,15.881529685493165,-20.18189081479926,-27.766986833997528,,"Luis Rengifo","19858",650859
"Gabriel Arias ","CLE","2B/SS",748.3800048828125,462,-5.76720824137686,-10.7934579597801,-11.0789496498534,-1.18030781115142,-7.14765935690242,-35.9675830190642,14.77109801783091,-20.196485001233285,-27.786807102767266,,"Gabriel Arias","22563",672356
"Jake McCarthy ","COL","OF",506.760009765625,350,2.25525246230543,-16.9570375251562,-13.1831818711941,0.714198995577524,-10.2574835251739,-37.4282514636413,15.996173446092504,-20.43207801754875,-28.106764431307248,,"Jake McCarthy","21622",664983
"Carson Benge ","NYM","OF",999,413,-3.76612390089421,-12.6062754790084,-11.0789496498534,-3.07481461788037,-7.14765935690242,-37.6738230045388,15.996173446092504,-20.677649558446266,-28.440273528562514,,"Carson Benge","35177",701807
"Joc Pederson ","TEX","DH",999,420,-4.32617997502894,-10.0683309520888,-11.4997960941215,-4.96932142460932,-4.03783518863096,-34.9014636344795,13.02649879631637,-20.874964838163194,-28.708246114361966,,"Joc Pederson","11899",592626
"Brayan Rocchio ","CLE","2B/SS",999,504,-5.65909955328009,-11.5185849674715,-10.237256761317,-0.233054407786951,-9.0135538578653,-36.6615495477208,14.77109801783091,-20.890451529889937,-28.7292784887095,,"Brayan Rocchio","23690",677587
"Luisangel Acuña ","CHW","2B",395.510009765625,427,-1.97784699039325,-15.5067835097736,-14.8665676482666,5.4504660123999,-10.8794483588281,-37.7801804948618,15.881529685493165,-20.89865080936865,-28.740413876332575,,"Luisangel Acuna","26548",682668
"Garrett Mitchell ","MIL","OF",691.1699829101562,378,-3.31417651485625,-14.4190929982367,-12.762335426926,0.240572293895286,-7.76962419055671,-38.0246568366802,15.996173446092504,-21.028483390587777,-28.916738652397655,,"Garrett Mitchell","27555",669003
"Carson Kelly ","CHC","C",591.9099731445312,373,-4.9714221573977,-14.4190929982367,-16.1291069810711,-5.44294812629156,-7.76962419055671,-48.7321944535538,26.413558017798223,-21.318636435755504,-29.917133925142046,3,"Carson Kelly","13620",608348
"Joey Loperfido ","HOU","OF",746.02001953125,427,-4.87802686484078,-11.5185849674715,-12.762335426926,-2.1275612145159,-7.14765935690242,-38.4341678306565,15.996173446092504,-21.43799438456398,-29.47289284444268,,"Joey Loperfido","29630",694388
"Ryan McMahon ","NYY","3B",732.8599853515625,490,-10.1706799105436,-9.70576744824317,-11.9206425383896,-4.96932142460932,-4.65980002228525,-41.426211344071,18.884985959350516,-21.541225384720462,-29.613090187934187,,"Ryan McMahon","15112",641857
"Lenyn Sosa ","CHW","1B/2B",487.05999755859375,427,-1.73220282312,-10.7934579597801,-14.8665676482666,-5.44294812629156,-5.90372968959384,-38.7389062470522,15.881529685493165,-21.85737656155903,-30.678726272586655,2,"Lenyn Sosa","22896",672820
"Nick Gonzales ","PIT","2B",999,434,-0.857734842123786,-12.2437119751627,-10.6581032055853,-5.44294812629156,-9.63551869151956,-38.8380168406829,15.881529685493165,-21.95648715518974,-30.177054471774508,,"Nick Gonzales","27490",693304
"Trevor Larnach ","MIN","OF/DH",748.52001953125,413,-3.20606782675948,-11.8811484713171,-13.1831818711941,-4.49569472292709,-6.52569452324813,-39.2917874154459,15.996173446092504,-22.295613969353365,-30.637620371362868,,"Trevor Larnach","21501",663616
"Alek Thomas ","ARI","OF",746.030029296875,420,-2.90636931543785,-13.3314024866997,-12.3414889826578,-2.60118791619813,-8.391589024211,-39.5720377252045,15.996173446092504,-22.575864279111993,-31.01822647690551,,"Alek Thomas","23792",677950
"Dylan Beavers ","BAL","OF",505.0400085449219,371,-3.245408775268,-14.056529494391,-13.1831818711941,-0.706681109469187,-8.391589024211,-39.5833902745333,15.996173446092504,-22.587216828440795,-31.03364429960743,,"Dylan Beavers","31695",687637
"Danny Jansen ","TEX","C",999,352,-6.65979956412478,-14.4190929982367,-17.3916463138755,-5.9165748279738,-7.14765935690242,-51.5347730611132,26.413558017798223,-24.12121504331497,-33.11695720290261,,"Danny Jansen","16535",643376
"Ha-Seong Kim ","ATL","SS",748.3800048828125,413,-3.88894598453084,-14.4190929982367,-13.6040283154622,1.18782569725976,-9.63551869151956,-40.3597602924896,14.77109801783091,-24.588662274658642,-33.751794218503555,,"Ha-Seong Kim","27506",673490
"Pavin Smith ","ARI","1B/DH",999,455,-5.77541742569975,-10.7934579597801,-11.0789496498534,-4.96932142460932,-6.52569452324813,-39.1428409831907,13.02649879631637,-25.116342186874327,-34.46843284250533,,"Pavin Smith","19892",656976
"Christopher Morel ","MIA","OF",999,350,-4.02818643681324,-13.3314024866997,-15.2874140925348,-3.07481461788037,-6.52569452324813,-42.2475121571762,15.996173446092504,-25.251338711083747,-34.65177073563877,,"Christopher Morel","21897",666624
"Paul Goldschmidt ","NYY","1B",748.3599853515625,385,-2.82288818030976,-11.1560214636258,-14.8665676482666,-4.02206802124484,-6.52569452324813,-39.3932398366952,13.02649879631637,-25.366741040378802,-34.80849788131568,,"Paul Goldschmidt","9218",502671
"Griffin Conine ","MIA","OF",999,399,-5.96050303770764,-11.8811484713171,-14.0248747597304,-5.9165748279738,-5.28176485593954,-43.0648659526685,15.996173446092504,-26.068692506575946,-35.76181355850207,,"Griffin Conine","21626",665052
"Keibert Ruiz ","WSN","C",720.3499755859375,320,-0.990471083189229,-16.9570375251562,-20.3375714237526,-5.44294812629156,-10.2574835251739,-53.9855116835634,26.413558017798223,-26.57195366576521,-36.44528923435368,,"Keibert Ruiz","19610",660688
"Zach McKinstry ","DET","3B/SS/OF",510.30999755859375,378,-4.31146657948909,-15.8693470136192,-12.3414889826578,-0.233054407786951,-9.63551869151956,-42.3908756750726,14.77109801783091,-26.61977765724179,-37.443256454311744,3,"Zach McKinstry","19392",656716
"Cole Young ","SEA","2B",704.2899780273438,434,-5.53798244274939,-14.056529494391,-11.4997960941215,-3.54844131956261,-9.0135538578653,-43.6563032086898,15.881529685493165,-26.77477352319666,-36.72073755100382,,"Cole Young","31680",702284
"Miguel Andujar ","SDP","3B/OF/DH",722.9099731445312,357,0.48339392045025,-15.144220005928,-16.9707998696074,-5.44294812629156,-9.63551869151956,-46.7100927728962,18.884985959350516,-26.825106813545734,-36.78909486213545,,"Miguel Andujar","15878",609280
"Tommy Edman ","LAD","2B/OF",730.1199951171875,406,-5.05490329252579,-13.3314024866997,-14.4457212039985,-2.1275612145159,-9.0135538578653,-43.9731420556052,15.881529685493165,-27.09161237011204,-37.1510343086165,,"Tommy Edman","19470",669242
"Max Muncy ","ATH","2B/3B",672.719970703125,406,-4.90915862902642,-12.2437119751627,-14.8665676482666,-4.49569472292709,-7.76962419055671,-44.2847571659396,15.881529685493165,-27.403227480446454,-37.57423674387793,,"Max Muncy","29779",691777
"Luke Raley ","SEA","1B/OF",748.25,350,-5.12537600521996,-13.6939659905454,-15.708260536803,-3.54844131956261,-6.52569452324813,-44.601738375379,15.996173446092504,-27.605564929286498,-37.84902990458762,,"Luke Raley","19354",670042
"Pedro Pagés ","STL","C",748.2899780273438,358,-5.92286706230504,-16.231910517465,-18.2333392024118,-5.9165748279738,-9.0135538578653,-55.3182454680209,26.413558017798223,-27.904687450222657,-38.25526623621437,,"Pedro Pages","25782",686780
"Jake Mangum ","PIT","OF",672.4199829101562,371,0.828937591497372,-17.3196010290019,-16.5499534253392,0.714198995577524,-12.7453428597911,-45.0717607270572,15.996173446092504,-28.07558728096478,-38.48736417420659,,"Jake Mangum","26202",663968
"Jake Fraley ","TBR","OF",999,406,-4.86331346930093,-15.144220005928,-15.708260536803,0.240572293895286,-9.63551869151956,-45.1107404096562,15.996173446092504,-28.114566963563647,-38.54030222520114,,"Jake Fraley","19260",641584
"Mauricio Dubón ","ATL","2B/3B/SS/OF",743.3800048828125,448,-1.38665915207288,-13.6939659905454,-14.0248747597304,-4.49569472292709,-10.8794483588281,-44.4806429841038,14.77109801783091,-28.709544966272954,-39.348337944018965,,"Mauricio Dubon","16530",643289
"Spencer Steer ","CIN","1B",335.70001220703125,371,-3.97413209276486,-13.3314024866997,-14.8665676482666,-3.54844131956261,-7.14765935690242,-42.8682029041963,13.02649879631637,-28.841704107879885,-40.61917905412679,2,"Spencer Steer","26323",668715
"Javier Báez ","DET","3B/SS/OF",740.6500244140625,448,-6.86439780978357,-12.9688389828541,-14.0248747597304,-3.07481461788037,-7.76962419055671,-44.7025503608051,14.77109801783091,-28.931452342974172,-39.64970889525958,,"Javier Baez","12979",595879
"José Caballero ","NYY","2B/3B/SS/OF",200.02999877929688,308,-5.72477302786322,-18.4072915405389,-19.0750320909481,9.23947962585783,-10.8794483588281,-44.8470653923205,14.77109801783091,-29.075967374489636,-40.95476683688352,7,"Jose Caballero","23401",676609
"Edouard Julien ","COL","1B/2B",746.0499877929688,378,-3.65972018590338,-14.7816565020823,-15.2874140925348,-4.49569472292709,-7.76962419055671,-45.9941096940042,15.881529685493165,-29.112580008511127,-39.89569718853006,,"Edouard Julien","27534",666397
"Nick Castellanos ","SDP","OF",631.0399780273438,371,-3.7743330852171,-13.3314024866997,-16.5499534253392,-4.96932142460932,-7.76962419055671,-46.3946346124221,15.996173446092504,-29.398461166329568,-40.28395051185025,,"Nick Castellanos","11737",592206
"Kyle Higashioka ","TEX","C/DH",999,282,-4.850305046867,-16.9570375251562,-21.1792643122888,-5.44294812629156,-8.391589024211,-56.8211440348146,26.413558017798223,-29.407586017016392,-40.2963429116537,,"Kyle Higashioka","5517",543309
"Will Benson ","CIN","OF",999,315,-5.08774002981736,-15.5067835097736,-16.5499534253392,-2.1275612145159,-7.14765935690242,-46.4196975363485,15.996173446092504,-29.423524090256034,-40.317988304270095,,"Will Benson","21853",666181
"Miguel Amaya ","CHC","C",745.969970703125,291,-3.73019289859754,-18.0447280366932,-19.9167249794844,-5.9165748279738,-9.63551869151956,-57.2437394342685,26.413558017798223,-29.830181416470293,-40.87026694886498,,"Miguel Amaya","21693",665804
"Gavin Lux ","TBR","OF/DH",745.989990234375,399,-2.72298867653588,-15.144220005928,-13.6040283154622,-5.44294812629156,-10.2574835251739,-47.1716686493916,15.996173446092504,-30.175495203299022,-41.33923533540579,,"Gavin Lux","19955",666158
"CJ Kayfus ","CLE","OF",999,364,-4.36552092353747,-14.7816565020823,-14.4457212039985,-5.44294812629156,-8.391589024211,-47.4274357801209,15.996173446092504,-30.43126233402836,-41.686590996266794,,"CJ Kayfus","33704",692216
"TJ Rumfield ","COL","1B",999,420,-1.44892268044416,-13.6939659905454,-15.2874140925348,-5.9165748279738,-8.391589024211,-44.7384666157091,13.02649879631637,-30.71196781939275,-42.067815272810904,,"TJ Rumfield","29805",681198
"Graham Pauley ","MIA","3B",999,329,-4.20506286449824,-15.8693470136192,-18.2333392024118,-4.02206802124484,-8.391589024211,-50.7214061259852,18.884985959350516,-30.83642016663467,-42.23683318843849,,"Graham Pauley","31363",688363
"Jacob Young ","WSN","OF",746.0700073242188,385,-3.94300032857922,-18.4072915405389,-16.9707998696074,3.55595920567095,-12.1233780261367,-47.8885105591912,15.996173446092504,-30.89233711309876,-42.3127736262773,,"Jacob Young","29931",696285
"Nasim Nuñez ","WSN","2B/SS/OF",583.0999755859375,378,-7.0888243703,-19.1324185482301,-18.65418564668,9.71310632754006,-11.5014131924825,-46.6637354301525,14.77109801783091,-30.892637412321633,-42.313181460680106,,"Nasim Nunez","25979",683083
"Zach Cole ","HOU","OF",743.5999755859375,322,-7.10524273894578,-15.5067835097736,-16.1291069810711,-1.65393451283366,-7.76962419055671,-48.1646919331809,15.996173446092504,-31.16851848708837,-42.687853736868924,,"Zach Cole","31583",805904
"George Valera ","CLE","OF/DH",748.3099975585938,392,-7.03477002625161,-13.3314024866997,-15.2874140925348,-5.44294812629156,-7.14765935690242,-48.2441940886801,15.996173446092504,-31.248020642587605,-42.79582509223645,,"George Valera","22541",671655
"Rhys Hoskins ","CLE","1B",737.989990234375,399,-6.911947942615,-12.2437119751627,-15.2874140925348,-4.96932142460932,-5.90372968959384,-45.3161251245157,13.02649879631637,-31.289626328199326,-42.85232950068027,,"Rhys Hoskins","16472",656555
"Joey Bart ","PIT","C",999,282,-3.51568049550993,-18.7698550443845,-20.3375714237526,-5.9165748279738,-10.2574835251739,-58.7971653167947,26.413558017798223,-31.383607298996424,-42.97996444003505,,"Joey Bart","21524",663698
"Matt Shaw ","CHC","3B",336.67999267578125,259,-2.30387802778948,-18.4072915405389,-19.4958785352162,-1.65393451283366,-9.63551869151956,-51.4965013078978,18.884985959350516,-31.611515348547314,-43.28948486567202,,"Matt Shaw","33322",807713
"Henry Davis ","PIT","C",999,256,-3.81537900683156,-19.1324185482301,-21.6001107565569,-4.49569472292709,-10.2574835251739,-59.3010865597196,26.413558017798223,-31.887528541921434,-43.66433657127401,,"Henry Davis","29617",680779
"Brooks Baldwin ","CHW","OF",748.22998046875,315,-2.21048273523257,-16.231910517465,-19.0750320909481,-3.07481461788037,-8.391589024211,-48.983828985737,15.996173446092504,-31.987655539644486,-43.80031838944174,,"Brooks Baldwin","31394",681460
"Liam Hicks ","MIA","C/1B/DH",748.5399780273438,318,-3.38464922755041,-19.1324185482301,-19.4958785352162,-5.9165748279738,-11.5014131924825,-59.430934331453,26.413558017798223,-32.01737631365485,-43.84068197747682,,"Liam Hicks","29844",689414
"Wenceel Pérez ","DET","OF",748.5399780273438,301,-2.53310382641694,-17.6821645328475,-16.5499534253392,-2.60118791619813,-10.2574835251739,-49.6238932259758,15.996173446092504,-32.62771977988324,-44.66958543140933,,"Wenceel Perez","22857",672761
"Nick Fortes ","TBR","C",999,314,-4.98784052604348,-18.4072915405389,-20.3375714237526,-5.44294812629156,-10.8794483588281,-60.0550999754546,26.413558017798223,-32.641541957656365,-44.68835724028576,,"Nick Fortes","21538",663743
"Jonny DeLuca ","TBR","OF/DH",999,301,-3.79896063818577,-17.3196010290019,-18.2333392024118,-1.65393451283366,-9.0135538578653,-50.0193892402984,15.996173446092504,-33.02321579420593,-45.20670597161014,,"Jonny DeLuca","26365",676356
"Christian Moore ","LAA","2B",748.3499755859375,336,-4.9337861819951,-16.231910517465,-16.5499534253392,-4.02206802124484,-8.391589024211,-50.1293071702551,15.881529685493165,-33.24777748476195,-45.51168172906856,,"Christian Moore","34979",695681
"Davis Schneider ","TOR","2B/OF",999,322,-6.20785217808682,-15.144220005928,-17.3916463138755,-4.49569472292709,-7.14765935690242,-50.3870725777198,15.881529685493165,-33.50554289222665,-45.86175123644306,,"Davis Schneider","23565",676914
"Tyler Freeman ","COL","OF/DH",745.8599853515625,280,1.67056883520202,-19.4949820520758,-19.4958785352162,-1.18030781115142,-12.1233780261367,-50.6239775893782,15.996173446092504,-33.627804143285715,-46.02779343873157,,"Tyler Freeman","22532",671289
"Matt Vierling ","DET","OF",999,322,-2.35622739873194,-16.9570375251562,-17.3916463138755,-4.49569472292709,-9.63551869151956,-50.8361246522104,15.996173446092504,-33.83995120611788,-46.315908971793434,,"Matt Vierling","21558",663837
"Oswald Peraza ","LAA","3B",999,273,-3.78424724264592,-18.4072915405389,-20.7584178680207,-1.18030781115142,-9.63551869151956,-53.7657831538765,18.884985959350516,-33.880797194525954,-46.3713816404532,,"Oswald Peraza","22823",672724
"Jose Trevino ","CIN","C",999,282,-3.4387035715988,-19.1324185482301,-22.0209572008251,-5.9165748279738,-10.8794483588281,-61.388102507456,26.413558017798223,-33.97454448965781,-46.49869922642134,,"Jose Trevino","16725",624431
"Jake Bauers ","MIL","1B/OF",999,294,-5.38743854113898,-16.5944740213106,-18.65418564668,-2.60118791619813,-7.76962419055671,-51.0069103158844,15.996173446092504,-34.01073686979187,-46.547851860240044,,"Jake Bauers","15194",641343
"Joe Mack ","MIA","C",999,250,-4.37543508096629,-19.1324185482301,-22.8626500893614,-5.44294812629156,-9.63551869151956,-61.448970536369,26.413558017798223,-34.035412518570766,-46.58136369682486,,"Joe Mack","sa3017374",691788
"Victor Robles ","SEA","OF",727.5399780273438,294,-3.60737081496091,-18.4072915405389,-19.9167249794844,1.66145239894199,-11.5014131924825,-51.7713481285246,15.996173446092504,-34.775174682432116,-47.586029834241664,,"Victor Robles","18363",645302
"Travis d'Arnaud ","LAA","C",999,231,-4.28374476151531,-19.4949820520758,-23.7043429778977,-5.9165748279738,-9.63551869151956,-63.0351633109822,26.413558017798223,-35.621605293183954,-48.73556168898895,,"Travis d'Arnaud","7739",518595
"Connor Wong ","BOS","C",999,211,-1.51459615502728,-20.9452360674584,-24.1251894221658,-4.96932142460932,-11.5014131924825,-63.0557562617434,26.413558017798223,-35.6421982439451,-48.7635288402031,,"Connor Wong","19896",657136
"Harry Ford ","WSN","C/DH",725.52001953125,224,-3.19476437743148,-21.3077995713041,-23.2834965336295,-4.02206802124484,-11.5014131924825,-63.3095416960924,26.413558017798223,-35.895983678294186,-49.10819317222202,,"Harry Ford","29958",695670
"Hunter Feduccia ","TBR","C",999,262,-5.37272514559913,-19.8575455559215,-20.7584178680207,-5.9165748279738,-11.5014131924825,-63.4066765899976,26.413558017798223,-35.99311857219931,-49.24011143384095,,"Hunter Feduccia","23372",676439
"Sam Haggerty ","TEX","OF",999,280,-3.39285841187331,-19.4949820520758,-19.4958785352162,0.714198995577524,-11.5014131924825,-53.1709331960703,15.996173446092504,-36.1747597499778,-49.486797124714926,,"Sam Haggerty","18054",664059
"Ramón Urías ","STL","2B/3B",999,315,-2.04181549187045,-16.9570375251562,-19.0750320909481,-5.44294812629156,-9.63551869151956,-53.152351925786,15.881529685493165,-36.27082224029277,-49.61725896205953,,"Ramon Urias","18795",602104
"Luis Torrens ","NYM","C",999,218,-3.09486487365761,-20.2201090597671,-23.7043429778977,-5.9165748279738,-10.8794483588281,-63.8153400981244,26.413558017798223,-36.40178208032615,-49.79511466091861,,"Luis Torrens","15905",620443
"Austin Martin ","MIN","OF",748.5599975585938,329,-3.01618297664054,-18.7698550443845,-18.2333392024118,-0.706681109469187,-12.7453428597911,-53.4714011926971,15.996173446092504,-36.475227746604595,-49.89486073804266,,"Austin Martin","27462",668885
"Nathan Lukes ","TOR","OF",999,294,-0.684268360650634,-17.6821645328475,-19.4958785352162,-4.96932142460932,-10.8794483588281,-53.711081212152,15.996173446092504,-36.71490776605942,-50.220368598710685,,"Nathan Lukes","18123",664770
"Heriberto Hernández ","MIA","OF/DH",999,301,-5.01897229022911,-16.231910517465,-18.65418564668,-5.44294812629156,-8.391589024211,-53.7396056048765,15.996173446092504,-36.74343215878406,-50.25910738917714,,"Heriberto Hernandez","24878",681715
"Dane Myers ","CIN","OF",999,280,-3.27003632823668,-18.7698550443845,-21.1792643122888,-1.18030781115142,-9.63551869151956,-54.034982187581,15.996173446092504,-37.038808741488516,-50.66025638668748,,"Dane Myers","22054",667472
"Starling Marte ","KCR","DH",999,273,0.404712023433191,-18.7698550443845,-19.9167249794844,-2.1275612145159,-10.8794483588281,-51.2888775737798,13.02649879631637,-37.262378777463404,-50.96388538457054,,"Starling Marte","9241",516782
"Andy Ibáñez ","ATH","3B",999,266,-2.08115644037898,-18.7698550443845,-21.1792643122888,-4.49569472292709,-10.8794483588281,-57.4054188788075,18.884985959350516,-37.52043291945705,-51.31434702041294,,"Andy Ibanez","18819",628451
"Kody Clemens ","MIN","1B/2B/OF",700.7000122070312,252,-3.27824551255958,-17.6821645328475,-20.3375714237526,-4.96932142460932,-8.391589024211,-54.65889191798,15.881529685493165,-37.77736223248681,-51.6632810334252,,"Kody Clemens","20572",665019
"Sung-Mun Song ","SDP","2B/3B",999,287,-2.19576933969271,-18.4072915405389,-19.9167249794844,-3.54844131956261,-10.8794483588281,-54.9476755381067,15.881529685493165,-38.06614585261357,-52.05547617174856,,"Sung-Mun Song","sa3012529",823550
"Yohel Pozo ","STL","C",999,172,0.0345407994173946,-21.6703630751497,-26.6502680877746,-5.9165748279738,-11.5014131924825,-65.7040783839632,26.413558017798223,-38.29052036616506,-52.36019772534616,,"Yohel Pozo","18848",650968
"Rob Refsnyder ","SEA","OF/DH",999,266,-3.15542342892295,-17.6821645328475,-20.3375714237526,-4.96932142460932,-9.63551869151956,-55.779999501652,15.996173446092504,-38.783826055559445,-53.03015294303755,,"Rob Refsnyder","13770",608701
"Amed Rosario ","NYY","3B",999,224,0.0738817479259236,-20.5826725636128,-22.0209572008251,-4.02206802124484,-12.1233780261367,-58.6751940638935,18.884985959350516,-38.79020810454304,-53.038820361857255,,"Amed Rosario","15518",642708
"Jake Rogers ","DET","C",999,192,-3.78595221575185,-21.3077995713041,-24.546035866434,-5.9165748279738,-10.8794483588281,-66.4358108402918,26.413558017798223,-39.02225282249365,-53.35395876968627,,"Jake Rogers","19452",668670
"Otto Kemp ","PHI","3B",999,231,-2.84922070638436,-19.8575455559215,-21.6001107565569,-4.49569472292709,-10.2574835251739,-59.0600552669637,18.884985959350516,-39.175069307613235,-53.56149783472486,,"Otto Kemp","31792",805249
"James McCann ","ARI","C",999,213,-3.3634316207936,-20.9452360674584,-24.9668823107021,-5.9165748279738,-11.5014131924825,-66.6935380194104,26.413558017798223,-39.279980001612174,-53.70397635939483,,"James McCann","12859",543510
"Dalton Rushing ","LAD","C",745.8300170898438,168,-2.7968713354419,-21.6703630751497,-24.9668823107021,-6.39020152965603,-10.8794483588281,-66.703766609778,26.413558017798223,-39.290208591979734,-53.717867740811464,,"Dalton Rushing","31382",687221
"Blaze Alexander ","BAL","3B",745.9099731445312,259,-4.8126690714644,-19.1324185482301,-21.1792643122888,-4.02206802124484,-10.2574835251739,-59.4039034784021,18.884985959350516,-39.51891751905159,-54.02847583295105,,"Blaze Alexander","23789",677942
"Edmundo Sosa ","PHI","2B/3B",999,245,-1.28366538329389,-19.1324185482301,-20.7584178680207,-4.96932142460932,-10.2574835251739,-56.4013067493279,15.881529685493165,-39.519777063834766,-54.02964317507727,,"Edmundo Sosa","17022",624641
"Romy Gonzalez ","BOS","1B/2B",999,196,0.0885951434657786,-20.2201090597671,-22.8626500893614,-3.54844131956261,-10.2574835251739,-56.8000888503992,15.881529685493165,-39.918559164906064,-54.57122652811469,,"Romy Gonzalez","21562",663853
"José Tena ","WSN","3B",999,231,-1.62920905434101,-20.9452360674584,-22.8626500893614,-3.07481461788037,-11.5014131924825,-60.0133230215237,18.884985959350516,-40.128337062173166,-54.85612451297874,,"Jose Tena","23691",677588
"Ezequiel Duran ","TEX","1B/SS",999,245,-1.57515471029264,-19.1324185482301,-22.0209572008251,-2.60118791619813,-10.8794483588281,-56.2091667343742,14.77109801783091,-40.4380687165433,-55.27676903906195,,"Ezequiel Duran","23733",677649
"Tyrone Taylor ","NYM","OF",999,259,-4.15271349355579,-19.1324185482301,-20.7584178680207,-2.60118791619813,-10.8794483588281,-57.5241861848329,15.996173446092504,-40.52801273874043,-55.398921425029975,,"Tyrone Taylor","13675",621438
"Bryce Eldridge ","SFG","1B/DH",999,315,-5.98513059067632,-15.144220005928,-19.9167249794844,-5.9165748279738,-7.76962419055671,-54.7322745946192,13.02649879631637,-40.70577579830281,-55.64034026901861,,"Bryce Eldridge","33390",805811
"Ben Williamson ","TBR","3B",999,266,-2.49546785101434,-20.5826725636128,-21.6001107565569,-4.02206802124484,-12.1233780261367,-60.8236972185657,18.884985959350516,-40.93871125921517,-55.9566883890153,,"Ben Williamson","33197",810938
"Gary Sánchez ","MIL","C",999,150,-2.58235893235429,-22.395490082841,-26.2294216435065,-6.39020152965603,-10.8794483588281,-68.4769205471861,26.413558017798223,-41.06336252938785,-56.12597646056901,,"Gary Sanchez","11442",596142
"Ryan Ritter ","COL","2B/SS",999,259,-2.30387802778948,-19.4949820520758,-20.3375714237526,-4.49569472292709,-10.2574835251739,-56.8896097517188,14.77109801783091,-41.11851173388788,-56.20087423308746,,"Ryan Ritter","31500",690022
"David Hamilton ","MIL","2B",743.3300170898438,203,-4.12328670247608,-22.0329265789954,-23.7043429778977,3.08233250398871,-11.5014131924825,-58.2796369478629,15.881529685493165,-41.398107262369734,-56.58059108447746,,"David Hamilton","27531",666152
"Everson Pereira ","CHW","OF",999,224,-2.97204279002098,-19.4949820520758,-22.4418036450933,-4.49569472292709,-9.0135538578653,-58.4180770679825,15.996173446092504,-41.421903621889925,-56.612908764093476,,"Everson Pereira","23695",677592
"Drew Millas ","WSN","C/DH",999,154,-1.21660261681158,-24.2083076020693,-26.2294216435065,-4.49569472292709,-12.7453428597911,-68.8953694451056,26.413558017798223,-41.48181142730735,-56.694269161272594,,"Drew Millas","25643",686452
"Michael Massey ","KCR","2B",999,252,-1.47525520651876,-18.7698550443845,-22.4418036450933,-5.44294812629156,-10.2574835251739,-58.387345547462,15.881529685493165,-41.50581586196878,-56.726869426371714,,"Michael Massey","27684",686681
"Angel Martínez ","CLE","2B/OF",748.5800170898438,280,-3.56152565523542,-18.7698550443845,-20.7584178680207,-4.49569472292709,-10.8794483588281,-58.4649416493958,15.881529685493165,-41.58341196390269,-56.83225218290744,,"Angel Martinez","26540",682657
"Austin Wynns ","ATH","C",999,166,-2.40548250466928,-22.7580535866866,-26.2294216435065,-5.9165748279738,-12.1233780261367,-69.432910588973,26.413558017798223,-42.01935257117484,-57.42430025923125,,"Austin Wynns","15271",642851
"JJ Bleday ","CIN","OF",748.5800170898438,231,-3.26353211701972,-18.7698550443845,-22.0209572008251,-5.44294812629156,-9.63551869151956,-59.1328111800405,15.996173446092504,-42.136637733947985,-57.58358446869195,,"JJ Bleday","26368",668709
"Andrés Chaparro ","WSN","1B",999,259,-2.74111201828759,-17.6821645328475,-21.6001107565569,-5.9165748279738,-8.391589024211,-56.3315511598769,13.02649879631637,-42.30505236356053,-57.81230727134806,,"Andres Chaparro","21797",665953
"James Outman ","MIN","OF",999,210,-4.00046461883946,-19.8575455559215,-22.0209572008251,-4.02206802124484,-9.63551869151956,-59.5365540883505,15.996173446092504,-42.540380642257965,-58.131905061467286,,"James Outman","24770",681546
"Kyle Karros ","COL","3B",999,238,-1.21489764370565,-20.9452360674584,-22.4418036450933,-5.9165748279738,-12.1233780261367,-62.6418902103679,18.884985959350516,-42.75690425101736,-58.425964352816266,,"Kyle Karros","33252",691720
"Colt Emerson ","SEA","SS",999,294,-4.850305046867,-18.7698550443845,-19.9167249794844,-4.49569472292709,-10.8794483588281,-58.9120281524912,14.77109801783091,-43.140930134660245,-58.947507383854386,,"Colt Emerson","sa3022923",806068
"Jeremiah Jackson ","BAL","OF",999,203,-2.48896363979738,-19.1324185482301,-24.1251894221658,-4.49569472292709,-10.2574835251739,-60.4997498582943,15.996173446092504,-43.503576412201824,-59.440014912226125,,"Jeremiah Jackson","22239",669236
"Brett Sullivan ","COL","C",999,154,-2.06814801794505,-23.8457440982236,-26.2294216435065,-5.44294812629156,-13.3673076934453,-70.9535695794122,26.413558017798223,-43.54001156161393,-59.48949724940729,,"Brett Sullivan","18217",664954
"Carlos Santana ","ARI","1B",999,357,-8.2400682827551,-16.9570375251562,-18.65418564668,-4.49569472292709,-9.63551869151956,-57.982504869038,13.02649879631637,-43.9560060727216,-60.05445666349741,,"Carlos Santana","2396",467793
"Javier Sanoja ","MIA","2B/3B/OF",999,217,-0.317507082846692,-21.6703630751497,-22.8626500893614,-3.54844131956261,-12.7453428597911,-61.1443044267114,15.881529685493165,-44.26277474121831,-60.47107717792108,,"Javier Sanoja","28253",691594
"Rafael Marchán ","PHI","C",999,141,-1.97645769849407,-24.2083076020693,-27.0711145320429,-5.9165748279738,-12.7453428597911,-71.917797520371,26.413558017798223,-44.50423950257282,-60.79900888484437,,"Rafael Marchan","21646",665561
"J.C. Escarra ","NYY","C",999,130,-2.0534346224052,-24.2083076020693,-27.0711145320429,-5.9165748279738,-12.7453428597911,-71.9947744442821,26.413558017798223,-44.58121642648396,-60.903550739772925,,"J.C. Escarra","20084",641555
"Tyler Heineman ","TOR","C",999,154,-2.87384825935303,-24.2083076020693,-26.6502680877746,-5.44294812629156,-13.3673076934453,-72.542679768934,26.413558017798223,-45.129121751135706,-61.647657363602825,,"Tyler Heineman","13897",623168
"Bryce Teodosio ","LAA","OF",999,259,-6.53868245359409,-21.3077995713041,-21.6001107565569,-0.706681109469187,-12.1233780261367,-62.276651917061,15.996173446092504,-45.28047847096856,-61.85321393099042,,"Bryce Teodosio","29524",669326
"Endy Rodríguez ","PIT","C/1B",999,105,-0.818709574822003,-24.9334346097606,-28.3336538648473,-5.9165748279738,-12.7453428597911,-72.7477157371947,26.413558017798223,-45.334157719396494,-61.926115365819186,,"Endy Rodriguez","25332",682848
"Reese McGuire ","CHW","C",999,134,-2.09927978213069,-24.2083076020693,-27.9128074205791,-5.9165748279738,-12.7453428597911,-72.882312492544,26.413558017798223,-45.468754474745744,-62.10891033548854,,"Reese McGuire","15674",624512
"Coby Mayo ","BAL","1B",459.1600036621094,189,-1.52280533935018,-19.8575455559215,-23.2834965336295,-5.9165748279738,-9.63551869151956,-60.2159409483946,13.02649879631637,-46.189442152078215,-63.087671537994694,,"Coby Mayo","28312",691723
"Troy Johnston ","COL","OF",748.4099731445312,175,-0.771159441990584,-22.395490082841,-24.9668823107021,-3.07481461788037,-12.1233780261367,-63.3317244795508,15.996173446092504,-46.335551033458366,-63.286101050437296,,"Troy Johnston","26143",687859
"Robert Hassell III ","WSN","OF",999,238,-2.9179884459726,-21.3077995713041,-24.1251894221658,-3.54844131956261,-11.5014131924825,-63.4008319514876,15.996173446092504,-46.404658505395076,-63.37995545431069,,"Robert Hassell III","27482",690987
"Travis Bazzana ","CLE","2B",999,252,-5.86401348014562,-20.5826725636128,-21.6001107565569,-4.49569472292709,-10.8794483588281,-63.4219398820706,15.881529685493165,-46.540410196577454,-63.56431893475164,,"Travis Bazzana","sa3025129",683953
"Christian Vázquez ","HOU","C",999,160,-3.35692740957663,-23.8457440982236,-27.491960976311,-5.9165748279738,-13.3673076934453,-73.9785150055304,26.413558017798223,-46.56495698773218,-63.597655770643144,,"Christian Vazquez","9774",543877
"Casey Schmitt ","SFG","2B/3B",999,217,-2.53480879952288,-20.2201090597671,-24.1251894221658,-5.9165748279738,-10.8794483588281,-63.6761304682578,15.881529685493165,-46.79460078276462,-63.909533500821595,,"Casey Schmitt","27577",669477
"Mitch Garver ","SEA","C/DH",999,109,-2.64462246072557,-24.570871105915,-28.3336538648473,-5.9165748279738,-12.7453428597911,-74.2110651192526,26.413558017798223,-46.79750710145441,-63.91348055315113,,"Mitch Garver","15161",641598
"Alan Roden ","MIN","OF",999,196,-0.985671845078192,-22.0329265789954,-23.7043429778977,-4.96932142460932,-12.1233780261367,-63.8156408527173,15.996173446092504,-46.81946740662483,-63.943304699410405,,"Alan Roden","31564",702176
"Richie Palacios ","TBR","1B/2B/OF/DH",999,224,-3.92348769492833,-21.6703630751497,-23.2834965336295,-3.07481461788037,-12.1233780261367,-64.0755399477247,15.881529685493165,-47.19401026223156,-64.45196889233875,,"Richie Palacios","24589",680700
"Nathan Church ","STL","OF",999,217,-1.41469665125341,-22.0329265789954,-24.1251894221658,-4.02206802124484,-12.7453428597911,-64.3402235334505,15.996173446092504,-47.34405008735802,-64.65573699367239,,"Nathan Church","31357",701675
"Jimmy Crooks ","STL","C/DH",999,97,-1.06435374209525,-25.2959981136063,-29.1753467533836,-6.39020152965603,-13.3673076934453,-75.2932078321865,26.413558017798223,-47.87964981438822,-65.38313146617179,,"Jimmy Crooks","31354",699625
"Ryan Vilade ","TBR","OF/DH",999,203,-2.58886314357125,-22.0329265789954,-23.7043429778977,-4.96932142460932,-12.1233780261367,-65.4188321512104,15.996173446092504,-48.422658705117904,-66.12058827524241,,"Ryan Vilade","22165",668723
"Jhostynxon Garcia ","PIT","OF/DH",999,182,-2.91148423475563,-21.6703630751497,-24.546035866434,-5.44294812629156,-10.8794483588281,-65.450279661459,15.996173446092504,-48.45410621536656,-66.16329693242484,,"Jhostynxon Garcia","28142",691373
"Abimelec Ortiz ","WSN","1B",999,203,-2.73460780707062,-20.2201090597671,-23.7043429778977,-6.39020152965603,-9.63551869151956,-62.684780065911,13.02649879631637,-48.65828126959469,-66.44058573294626,,"Abimelec Ortiz","sa3016926",694673
"Taylor Walls ","TBR","SS",999,224,-5.18934450669716,-22.0329265789954,-23.2834965336295,-1.18030781115142,-12.7453428597911,-64.4314182902646,14.77109801783091,-48.66032027243365,-66.44335488931365,,"Taylor Walls","22458",670764
"Adam Frazier ","LAA","2B/OF",999,259,-4.42128024069178,-21.6703630751497,-22.8626500893614,-4.02206802124484,-12.7453428597911,-65.7217042862388,15.881529685493165,-48.84017460074564,-66.68761387165974,,"Adam Frazier","15223",624428
"José Fermín ","STL","2B/3B/OF/DH",999,175,-1.43111501989919,-23.1206170905324,-25.3877287549703,-3.07481461788037,-12.7453428597911,-65.7596183430732,15.881529685493165,-48.878088657580044,-66.73910470330053,,"Jose Fermin","21746",665877
"Braxton Fulford ","COL","C",999,64,-0.466661692557917,-26.3836886251433,-30.437886086188,-5.9165748279738,-13.3673076934453,-76.5721189253082,26.413558017798223,-49.158560907510044,-67.12001222433263,,"Braxton Fulford","29704",690924
"Colby Thomas ","ATH","OF",748.5900268554688,147,-1.75373611108357,-21.6703630751497,-25.8085751992384,-5.44294812629156,-11.5014131924825,-66.1770357042457,15.996173446092504,-49.18086225815321,-67.1502995422091,,"Colby Thomas","31855",687515
"Cody Freeman ","TEX","2B",999,189,-2.54301798384576,-21.3077995713041,-25.8085751992384,-4.96932142460932,-11.5014131924825,-66.13012737148,15.881529685493165,-49.24859768598686,-67.24229058199504,,"Cody Freeman","25629",683227
"Daniel Susac ","SFG","C",999,77,-1.38697483327962,-26.0211251212975,-30.0170396419198,-5.9165748279738,-13.3673076934453,-76.7090221179162,26.413558017798223,-49.295464100117954,-67.30593955129875,,"Daniel Susac","sa3019997",691740
"Thomas Saggese ","STL","2B/SS",999,189,-1.69147258271229,-21.6703630751497,-24.9668823107021,-5.44294812629156,-11.5014131924825,-65.2730792873382,14.77109801783091,-49.50198126950725,-67.58640916304208,,"Thomas Saggese","27883",695336
"Masataka Yoshida ","BOS","DH",748.3300170898438,175,0.640442033277618,-21.6703630751497,-24.9668823107021,-5.44294812629156,-12.1233780261367,-63.5631295050026,13.02649879631637,-49.53663070868618,-67.63346633888067,,"Masataka Yoshida","31837",807799
"Jahmai Jones ","DET","OF/DH",999,140,-0.979167633861231,-23.1206170905324,-25.3877287549703,-4.96932142460932,-12.1233780261367,-66.5802129301099,15.996173446092504,-49.58403948401741,-67.6978518853691,,"Jahmai Jones","18872",663330
"Jesse Winker ",,"DH",999,203,-2.81158473098175,-21.3077995713041,-23.2834965336295,-4.96932142460932,-11.5014131924825,-63.8736154530072,13.02649879631637,-49.8471166566908,-68.05513526619616,,"Jesse Winker","13590",608385
"Jerar Encarnacion ","SFG","1B/OF",999,154,-1.92240335444568,-22.395490082841,-26.2294216435065,-5.44294812629156,-10.8794483588281,-66.869711565913,15.996173446092504,-49.87353811982049,-68.09101808178765,,"Jerar Encarnacion","21871",666464
"Jeimer Candelario ","LAA","1B/3B/DH",999,168,-4.08565072707348,-22.0329265789954,-26.2294216435065,-5.9165748279738,-11.5014131924825,-69.7659869700317,18.884985959350516,-49.88100101068115,-68.10115338486372,,"Jeimer Candelario","13621",600869
"Jonah Heim ","ATL","C/DH",999,70,-0.92681826291877,-26.3836886251433,-30.437886086188,-6.39020152965603,-13.3673076934453,-77.5059021973514,26.413558017798223,-50.09234417955312,-68.38817715481666,,"Jonah Heim","16930",641680
"Daniel Schneemann ","CLE","2B/3B/OF",999,196,-4.07744154275059,-22.0329265789954,-24.9668823107021,-4.49569472292709,-11.5014131924825,-67.0743583478577,15.881529685493165,-50.19282866236446,-68.52464447113553,,"Daniel Schneemann","25180",682177
"Dom Keegan ","TBR","C",999,64,-1.17246243019202,-26.3836886251433,-30.437886086188,-6.39020152965603,-13.3673076934453,-77.7515463646246,26.413558017798223,-50.33798834682637,-68.72178488547597,,"Dom Keegan","sa3020194",681371
"Ronny Mauricio ","NYM","3B",999,105,-0.69588749118538,-24.2083076020693,-28.3336538648473,-4.96932142460932,-12.1233780261367,-70.330548408848,18.884985959350516,-50.44556244949752,-68.86788056797555,,"Ronny Mauricio","23698",677595
"Enrique Hernández ","LAD","1B/3B/OF",999,168,-3.67133931643811,-22.395490082841,-26.2294216435065,-5.9165748279738,-12.1233780261367,-70.3362038968963,18.884985959350516,-50.45121793754574,-68.87556124915956,,"Enrique Hernandez","10472",571771
"Tom Murphy ",,"C",999,51,-0.543638616469047,-26.7462521289889,-30.8587325304561,-6.39020152965603,-13.3673076934453,-77.9061324990154,26.413558017798223,-50.49257448121719,-68.93172729957017,,"Tom Murphy","13499",608596
"Austin Hedges ","CLE","C",999,141,-5.06822739616647,-25.2959981136063,-28.7545003091154,-5.44294812629156,-13.3673076934453,-77.928981638625,26.413558017798223,-50.5154236208268,-68.96275856604515,,"Austin Hedges","12976",595978
"Eli White ","ATL","OF",999,140,-1.70789095135808,-23.483180594378,-26.6502680877746,-3.54844131956261,-12.1233780261367,-67.5131589792102,15.996173446092504,-50.51698553311763,-68.9648797888717,,"Eli White","19346",642201
"Jorge Mateo ","ATL","2B/3B/SS/OF/DH",999,147,-2.72810359585366,-23.483180594378,-26.6502680877746,-0.706681109469187,-12.7453428597911,-66.3135762472666,14.77109801783091,-50.54247822943568,-68.99950125235466,,"Jorge Mateo","17273",622761
"Dominic Smith ","ATL","1B",999,210,-2.34321897629801,-20.9452360674584,-24.1251894221658,-5.9165748279738,-11.5014131924825,-64.8316324863785,13.02649879631637,-50.80513369006215,-69.35621190881976,,"Dominic Smith","15653",642086
"Zack Gelof ","ATH","2B",999,140,-1.97645769849407,-23.1206170905324,-27.0711145320429,-4.02206802124484,-11.5014131924825,-67.6916705347966,15.881529685493165,-50.810140849303394,-69.36301209890799,,"Zack Gelof","29766",680869
"Alex Freeland ","LAD","2B/3B",999,161,-3.45682691335051,-22.7580535866866,-25.8085751992384,-4.49569472292709,-11.5014131924825,-68.0205636146852,15.881529685493165,-51.139033929191974,-69.80967963117274,,"Alex Freeland","31665",690976
"Carlos Cortes ","ATH","OF",999,154,-1.77665869094632,-22.395490082841,-26.2294216435065,-6.39020152965603,-11.5014131924825,-68.2931851394324,15.996173446092504,-51.29701169333988,-70.02422819537043,,"Carlos Cortes","21842",666126
"Ryan Mountcastle ","BAL","1B/DH",748.0900268554688,147,-0.633623962814105,-21.6703630751497,-26.2294216435065,-5.9165748279738,-10.8794483588281,-65.3294318682723,13.02649879631637,-51.30293307195599,-70.03226998078881,,"Ryan Mountcastle","18373",663624
"Randal Grichuk ","NYY","OF/DH",999,140,-1.85363561485745,-22.395490082841,-26.6502680877746,-5.9165748279738,-11.5014131924825,-68.3173818059294,15.996173446092504,-51.32120835983692,-70.05708952926328,,"Randal Grichuk","10243",545341
"Brandon Lockridge ","MIL","OF",999,161,-2.50538200844316,-24.2083076020693,-26.2294216435065,-2.1275612145159,-13.3673076934453,-68.4379801619802,15.996173446092504,-51.44180671588775,-70.22087336475975,,"Brandon Lockridge","21496",663604
"Alex Call ","LAD","OF",999,154,-2.58235893235429,-23.1206170905324,-25.8085751992384,-4.96932142460932,-12.1233780261367,-68.6042506728712,15.996173446092504,-51.60807722677861,-70.44668425385838,,"Alex Call","19296",669743
"Jacob Melton ","TBR","OF",727.5700073242188,140,-2.97374776312691,-23.483180594378,-27.491960976311,-2.60118791619813,-12.1233780261367,-68.6734552761508,15.996173446092504,-51.67728183005827,-70.54067057117086,,"Jacob Melton","31661",689200
"Jon Berti ",,"3B",999,133,-2.36784652926668,-24.9334346097606,-27.9128074205791,-3.07481461788037,-13.3673076934453,-71.6562108709322,18.884985959350516,-51.77122491158161,-70.66825405335173,,"Jon Berti","12037",542932
"Andrew McCutchen ","TEX","DH",999,203,-3.95461945911397,-20.9452360674584,-24.1251894221658,-5.9165748279738,-10.8794483588281,-65.8210681355402,13.02649879631637,-51.79456933922382,-70.69995796725168,,"Andrew McCutchen","9847",457705
"Jorbit Vivas ","WSN","2B/3B",999,196,-3.34871822525374,-23.1206170905324,-24.546035866434,-4.96932142460932,-12.7453428597911,-68.7300354666205,15.881529685493165,-51.848505781127265,-70.7732086948508,,"Jorbit Vivas","23917",678391
"Rafael Flores Jr. ","PIT","C/1B",999,47,-0.520716036606301,-27.1088156328345,-31.2795789747242,-6.39020152965603,-13.9892725270996,-79.2885847009208,26.413558017798223,-51.87502668312255,-70.80922655771273,,"Rafael Flores Jr.","31991",804668
"Myles Straw ","TOR","OF",999,182,-2.61999490775689,-23.8457440982236,-25.3877287549703,-3.07481461788037,-13.9892725270996,-68.9175549059308,15.996173446092504,-51.92138145983831,-70.87218067560214,,"Myles Straw","17620",664702
"Austin Barnes ",,"C/1B",999,64,-1.58677384082738,-27.1088156328345,-30.8587325304561,-5.9165748279738,-13.9892725270996,-79.4601693591914,26.413558017798223,-52.04661134139325,-71.04225455547487,,"Austin Barnes","12158",605131
"Max Kepler ",,"OF",999,126,-1.20188922127173,-23.483180594378,-27.0711145320429,-5.9165748279738,-11.5014131924825,-69.1741723681489,15.996173446092504,-52.17799892205631,-71.22069116607457,,"Max Kepler","12144",596146
"Leo Rivas ","SEA","2B",999,168,-3.74831624034924,-24.2083076020693,-25.8085751992384,-2.60118791619813,-12.7453428597911,-69.1117298176461,15.881529685493165,-52.23020013215297,-71.29158528675053,,"Leo Rivas","21009",660844
"Jesus Rodriguez ","SFG","C/3B",999,33,-0.306203633518692,-27.8339426405258,-31.7004254189924,-5.9165748279738,-13.9892725270996,-79.7464190481104,26.413558017798223,-52.332861030312145,-71.4310083784628,,"Jesus Rodriguez","sa3008916",683679
"Nick Yorke ","PIT","1B/2B/3B/OF",999,140,-0.587778803088612,-23.8457440982236,-27.0711145320429,-4.96932142460932,-12.7453428597911,-69.2193017177555,15.881529685493165,-52.33777203226231,-71.43767797796538,,"Nick Yorke","27504",694377
"Alex Jackson ","MIN","C",999,32,-0.306203633518692,-27.4713791366802,-31.7004254189924,-6.39020152965603,-13.9892725270996,-79.8574822459469,26.413558017798223,-52.44392422814874,-71.58184257819698,,"Alex Jackson","17276",656577
"Luis Campusano ","SDP","DH",999,182,-1.76844950662342,-21.6703630751497,-25.3877287549703,-6.39020152965603,-11.5014131924825,-66.7181560588819,13.02649879631637,-52.69165726256554,-71.91828718560828,,"Luis Campusano","22217",669134
"Darell Hernaiz ","ATH","3B/SS",999,161,-0.556647038902974,-23.483180594378,-26.2294216435065,-4.96932142460932,-13.3673076934453,-68.6058783948422,14.77109801783091,-52.83478037701128,-72.11266174758198,,"Darell Hernaiz","26224",687231
"Zac Veen ","COL","OF",743.6599731445312,119,-1.03322197790962,-24.570871105915,-27.491960976311,-4.02206802124484,-12.7453428597911,-69.8634649411715,15.996173446092504,-52.86729149507894,-72.15681488355969,,"Zac Veen","27770",691728
"Tommy Pham ","NYM","OF",999,154,-2.04522543808231,-23.483180594378,-26.6502680877746,-4.96932142460932,-12.7453428597911,-69.8933384046354,15.996173446092504,-52.897164958542874,-72.19738583813908,,"Tommy Pham","2967",502054
"Oswaldo Cabrera ","NYY","3B",999,105,-1.37876564895673,-24.9334346097606,-28.3336538648473,-5.44294812629156,-12.7453428597911,-72.8341451096472,18.884985959350516,-52.9491591502967,-72.26799880856295,,"Oswaldo Cabrera","21707",665828
"David Fry ","CLE","DH",999,192,-3.78595221575185,-21.3077995713041,-24.9668823107021,-5.44294812629156,-11.5014131924825,-67.0049954165321,13.02649879631637,-52.97849662021571,-72.30784183382832,,"David Fry","24934",681807
"Nathaniel Lowe ","CIN","1B",999,161,-1.50809194381032,-22.7580535866866,-25.3877287549703,-5.9165748279738,-11.5014131924825,-67.0718623059235,13.02649879631637,-53.04536350960716,-72.39865331725882,,"Nathaniel Lowe","19566",663993
"Blake Perkins ","MIL","OF",999,147,-2.55943635249155,-24.2083076020693,-26.6502680877746,-4.02206802124484,-12.7453428597911,-70.1854229233715,15.996173446092504,-53.18924947727894,-72.59406390518987,,"Blake Perkins","19921",663368
"Jared Oliva ","SFG","OF",999,112,-1.98466688281696,-25.2959981136063,-27.9128074205791,-1.65393451283366,-13.3673076934453,-70.2147146232813,15.996173446092504,-53.21854117718884,-72.63384477050643,,"Jared Oliva","19968",666931
"Triston Casas ","BOS","1B",746.0599975585938,133,-0.519011063500373,-22.7580535866866,-26.2294216435065,-6.39020152965603,-11.5014131924825,-67.398101015832,13.02649879631637,-53.37160221951576,-72.8417159670825,,"Triston Casas","22514",671213
"Tyler Locklear ","ARI","1B",999,154,-2.45953684871767,-22.7580535866866,-26.2294216435065,-4.49569472292709,-11.5014131924825,-67.4441199943205,13.02649879631637,-53.41762119800409,-72.90421403960408,,"Tyler Locklear","31396",682988
"Santiago Espinal ","LAD","3B",999,133,-1.39347904449659,-24.570871105915,-27.9128074205791,-5.44294812629156,-13.9892725270996,-73.3093782243819,18.884985959350516,-53.42439226503135,-72.91340978127458,,"Santiago Espinal","19997",669289
"Tyler Austin ","CHC","1B",999,133,-0.687678306862489,-22.7580535866866,-26.6502680877746,-5.9165748279738,-11.5014131924825,-67.5139880017802,13.02649879631637,-53.48748920546375,-72.99910132177749,,"Tyler Austin","11850",592122
"Tristan Gray ","MIN","1B/2B/3B/SS",999,154,-2.77394875557915,-22.395490082841,-26.2294216435065,-6.39020152965603,-11.5014131924825,-69.2904752040652,14.77109801783091,-53.51937718623433,-73.04240817908358,,"Tristan Gray","19877",656484
"Joey Wiemer ","WSN","OF",999,147,-3.41098175362501,-23.483180594378,-27.0711145320429,-4.49569472292709,-12.1233780261367,-70.5843496291097,15.996173446092504,-53.58817618301719,-73.135843644876,,"Joey Wiemer","27690",686894
"Riley Adams ","WSN","C",999,19,-0.237435893930454,-28.1965061443715,-32.5421183075287,-6.39020152965603,-13.9892725270996,-81.3555344025863,26.413558017798223,-53.94197638478808,-73.61633737582744,,"Riley Adams","19864",656180
"Jasson Domínguez ","NYY","OF",421.5400085449219,98,-0.918609078595877,-24.9334346097606,-28.3336538648473,-4.02206802124484,-12.7453428597911,-70.9531084342397,15.996173446092504,-53.95693498814716,-73.63665255683031,,"Jasson Dominguez","28080",691176
"Chris Taylor ","LAA","OF",999,140,-2.95082518326416,-23.8457440982236,-27.0711145320429,-4.96932142460932,-12.1233780261367,-70.9603832642767,15.996173446092504,-53.964209818184216,-73.64653245573666,,"Chris Taylor","13757",621035
"Vaughn Grissom ","LAA","2B",999,119,-0.327421240275511,-24.570871105915,-27.9128074205791,-5.44294812629156,-12.7453428597911,-70.9993907528522,15.881529685493165,-54.11786106735902,-73.85520520835753,,"Vaughn Grissom","26031",687093
"Esteury Ruiz ","MIA","OF",748.530029296875,84,-0.14404060137354,-26.0211251212975,-29.1753467533836,-2.60118791619813,-13.3673076934453,-71.3090080856981,15.996173446092504,-54.31283463960564,-74.11999753661735,,"Esteury Ruiz","21780",665923
"Bryce Johnson ","SDP","OF",999,140,-2.39076910912943,-24.9334346097606,-27.0711145320429,-3.54844131956261,-13.3673076934453,-71.3110672639408,15.996173446092504,-54.31489381784832,-74.12279409306804,,"Bryce Johnson","20002",669369
"Tim Tawa ","ARI","1B/2B/OF",748.489990234375,133,-2.36784652926668,-23.8457440982236,-27.491960976311,-5.44294812629156,-12.1233780261367,-71.2718777562296,15.881529685493165,-54.39034807073646,-74.22526801847822,,"Tim Tawa","29571",694374
"Isiah Kiner-Falefa ","BOS","3B/SS",746.1500244140625,154,-0.533724459040228,-24.570871105915,-27.0711145320429,-4.02206802124484,-13.9892725270996,-70.1870506453425,14.77109801783091,-54.415952627511594,-74.26004139891344,,"Isiah Kiner-Falefa","16512",643396
"Tyler Tolbert ","KCR","OF",999,119,-2.29907878967845,-25.6585616174519,-27.9128074205791,-1.65393451283366,-13.9892725270996,-71.5136548676428,15.996173446092504,-54.51748142155028,-74.39792698745315,,"Tyler Tolbert","25779",686475
"César Salazar ","HOU","C/DH",999,19,-0.237435893930454,-28.1965061443715,-32.5421183075287,-6.39020152965603,-14.6112373607539,-81.9774992362406,26.413558017798223,-54.56394121844238,-74.4610237325545,,"Cesar Salazar","21587",663967
"Jett Williams ","MIL","SS",999,119,-2.13041154631633,-24.570871105915,-27.0711145320429,-4.02206802124484,-12.7453428597911,-70.53980806531,14.77109801783091,-54.768710047479104,-74.73911893474468,,"Jett Williams","sa3020134",702518
"Eric Wagaman ","MIN","1B/OF",748.2100219726562,112,-1.01029939804687,-24.2083076020693,-27.9128074205791,-5.9165748279738,-12.7453428597911,-71.7933321084601,15.996173446092504,-54.79715866236764,-74.77775481182947,,"Eric Wagaman","23395",676572
"Michael Conforto ","CHC","OF",999,126,-2.03051204254245,-23.8457440982236,-27.491960976311,-6.39020152965603,-12.1233780261367,-71.8817966728699,15.996173446092504,-54.88562322677737,-74.89789795589063,,"Michael Conforto","16376",624424
"Will Brennan ","SFG","OF",999,112,0.109812750222597,-24.9334346097606,-28.3336538648473,-5.44294812629156,-13.3673076934453,-71.9675315441222,15.996173446092504,-54.971358098029675,-75.01433392159801,,"Will Brennan","25660",686823
"Miguel Rojas ","LAD","2B/3B/SS",999,161,-2.38255992480654,-23.483180594378,-26.6502680877746,-4.96932142460932,-13.3673076934453,-70.8526377250139,14.77109801783091,-55.081539707182976,-75.16397084152997,,"Miguel Rojas","7802",500743
"Korey Lee ","CHW","C/OF/DH",999,13,-0.0687686505683374,-28.5590696482172,-32.9629647517968,-6.39020152965603,-14.6112373607539,-82.5922419409923,26.413558017798223,-55.17868392319407,-75.29590176343983,,"Korey Lee","25543",686676
"Eric Haase ",,"C",999,13,-0.0687686505683374,-28.5590696482172,-32.9629647517968,-6.39020152965603,-14.6112373607539,-82.5922419409923,26.413558017798223,-55.17868392319407,-75.29590176343983,,"Eric Haase","14111",606992
"Tomás Nido ","DET","C",999,13,-0.0687686505683374,-28.5590696482172,-32.9629647517968,-6.39020152965603,-14.6112373607539,-82.5922419409923,26.413558017798223,-55.17868392319407,-75.29590176343983,,"Tomas Nido","13755",621512
"Elias Díaz ","KCR","C",999,13,-0.0687686505683374,-28.5590696482172,-32.9629647517968,-6.39020152965603,-14.6112373607539,-82.5922419409923,26.413558017798223,-55.17868392319407,-75.29590176343983,,"Elias Diaz","11680",553869
"Braden Montgomery ","CHW","OF",999,140,-2.68225843612817,-23.8457440982236,-27.0711145320429,-5.9165748279738,-12.7453428597911,-72.2610347541595,15.996173446092504,-55.26486130806701,-75.41293870398982,,"Braden Montgomery","sa3038253",695731
"Rodolfo Durán ","SDP","C",999,6,-0.314412817841584,-28.5590696482172,-32.9629647517968,-6.39020152965603,-14.6112373607539,-82.8378861082656,26.413558017798223,-55.424328090467306,-75.62950949409908,,"Rodolfo Duran","sa877500",660710
"Eduardo Valencia ","DET","C/1B",999,6,-0.314412817841584,-28.5590696482172,-32.9629647517968,-6.39020152965603,-14.6112373607539,-82.8378861082656,26.413558017798223,-55.424328090467306,-75.62950949409908,,"Eduardo Valencia","sa3006622",680664
"Jeferson Quero ","MIL","C",999,6,-0.314412817841584,-28.5590696482172,-32.9629647517968,-6.39020152965603,-14.6112373607539,-82.8378861082656,26.413558017798223,-55.424328090467306,-75.62950949409908,,"Jeferson Quero","28272",691620
"Maverick Handley ","BAL","C",999,6,-0.314412817841584,-28.5590696482172,-32.9629647517968,-6.39020152965603,-14.6112373607539,-82.8378861082656,26.413558017798223,-55.424328090467306,-75.62950949409908,,"Maverick Handley","26106",668974
"Mickey Gasper ","BOS","C/1B/2B/OF/DH",999,6,-0.314412817841584,-28.5590696482172,-32.9629647517968,-6.39020152965603,-14.6112373607539,-82.8378861082656,26.413558017798223,-55.424328090467306,-75.62950949409908,,"Mickey Gasper","24759",681508
"Willie MacIver ","TEX","C",999,6,-0.314412817841584,-28.5590696482172,-32.9629647517968,-6.39020152965603,-14.6112373607539,-82.8378861082656,26.413558017798223,-55.424328090467306,-75.62950949409908,,"Willie MacIver","24641",680862
"Will Banfield ","CIN","C",999,6,-0.314412817841584,-28.5590696482172,-32.9629647517968,-6.39020152965603,-14.6112373607539,-82.8378861082656,26.413558017798223,-55.424328090467306,-75.62950949409908,,"Will Banfield","23790",677943
"Sebastián Rivero ","LAA","C",999,6,-0.314412817841584,-28.5590696482172,-32.9629647517968,-6.39020152965603,-14.6112373607539,-82.8378861082656,26.413558017798223,-55.424328090467306,-75.62950949409908,,"Sebastian Rivero","21735",665861
"Hayden Senger ","NYM","C",999,6,-0.314412817841584,-28.5590696482172,-32.9629647517968,-6.39020152965603,-14.6112373607539,-82.8378861082656,26.413558017798223,-55.424328090467306,-75.62950949409908,,"Hayden Senger","21489",663584
"Matt Thaiss ","BOS","C",999,6,-0.314412817841584,-28.5590696482172,-32.9629647517968,-6.39020152965603,-14.6112373607539,-82.8378861082656,26.413558017798223,-55.424328090467306,-75.62950949409908,,"Matt Thaiss","19318",642136
"Seby Zavala ","LAD","C",999,6,-0.314412817841584,-28.5590696482172,-32.9629647517968,-6.39020152965603,-14.6112373607539,-82.8378861082656,26.413558017798223,-55.424328090467306,-75.62950949409908,,"Seby Zavala","18887",664874
"Garrett Stubbs ","PHI","C/DH",999,6,-0.314412817841584,-28.5590696482172,-32.9629647517968,-6.39020152965603,-14.6112373607539,-82.8378861082656,26.413558017798223,-55.424328090467306,-75.62950949409908,,"Garrett Stubbs","18067",596117
"Jose Herrera ","TEX","C",999,6,-0.314412817841584,-28.5590696482172,-32.9629647517968,-6.39020152965603,-14.6112373607539,-82.8378861082656,26.413558017798223,-55.424328090467306,-75.62950949409908,,"Jose Herrera","17040",645444
"Dom Nuñez ","CLE","C",999,6,-0.314412817841584,-28.5590696482172,-32.9629647517968,-6.39020152965603,-14.6112373607539,-82.8378861082656,26.413558017798223,-55.424328090467306,-75.62950949409908,,"Dom Nunez","15055",624513
"Austin Slater ","MIA","OF",999,119,-1.86184479918034,-24.570871105915,-27.9128074205791,-5.44294812629156,-12.7453428597911,-72.5338143117571,15.996173446092504,-55.53764086566453,-75.78339883007585,,"Austin Slater","16153",596103
"Shane McGuire ","ATH","C/1B",999,13,-0.4830800612037,-28.5590696482172,-32.9629647517968,-6.39020152965603,-14.6112373607539,-83.0065533516277,26.413558017798223,-55.59299533382943,-75.85857536982982,,"Shane McGuire","sa3017284",676063
"Ben Rortvedt ","NYM","C",999,13,-0.4830800612037,-28.5590696482172,-32.9629647517968,-6.39020152965603,-14.6112373607539,-83.0065533516277,26.413558017798223,-55.59299533382943,-75.85857536982982,,"Ben Rortvedt","20287",666163
"Andrew Knizner ",,"C",999,13,-0.4830800612037,-28.5590696482172,-32.9629647517968,-6.39020152965603,-14.6112373607539,-83.0065533516277,26.413558017798223,-55.59299533382943,-75.85857536982982,,"Andrew Knizner","19514",668800
"Brandon Valenzuela ","TOR","C",999,13,-0.628824724703069,-28.5590696482172,-32.9629647517968,-6.39020152965603,-14.6112373607539,-83.152298015127,26.413558017798223,-55.7387399973288,-76.05651024036001,,"Brandon Valenzuela","sa3005729",678218
"Nelson Velázquez ","STL","DH/OF",748.5599975585938,105,-2.08456638659084,-24.570871105915,-28.7545003091154,-5.44294812629156,-12.1233780261367,-72.9762639540495,15.996173446092504,-55.980090507957016,-76.38428678412208,,"Nelson Velazquez","23359",676369
"Curtis Mead ","WSN","1B/3B",999,70,-0.221017525284671,-26.3836886251433,-30.0170396419198,-5.9165748279738,-13.3673076934453,-75.9056283137669,18.884985959350516,-56.02064235441637,-76.43935998053261,,"Curtis Mead","23986",678554
"Charlie Condon ","COL","1B/OF",999,126,-2.32200136954119,-24.570871105915,-27.491960976311,-5.9165748279738,-12.7453428597911,-73.046751139532,15.996173446092504,-56.050577693439465,-76.48001496790265,,"Charlie Condon","sa3025257",809707
"Nick Loftin ","KCR","OF",999,112,-0.987376818184115,-24.9334346097606,-28.3336538648473,-5.44294812629156,-13.3673076934453,-73.0647211125289,15.996173446092504,-56.068547666436395,-76.50441987023785,,"Nick Loftin","27630",679845
"Ryan Waldschmidt ","ARI","OF",999,112,-1.67025497595548,-25.2959981136063,-27.9128074205791,-4.96932142460932,-13.3673076934453,-73.2156896281955,15.996173446092504,-56.21951618210303,-76.70944922009625,,"Ryan Waldschmidt","sa3025261",814439
"Dylan Moore ","PHI","2B/OF",999,84,-1.67846416027836,-25.6585616174519,-29.1753467533836,-4.02206802124484,-12.7453428597911,-73.2797834121498,15.881529685493165,-56.39825372665657,-76.95219150575285,,"Dylan Moore","18042",664238
"Derek Hill ","CHW","OF",999,105,-1.67025497595548,-25.2959981136063,-28.7545003091154,-4.96932142460932,-12.7453428597911,-73.4354176830775,15.996173446092504,-56.43924423698501,-77.00786044868374,,"Derek Hill","16947",656537
"Zach Dezenzo ","HOU","OF",999,98,-1.21009840559462,-24.9334346097606,-28.7545003091154,-5.9165748279738,-12.7453428597911,-73.5599510122355,15.996173446092504,-56.56377756614298,-77.17698834531977,,"Zach Dezenzo","31562",701305
"Andruw Monasterio ","BOS","SS",999,112,-0.987376818184115,-25.2959981136063,-28.3336538648473,-4.49569472292709,-13.3673076934453,-72.4800312130101,14.77109801783091,-56.70893319517916,-77.37412325201313,,"Andruw Monasterio","19455",655316
"Brett Harris ","ATH","3B",999,77,-0.949740842781516,-26.3836886251433,-30.0170396419198,-5.9165748279738,-13.3673076934453,-76.6343516312637,18.884985959350516,-56.7493656719132,-77.42903433318354,,"Brett Harris","29788",695391
"Blaine Crim ","COL","1B/DH",999,133,-1.80779045513195,-23.483180594378,-27.491960976311,-5.9165748279738,-12.1233780261367,-70.8228848799315,13.02649879631637,-56.796386083615104,-77.49289244557701,,"Blaine Crim","25714",688760
"Wilmer Flores ",,"1B/DH",999,161,-2.65112667194253,-23.1206170905324,-26.6502680877746,-6.39020152965603,-12.1233780261367,-70.9355914060423,13.02649879631637,-56.90909260972598,-77.6459584386503,,"Wilmer Flores","5827",527038
"John Rave ","KCR","OF",999,91,-1.30999790936849,-25.6585616174519,-28.7545003091154,-4.96932142460932,-13.3673076934453,-74.0596889539905,15.996173446092504,-57.06351550789799,-77.85567916270757,,"John Rave","26284",670231
"Thairo Estrada ",,"2B",999,98,-0.795786994959257,-25.2959981136063,-29.1753467533836,-5.44294812629156,-13.3673076934453,-74.077387681686,15.881529685493165,-57.19585799619281,-78.03541262709194,,"Thairo Estrada","16426",642731
"Kristian Campbell ","BOS","2B",746.1400146484375,84,0.00170406212582925,-25.6585616174519,-29.1753467533836,-5.9165748279738,-13.3673076934453,-74.1160868301288,15.881529685493165,-57.23455714463562,-78.08796968649116,,"Kristian Campbell","33644",692225
"Ryan Bliss ","SEA","2B",999,84,-1.96995348727711,-26.0211251212975,-29.5961931976517,-3.54844131956261,-13.3673076934453,-74.5030208192343,15.881529685493165,-57.621491133741166,-78.61346219646333,,"Ryan Bliss","29547",669208
"Leody Taveras ","BAL","OF",999,77,-0.681174095645525,-26.0211251212975,-29.5961931976517,-4.96932142460932,-13.3673076934453,-74.6351215326495,15.996173446092504,-57.63894808655696,-78.63717036945906,,"Leody Taveras","18900",665750
"Adrian Del Castillo ","ARI","DH",999,124,-2.17625670604182,-23.8457440982236,-27.491960976311,-6.39020152965603,-12.1233780261367,-72.0275413363692,13.02649879631637,-58.00104254005287,-79.12892846921768,,"Adrian Del Castillo","29554",680728
"Christian Koss ","SFG","2B",999,91,-1.0414311622325,-25.6585616174519,-29.5961931976517,-5.44294812629156,-13.3673076934453,-75.106441797073,15.881529685493165,-58.224912111579854,-79.43296426436729,,"Christian Koss","27653",683766
"Hyeseong Kim ","LAD","2B",740.77001953125,77,-1.38697483327962,-26.0211251212975,-30.0170396419198,-4.49569472292709,-13.3673076934453,-75.2881420128695,15.881529685493165,-58.40661232737631,-79.67973013438578,,"Hyeseong Kim","35322",808975
"Ty France ","SDP","1B",999,112,-0.427320744049388,-24.570871105915,-28.3336538648473,-6.39020152965603,-12.7453428597911,-72.4673901042587,13.02649879631637,-58.44089130794232,-79.72628419281465,,"Ty France","17982",664034
"Dylan Carlson ","CHC","OF",999,84,-1.11840808614363,-26.0211251212975,-29.1753467533836,-5.9165748279738,-13.3673076934453,-75.5987624822439,15.996173446092504,-58.60258903615139,-79.94588481577829,,"Dylan Carlson","20126",666185
"Gio Urshela ",,"3B",999,56,-0.152249785696432,-27.1088156328345,-30.8587325304561,-6.39020152965603,-13.9892725270996,-78.4992720057427,18.884985959350516,-58.61428604639223,-79.96177044858308,,"Gio Urshela","10681",570482
"Johan Rojas ","PHI","OF",999,70,-0.36676218878404,-26.7462521289889,-30.0170396419198,-4.49569472292709,-13.9892725270996,-75.6150212097194,15.996173446092504,-58.61884776362697,-79.96796568680706,,"Johan Rojas","24336",679032
"Juan Brito ","CLE","2B",999,98,-1.89297656336598,-25.2959981136063,-29.1753467533836,-5.9165748279738,-13.3673076934453,-75.648203951775,15.881529685493165,-58.76667426628177,-80.16872788942474,,"Juan Brito","sa3009808",682877
"Justyn-Henry Malloy ","TBR","OF/DH",999,84,-1.53271949677899,-25.6585616174519,-29.5961931976517,-5.9165748279738,-13.3673076934453,-76.0713568333018,15.996173446092504,-59.075183387209236,-80.58771210086672,,"Justyn-Henry Malloy","29606",669234
"Brice Matthews ","HOU","2B/3B",740.969970703125,63,-1.29528451382864,-26.3836886251433,-30.437886086188,-4.49569472292709,-13.3673076934453,-75.9798616415323,15.881529685493165,-59.09833195603912,-80.61915002019967,,"Brice Matthews","33280",694728
"Yohandy Morales ","WSN","1B/3B",999,56,-0.712305859831163,-27.1088156328345,-30.8587325304561,-6.39020152965603,-13.9892725270996,-79.0593280798775,18.884985959350516,-59.17434212052699,-80.72237892550329,,"Yohandy Morales","sa3022672",691002
"Nick Allen ","HOU","SS",999,119,-1.59327805204435,-25.6585616174519,-28.7545003091154,-4.96932142460932,-13.9892725270996,-74.9649339303206,14.77109801783091,-59.1938359124897,-80.74885331637046,,"Nick Allen","22277",669397
"Drew Gilbert ","SFG","OF",999,70,-0.635328935920032,-26.3836886251433,-30.0170396419198,-5.9165748279738,-13.3673076934453,-76.3199397244022,15.996173446092504,-59.32376627830973,-80.92531089305994,,"Drew Gilbert","31545",687551
"Nate Eaton ","BOS","OF",999,63,-0.612406356057286,-26.3836886251433,-30.437886086188,-4.96932142460932,-13.9892725270996,-76.3925750190975,15.996173446092504,-59.396401573004944,-81.02395640985777,,"Nate Eaton","25055",681987
"Adael Amador ","COL","2B",999,63,-0.320917029058547,-26.7462521289889,-30.437886086188,-5.44294812629156,-13.3673076934453,-76.3153110639723,15.881529685493165,-59.43378137847913,-81.07472167823418,,"Adael Amador","27962",691182
"Deyvison De Los Santos ","MIA","1B",999,91,-0.627119751597141,-25.2959981136063,-29.1753467533836,-5.9165748279738,-12.7453428597911,-73.7603823063518,13.02649879631637,-59.733883510035426,-81.48228841261198,,"Deyvison De Los Santos","27969",691277
"Johnathan Rodríguez ","BAL","OF",999,56,-0.152249785696432,-26.3836886251433,-30.437886086188,-6.39020152965603,-13.3673076934453,-76.731333720129,15.996173446092504,-59.735160274036524,-81.48402237741854,,"Johnathan Rodriguez","22530",671286
"Mike Tauchman ","NYM","OF",999,84,-1.53271949677899,-26.0211251212975,-29.5961931976517,-6.39020152965603,-13.3673076934453,-76.9075470388296,15.996173446092504,-59.911373592737135,-81.7233365285185,,"Mike Tauchman","15274",643565
"LaMonte Wade Jr. ","CHW","1B/OF",999,70,-0.903895683056026,-26.3836886251433,-30.0170396419198,-6.39020152965603,-13.3673076934453,-77.0621331732205,15.996173446092504,-60.06595972712797,-81.93327894261274,,"LaMonte Wade Jr.","18126",664774
"Jose Iglesias ",,"2B/3B/SS",999,105,-1.11019890182074,-25.6585616174519,-29.1753467533836,-5.9165748279738,-13.9892725270996,-75.8499546277296,14.77109801783091,-60.07885660989872,-81.95079411442198,,"Jose Iglesias","10231",578428
"Nelson Rada ","LAA","OF",999,70,-1.04964034655539,-27.1088156328345,-30.437886086188,-4.49569472292709,-13.9892725270996,-77.0813093156046,15.996173446092504,-60.085135869512136,-81.95932193567296,,"Nelson Rada","sa3018421",703185
"Jace Jung ","DET","3B",999,35,-0.451948297018062,-27.4713791366802,-31.7004254189924,-6.39020152965603,-13.9892725270996,-80.0032269094464,18.884985959350516,-60.11824095009582,-82.0042817282437,,"Jace Jung","31437",690291
"Billy Cook ","PIT","1B/OF",999,70,-1.4868743370535,-26.3836886251433,-30.437886086188,-5.44294812629156,-13.3673076934453,-77.1187048681216,15.996173446092504,-60.122531422029105,-82.0101085900048,,"Billy Cook","29573",695257
"Emmanuel Rodriguez ","MIN","OF",999,56,-1.10369469060378,-26.7462521289889,-30.0170396419198,-5.9165748279738,-13.3673076934453,-77.1508689829317,15.996173446092504,-60.154695536839135,-82.05379046313676,,"Emmanuel Rodriguez","sa3014693",691181
"Michael Helman ","TEX","OF",999,63,-1.17246243019202,-26.3836886251433,-30.8587325304561,-5.44294812629156,-13.3673076934453,-77.2251394055282,15.996173446092504,-60.228965959435754,-82.15465663640113,,"Michael Helman","24605",680737
"Jorge Barrosa ","ARI","OF",999,77,-1.09548550628088,-26.3836886251433,-30.0170396419198,-5.9165748279738,-13.9892725270996,-77.4020611284174,15.996173446092504,-60.405887682324895,-82.39493286657807,,"Jorge Barrosa","23968",678489
"Anthony Santander ","TOR","OF/DH",748.4199829101562,56,-0.566561196331793,-26.3836886251433,-30.8587325304561,-6.39020152965603,-13.3673076934453,-77.5664915750326,15.996173446092504,-60.570318128940016,-82.6182447764658,,"Anthony Santander","14551",623993
"Brock Wilken ","MIL","3B",999,42,-1.32641627801428,-27.4713791366802,-31.2795789747242,-6.39020152965603,-13.9892725270996,-80.4568484461744,18.884985959350516,-60.571862486823896,-82.62034215876754,,"Brock Wilken","sa3022499",694385
"Christian Franklin ","WSN","OF",999,63,-0.58948377619454,-27.1088156328345,-30.437886086188,-5.44294812629156,-13.9892725270996,-77.5684061486083,15.996173446092504,-60.57223270251575,-82.62084494626777,,"Christian Franklin","sa3017510",681047
"Alejandro Osuna ","TEX","OF",999,56,-0.566561196331793,-26.7462521289889,-30.8587325304561,-5.44294812629156,-13.9892725270996,-77.603766509168,15.996173446092504,-60.60759306307549,-82.6688676197657,,"Alejandro Osuna","27915",696030
"Heston Kjerstad ","BAL","OF",999,56,-0.712305859831163,-26.7462521289889,-30.437886086188,-6.39020152965603,-13.3673076934453,-77.6539532981094,15.996173446092504,-60.6577798520169,-82.7370259682975,,"Heston Kjerstad","31166",677008
"Orlando Arcia ","MIN","2B/3B/SS",999,91,-1.45574257286786,-25.6585616174519,-29.5961931976517,-6.39020152965603,-13.3673076934453,-76.4680066110729,14.77109801783091,-60.69690859324195,-82.79016645483358,,"Orlando Arcia","13185",606115
"Ildemaro Vargas ","ARI","1B/2B/3B/SS/DH",999,91,-1.0414311622325,-26.0211251212975,-29.5961931976517,-5.9165748279738,-13.9892725270996,-76.5645968362552,14.77109801783091,-60.7934988184243,-82.92134500543642,,"Ildemaro Vargas","13324",545121
"Sam Antonacci ","CHW","2B/3B",999,42,-0.206304129744816,-27.4713791366802,-31.2795789747242,-5.44294812629156,-13.9892725270996,-78.3894828945405,15.881529685493165,-61.5079532090473,-83.89164082219062,,"Sam Antonacci","sa3025363",803011
"Leo Jiménez ","MIA","2B/SS",999,77,-1.21830758991751,-26.3836886251433,-30.0170396419198,-6.39020152965603,-13.3673076934453,-77.3765450800819,14.77109801783091,-61.605447062251045,-84.02404658407605,,"Leo Jimenez","23782",677870
"Kyle Farmer ","ATL","2B/DH",999,63,-1.02671776669265,-26.7462521289889,-30.8587325304561,-5.9165748279738,-13.9892725270996,-78.5375497812111,15.881529685493165,-61.65602009571793,-84.09272948876183,,"Kyle Farmer","14813",571657
"Paul DeJong ","NYY","3B",999,21,-0.528925220929192,-28.1965061443715,-32.5421183075287,-6.39020152965603,-13.9892725270996,-81.6470237295851,18.884985959350516,-61.762037770234535,-84.23671139640433,,"Paul DeJong","18015",657557
"Jarred Kelenic ","CHW","OF",999,42,-0.497793456743554,-27.1088156328345,-31.2795789747242,-5.9165748279738,-13.9892725270996,-78.7920354193758,15.996173446092504,-61.79586197328327,-84.28264782447306,,"Jarred Kelenic","22558",672284
"Will Wagner ","SDP","3B",999,21,0.0311308532055393,-28.1965061443715,-32.5421183075287,-6.39020152965603,-14.6112373607539,-81.7089324891047,18.884985959350516,-61.8239465297541,-84.32078927621119,,"Will Wagner","29634",695238
"Maximo Acosta ","MIA","2B/3B/SS",999,56,-0.712305859831163,-27.1088156328345,-30.8587325304561,-4.96932142460932,-13.9892725270996,-77.6384479748308,14.77109801783091,-61.86734995699985,-84.37973518576412,,"Maximo Acosta","27963",691185
"Matthew Lugo ","LAA","OF",999,42,-0.643538120242924,-27.1088156328345,-31.2795789747242,-5.9165748279738,-13.9892725270996,-78.9377800828752,15.996173446092504,-61.94160663678265,-84.48058269500326,,"Matthew Lugo","25980",683090
"Tanner Murray ","CHW","2B/3B",999,56,-0.858050523330532,-26.7462521289889,-30.8587325304561,-6.39020152965603,-13.9892725270996,-78.8425092395312,15.881529685493165,-61.960979554038055,-84.50689292672406,,"Tanner Murray","sa3016805",695020
"Walker Jenkins ","MIN","OF",999,35,-0.0376368863826998,-27.4713791366802,-31.7004254189924,-5.9165748279738,-13.9892725270996,-79.1152887971287,15.996173446092504,-62.11911535103622,-84.72165611429804,,"Walker Jenkins","sa3022894",805805
"Gabriel Gonzalez ","MIN","OF",999,42,0.062262617391177,-27.1088156328345,-31.7004254189924,-6.39020152965603,-13.9892725270996,-79.1264524911915,15.996173446092504,-62.13027904509894,-84.73681745390311,,"Gabriel Gonzalez","sa3015723",694224
"Mark Canha ","TEX","OF",999,63,-1.29528451382864,-27.1088156328345,-30.8587325304561,-5.9165748279738,-13.9892725270996,-79.1686800321928,15.996173446092504,-62.17250658610022,-84.79416640006835,,"Mark Canha","11445",592192
"Miles Mastrobuoni ","SEA","3B/OF",999,14,-0.0687686505683374,-28.5590696482172,-32.9629647517968,-5.9165748279738,-14.6112373607539,-82.11861523931,18.884985959350516,-62.233629279959544,-84.87717672926338,,"Miles Mastrobuoni","20017",670156
"Jonah Bride ","TEX","3B",999,14,-0.0687686505683374,-28.5590696482172,-32.5421183075287,-6.39020152965603,-14.6112373607539,-82.1713954967241,18.884985959350516,-62.28640953737362,-84.94885725029907,,"Jonah Bride","24703",681146
"Kevin Newman ","KCR","3B",999,7,0.245643256293148,-28.5590696482172,-32.9629647517968,-6.39020152965603,-14.6112373607539,-82.2778300341308,18.884985959350516,-62.3928440747803,-85.09340529669544,,"Kevin Newman","17696",621028
"Vimael Machín ","COL","3B",999,7,0.245643256293148,-28.5590696482172,-32.9629647517968,-6.39020152965603,-14.6112373607539,-82.2778300341308,18.884985959350516,-62.3928440747803,-85.09340529669544,,"Vimael Machin","17684",605353
"Ryan Kreidler ","MIN","OF",999,49,-1.2265167742404,-27.4713791366802,-31.2795789747242,-5.44294812629156,-13.9892725270996,-79.409695539036,15.996173446092504,-62.41352209294356,-85.12148797738983,,"Ryan Kreidler","25867",668952
"A.J. Vukovich ","ARI","3B/OF",999,14,-0.214513314067707,-28.5590696482172,-32.5421183075287,-6.39020152965603,-14.6112373607539,-82.3171401602235,18.884985959350516,-62.43215420087299,-85.14679212082925,,"A.J. Vukovich","sa3014525",691021
"Bryan Ramos ","BAL","3B",999,14,-0.214513314067707,-28.1965061443715,-32.9629647517968,-6.39020152965603,-14.6112373607539,-82.375423100646,18.884985959350516,-62.49043714129549,-85.22594579952771,,"Bryan Ramos","25621",682868
"Taylor Trammell ","HOU","OF",999,35,-0.451948297018062,-27.4713791366802,-31.7004254189924,-5.9165748279738,-13.9892725270996,-79.5296002077641,15.996173446092504,-62.533426761671585,-85.28432972068805,,"Taylor Trammell","19960",666211
"Petey Halpin ","CLE","OF",999,49,-0.957950027104408,-27.4713791366802,-31.2795789747242,-5.9165748279738,-13.9892725270996,-79.6147554935823,15.996173446092504,-62.618582047489795,-85.39997855522299,,"Petey Halpin","27931",690984
"Tyler Wade ","TEX","OF",999,49,-0.812205363605039,-27.4713791366802,-31.2795789747242,-5.44294812629156,-14.6112373607539,-79.617348962055,15.996173446092504,-62.62117551596248,-85.40350072772685,,"Tyler Wade","15730",642180
"Gabriel Rincones Jr. ","PHI","OF",999,35,-0.597692960517431,-27.4713791366802,-31.7004254189924,-5.9165748279738,-13.9892725270996,-79.6753448712635,15.996173446092504,-62.67917142517095,-85.48226459121823,,"Gabriel Rincones Jr.","sa3020758",687282
"Kameron Misner ","KCR","OF",999,35,-0.597692960517431,-27.4713791366802,-31.7004254189924,-5.9165748279738,-13.9892725270996,-79.6753448712635,15.996173446092504,-62.67917142517095,-85.48226459121823,,"Kameron Misner","26374",670224
"Jose Siri ","LAA","OF",999,35,-0.7434376240168,-27.4713791366802,-31.7004254189924,-5.9165748279738,-13.9892725270996,-79.8210895347628,15.996173446092504,-62.824916088670314,-85.68019946174842,,"Jose Siri","17452",642350
"Aidan Miller ","PHI","SS",999,42,-0.912104867378916,-27.4713791366802,-31.2795789747242,-4.96932142460932,-13.9892725270996,-78.6216569304924,14.77109801783091,-62.85055891266141,-85.71502481263838,,"Aidan Miller","sa3022609",805795
"Jose Miranda ","SDP","3B",999,14,-0.214513314067707,-28.5590696482172,-32.9629647517968,-6.39020152965603,-14.6112373607539,-82.7379866044917,18.884985959350516,-62.85300064514115,-85.71834091348653,,"Jose Miranda","20538",669304
"Nacho Alvarez Jr. ","ATL","3B",999,7,-0.314412817841584,-28.5590696482172,-32.9629647517968,-6.39020152965603,-14.6112373607539,-82.8378861082656,18.884985959350516,-62.95290014891501,-85.85401377361562,,"Nacho Alvarez Jr.","31765",805373
"Anthony Seigler ","BOS","3B",999,7,-0.314412817841584,-28.5590696482172,-32.9629647517968,-6.39020152965603,-14.6112373607539,-82.8378861082656,18.884985959350516,-62.95290014891501,-85.85401377361562,,"Anthony Seigler","23802",678011
"Patrick Wisdom ","SEA","3B",999,7,-0.314412817841584,-28.5590696482172,-32.9629647517968,-6.39020152965603,-14.6112373607539,-82.8378861082656,18.884985959350516,-62.95290014891501,-85.85401377361562,,"Patrick Wisdom","13602",621550
"Grant McCray ","SFG","OF",999,28,-0.283281053655946,-27.8339426405258,-32.1212718632606,-5.9165748279738,-13.9892725270996,-80.1443429125158,15.996173446092504,-63.14816946642327,-86.11920775157337,,"Grant McCray","25690",687529
"MJ Melendez ","NYM","OF",999,28,-0.283281053655946,-27.8339426405258,-32.1212718632606,-5.9165748279738,-13.9892725270996,-80.1443429125158,15.996173446092504,-63.14816946642327,-86.11920775157337,,"MJ Melendez","22197",669004
"Stuart Fairchild ","CLE","OF",999,28,-0.283281053655946,-27.8339426405258,-32.1212718632606,-5.9165748279738,-13.9892725270996,-80.1443429125158,15.996173446092504,-63.14816946642327,-86.11920775157337,,"Stuart Fairchild","20321",656413
"Ben Gamel ","ATL","OF",999,35,-0.597692960517431,-27.4713791366802,-31.7004254189924,-6.39020152965603,-13.9892725270996,-80.1489715729457,15.996173446092504,-63.152798126853185,-86.12549390491118,,"Ben Gamel","12160",592325
"Luis Matos ","SFG","OF",999,28,-0.429025717155315,-27.8339426405258,-32.1212718632606,-5.9165748279738,-13.9892725270996,-80.2900875760151,15.996173446092504,-63.29391412992264,-86.31714262210356,,"Luis Matos","26467",682641
"Tyler Callihan ","PIT","2B/OF",999,35,-0.7434376240168,-27.8339426405258,-31.7004254189924,-5.9165748279738,-13.9892725270996,-80.1836530386085,15.881529685493165,-63.30212335311532,-86.32829151421929,,"Tyler Callihan","27497",682997
"Spencer Jones ","NYY","OF",999,21,-0.528925220929192,-27.8339426405258,-32.1212718632606,-5.9165748279738,-13.9892725270996,-80.389987079789,15.996173446092504,-63.39381363369651,-86.45281548223265,,"Spencer Jones","sa3019969",682987
"Luis Urías ","ARI","2B",999,28,-0.137536390156577,-27.8339426405258,-32.1212718632606,-6.39020152965603,-13.9892725270996,-80.4722249506987,15.881529685493165,-63.5906952652055,-86.72019913324823,,"Luis Urias","16622",649966
"Tommy Troy ","ARI","2B/SS",999,49,-0.812205363605039,-27.4713791366802,-31.2795789747242,-5.9165748279738,-13.9892725270996,-79.469010830083,14.77109801783091,-63.69791281225203,-86.86581057989521,,"Tommy Troy","sa3022561",694371
"Junior Perez ","ATH","OF",999,28,-0.843337127790677,-27.8339426405258,-32.1212718632606,-5.9165748279738,-13.9892725270996,-80.7043989866506,15.996173446092504,-63.70822554055799,-86.87981622849357,,"Junior Perez","sa3005744",678577
"Pedro León ","PHI","OF",999,21,-0.528925220929192,-28.1965061443715,-32.5421183075287,-5.9165748279738,-13.9892725270996,-81.1733970279028,15.996173446092504,-64.17722358181032,-87.51675938884871,,"Pedro Leon","27781",694175
"Chas McCormick ","CHC","OF",999,21,-0.528925220929192,-28.1965061443715,-32.5421183075287,-5.9165748279738,-13.9892725270996,-81.1733970279028,15.996173446092504,-64.17722358181032,-87.51675938884871,,"Chas McCormick","19599",676801
"Vidal Bruján ","NYM","2B/3B/SS/OF/DH",999,35,-0.597692960517431,-27.8339426405258,-31.7004254189924,-5.9165748279738,-13.9892725270996,-80.0379083751091,14.77109801783091,-64.26681035727819,-87.63842660037942,,"Vidal Brujan","20536",660644
"Tyler Fitzgerald ","SFG","2B",999,21,-0.528925220929192,-28.1965061443715,-32.5421183075287,-5.9165748279738,-13.9892725270996,-81.1733970279028,15.881529685493165,-64.29186734240966,-87.67245632736078,,"Tyler Fitzgerald","26208",666149
"Jhonkensy Noel ","BAL","OF",999,14,-0.214513314067707,-28.1965061443715,-32.5421183075287,-6.39020152965603,-13.9892725270996,-81.3326118227235,15.996173446092504,-64.33643837663107,-87.73298795628075,,"Jhonkensy Noel","24257",678877
"Weston Wilson ","BAL","OF",999,14,-0.214513314067707,-28.1965061443715,-32.5421183075287,-6.39020152965603,-13.9892725270996,-81.3326118227235,15.996173446092504,-64.33643837663107,-87.73298795628075,,"Weston Wilson","19358",642215
"Leo De Vries ","ATH","SS",999,35,-0.597692960517431,-27.4713791366802,-31.7004254189924,-6.39020152965603,-13.9892725270996,-80.1489715729457,14.77109801783091,-64.37787355511477,-87.78926080011361,,"Leo De Vries","sa3023363",815888
"Tristan Peters ","CHW","OF",999,28,-0.283281053655946,-28.1965061443715,-32.1212718632606,-6.39020152965603,-14.6112373607539,-81.602497951698,15.996173446092504,-64.60632450560546,-88.09951853595217,,"Tristan Peters","30063",671976
"Kevin Alcántara ","CHC","OF/DH",999,21,-0.528925220929192,-28.1965061443715,-32.5421183075287,-6.39020152965603,-13.9892725270996,-81.6470237295851,15.996173446092504,-64.65085028349255,-88.15998870254165,,"Kevin Alcantara","25971",682634
"Tyler Black ","MIL","1B/OF",999,14,-0.0687686505683374,-28.5590696482172,-32.5421183075287,-5.9165748279738,-14.6112373607539,-81.6977687950419,15.996173446092504,-64.70159534894941,-88.22890524274344,,"Tyler Black","29949",672012
"Kyren Paris ","LAA","OF",999,14,-0.0687686505683374,-28.5590696482172,-32.5421183075287,-5.9165748279738,-14.6112373607539,-81.6977687950419,15.996173446092504,-64.70159534894941,-88.22890524274344,,"Kyren Paris","26420",677347
"Justin Dean ","CHC","OF",999,14,-0.0687686505683374,-28.5590696482172,-32.5421183075287,-5.9165748279738,-14.6112373607539,-81.6977687950419,15.996173446092504,-64.70159534894941,-88.22890524274344,,"Justin Dean","25005",681909
"Akil Baddoo ","MIL","OF",999,14,-0.0687686505683374,-28.5590696482172,-32.5421183075287,-5.9165748279738,-14.6112373607539,-81.6977687950419,15.996173446092504,-64.70159534894941,-88.22890524274344,,"Akil Baddoo","22168",668731
"Manuel Margot ",,"OF",999,21,0.0311308532055393,-28.1965061443715,-32.5421183075287,-6.39020152965603,-14.6112373607539,-81.7089324891047,15.996173446092504,-64.71275904301211,-88.24406658234851,,"Manuel Margot","14712",622534
"Jonatan Clase ","TOR","OF",999,14,-0.214513314067707,-28.5590696482172,-32.5421183075287,-5.9165748279738,-14.6112373607539,-81.8435134585413,15.996173446092504,-64.84734001244878,-88.42684011327363,,"Jonatan Clase","26599",682729
"Bryan Torres ","STL","OF",999,14,-0.0687686505683374,-28.5590696482172,-32.9629647517968,-5.9165748279738,-14.6112373607539,-82.11861523931,15.996173446092504,-65.12244179321756,-88.8004540354007,,"Bryan Torres","sa885119",663494
"Blake Dunn ","CIN","OF",999,14,-0.0687686505683374,-28.5590696482172,-32.9629647517968,-5.9165748279738,-14.6112373607539,-82.11861523931,15.996173446092504,-65.12244179321756,-88.8004540354007,,"Blake Dunn","29487",694362
"Joshua Báez ","STL","OF",999,14,-0.214513314067707,-28.5590696482172,-32.9629647517968,-5.9165748279738,-14.6112373607539,-82.2643599028094,15.996173446092504,-65.26818645671692,-88.9983889059309,,"Joshua Baez","sa3017022",695491
"Sterlin Thompson ","COL","OF",999,7,0.245643256293148,-28.5590696482172,-32.9629647517968,-6.39020152965603,-14.6112373607539,-82.2778300341308,15.996173446092504,-65.2816565880383,-89.01668260283274,,"Sterlin Thompson","sa3019999",694514
"Matt Koperniak ","STL","OF",999,7,0.245643256293148,-28.5590696482172,-32.9629647517968,-6.39020152965603,-14.6112373607539,-82.2778300341308,15.996173446092504,-65.2816565880383,-89.01668260283274,,"Matt Koperniak","sa3014834",689288
"Rece Hinds ","CIN","OF",999,7,0.245643256293148,-28.5590696482172,-32.9629647517968,-6.39020152965603,-14.6112373607539,-82.2778300341308,15.996173446092504,-65.2816565880383,-89.01668260283274,,"Rece Hinds","27493",677956
"Victor Mesa Jr. ","TBR","OF",999,7,0.245643256293148,-28.5590696482172,-32.9629647517968,-6.39020152965603,-14.6112373607539,-82.2778300341308,15.996173446092504,-65.2816565880383,-89.01668260283274,,"Victor Mesa Jr.","25999",683748
"José Azocar ","ATL","OF/DH",999,7,0.245643256293148,-28.5590696482172,-32.9629647517968,-6.39020152965603,-14.6112373607539,-82.2778300341308,15.996173446092504,-65.2816565880383,-89.01668260283274,,"Jose Azocar","18821",640492
"Trey Mancini ","LAA","1B/DH/OF",999,7,0.245643256293148,-28.5590696482172,-32.9629647517968,-6.39020152965603,-14.6112373607539,-82.2778300341308,15.996173446092504,-65.2816565880383,-89.01668260283274,,"Trey Mancini","15149",641820
"Drew Waters ","KCR","OF",999,14,-0.214513314067707,-28.5590696482172,-32.5421183075287,-6.39020152965603,-14.6112373607539,-82.3171401602235,15.996173446092504,-65.320966714131,-89.07006942696658,,"Drew Waters","20505",671221
"Rowdy Tellez ","ATL","1B",999,35,-0.183381549882069,-27.1088156328345,-31.7004254189924,-6.39020152965603,-13.9892725270996,-79.3720966584647,13.02649879631637,-65.34559786214831,-89.10352082735928,,"Rowdy Tellez","15679",642133
"Steward Berroa ","MIL","OF",999,7,-0.314412817841584,-28.5590696482172,-32.9629647517968,-5.9165748279738,-14.6112373607539,-82.3642594065833,15.996173446092504,-65.36808596049079,-89.13406176605997,,"Steward Berroa","22766",672642
"Dairon Blanco ","TEX","OF",999,7,-0.314412817841584,-28.5590696482172,-32.9629647517968,-5.9165748279738,-14.6112373607539,-82.3642594065833,15.996173446092504,-65.36808596049079,-89.13406176605997,,"Dairon Blanco","19779",680118
"Bryan De La Cruz ","PHI","OF/DH",999,14,-0.214513314067707,-28.1965061443715,-32.9629647517968,-6.39020152965603,-14.6112373607539,-82.375423100646,15.996173446092504,-65.37924965455349,-89.14922310566503,,"Bryan De La Cruz","19600",650559
"Eloy Jiménez ","TOR","DH/OF",999,14,-0.214513314067707,-28.1965061443715,-32.9629647517968,-6.39020152965603,-14.6112373607539,-82.375423100646,15.996173446092504,-65.37924965455349,-89.14922310566503,,"Eloy Jimenez","17484",650391
"Brett Wisely ","ATL","2B",999,21,-0.528925220929192,-28.1965061443715,-32.5421183075287,-6.39020152965603,-14.6112373607539,-82.2689885632393,15.881529685493165,-65.38745887774618,-89.16037199778077,,"Brett Wisely","27735",689172
"Hao-Yu  Lee ","DET","2B/3B",999,7,0.245643256293148,-28.5590696482172,-32.9629647517968,-6.39020152965603,-14.6112373607539,-82.2778300341308,15.881529685493165,-65.39630034863764,-89.17237954134482,,"Hao-Yu  Lee","sa3017863",701678
"James Triantos ","CHC","2B/3B",999,7,0.245643256293148,-28.5590696482172,-32.9629647517968,-6.39020152965603,-14.6112373607539,-82.2778300341308,15.881529685493165,-65.39630034863764,-89.17237954134482,,"James Triantos","sa3017295",701649
"Cameron Cauley ","TEX","2B/SS",999,21,-0.528925220929192,-28.1965061443715,-32.5421183075287,-5.9165748279738,-13.9892725270996,-81.1733970279028,14.77109801783091,-65.40229901007191,-89.18052628405113,,"Cameron Cauley","sa3017167",695508
"Kemp Alderman ","MIA","OF",999,7,0.0998985927937785,-28.5590696482172,-32.9629647517968,-6.39020152965603,-14.6112373607539,-82.4235746976302,15.996173446092504,-65.42740125153767,-89.21461747336294,,"Kemp Alderman","sa3022562",694580
"Héctor Rodríguez ","CIN","OF",999,7,0.0998985927937785,-28.5590696482172,-32.9629647517968,-6.39020152965603,-14.6112373607539,-82.4235746976302,15.996173446092504,-65.42740125153767,-89.21461747336294,,"Hector Rodriguez","sa3015828",699302
"Rhylan Thomas ","SEA","OF",999,7,0.0998985927937785,-28.5590696482172,-32.9629647517968,-6.39020152965603,-14.6112373607539,-82.4235746976302,15.996173446092504,-65.42740125153767,-89.21461747336294,,"Rhylan Thomas","31793",689041
"Max Anderson ","DET","2B",999,7,0.0998985927937785,-28.5590696482172,-32.9629647517968,-6.39020152965603,-14.6112373607539,-82.4235746976302,15.881529685493165,-65.542045012137,-89.37031441187501,,"Max Anderson","sa3022567",801194
"Josh Rojas ","KCR","2B/3B",999,14,-0.0687686505683374,-28.5590696482172,-32.9629647517968,-6.39020152965603,-14.6112373607539,-82.5922419409923,15.881529685493165,-65.71071225549913,-89.59938028760574,,"Josh Rojas","19734",668942
"Andrew Pintar ","MIA","OF",999,14,-0.214513314067707,-28.5590696482172,-32.9629647517968,-6.39020152965603,-14.6112373607539,-82.7379866044917,15.996173446092504,-65.74181315839915,-89.64161821962385,,"Andrew Pintar","sa3020715",801464
"Victor Bericoto ","SFG","1B/OF",999,14,-0.214513314067707,-28.5590696482172,-32.9629647517968,-6.39020152965603,-14.6112373607539,-82.7379866044917,15.996173446092504,-65.74181315839915,-89.64161821962385,,"Victor Bericoto","sa3008767",682674
"Garrett Hampson ","CIN","OF",999,14,-0.214513314067707,-28.5590696482172,-32.9629647517968,-6.39020152965603,-14.6112373607539,-82.7379866044917,15.996173446092504,-65.74181315839915,-89.64161821962385,,"Garrett Hampson","19262",641658
"RJ Schreck ","TOR","OF",999,7,-0.314412817841584,-28.5590696482172,-32.9629647517968,-6.39020152965603,-14.6112373607539,-82.8378861082656,15.996173446092504,-65.84171266217304,-89.77729107975294,,"RJ Schreck","sa3022602",702302
"Ryan Clifford ","NYM","1B/OF",999,7,-0.314412817841584,-28.5590696482172,-32.9629647517968,-6.39020152965603,-14.6112373607539,-82.8378861082656,15.996173446092504,-65.84171266217304,-89.77729107975294,,"Ryan Clifford","sa3020126",691775
"Jase Bowen ","SDP","OF",999,7,-0.314412817841584,-28.5590696482172,-32.9629647517968,-6.39020152965603,-14.6112373607539,-82.8378861082656,15.996173446092504,-65.84171266217304,-89.77729107975294,,"Jase Bowen","sa3011267",687749
"Brennen Davis ","SEA","OF",999,7,-0.314412817841584,-28.5590696482172,-32.9629647517968,-6.39020152965603,-14.6112373607539,-82.8378861082656,15.996173446092504,-65.84171266217304,-89.77729107975294,,"Brennen Davis","sa3007876",680695
"Kristian Robinson ","ARI","OF",999,7,-0.314412817841584,-28.5590696482172,-32.9629647517968,-6.39020152965603,-14.6112373607539,-82.8378861082656,15.996173446092504,-65.84171266217304,-89.77729107975294,,"Kristian Robinson","sa3006884",677565
"Ryan Ward ","LAD","OF",999,7,-0.314412817841584,-28.5590696482172,-32.9629647517968,-6.39020152965603,-14.6112373607539,-82.8378861082656,15.996173446092504,-65.84171266217304,-89.77729107975294,,"Ryan Ward","sa1169792",669899
"Dominic Fletcher ","PIT","OF",999,7,-0.314412817841584,-28.5590696482172,-32.9629647517968,-6.39020152965603,-14.6112373607539,-82.8378861082656,15.996173446092504,-65.84171266217304,-89.77729107975294,,"Dominic Fletcher","26149",666150
"Gustavo Campero ","LAA","OF",999,7,-0.314412817841584,-28.5590696482172,-32.9629647517968,-6.39020152965603,-14.6112373607539,-82.8378861082656,15.996173446092504,-65.84171266217304,-89.77729107975294,,"Gustavo Campero","22707",672569
"Michael Siani ","LAD","OF",999,7,-0.314412817841584,-28.5590696482172,-32.9629647517968,-6.39020152965603,-14.6112373607539,-82.8378861082656,15.996173446092504,-65.84171266217304,-89.77729107975294,,"Michael Siani","22557",672279
"Samad Taylor ","SDP","OF",999,7,-0.314412817841584,-28.5590696482172,-32.9629647517968,-6.39020152965603,-14.6112373607539,-82.8378861082656,15.996173446092504,-65.84171266217304,-89.77729107975294,,"Samad Taylor","22274",669392
"Jared Young ","NYM","1B/OF/DH",999,7,-0.314412817841584,-28.5590696482172,-32.9629647517968,-6.39020152965603,-14.6112373607539,-82.8378861082656,15.996173446092504,-65.84171266217304,-89.77729107975294,,"Jared Young","20404",676724
"Cristian Pache ","NYM","OF",999,7,-0.314412817841584,-28.5590696482172,-32.9629647517968,-6.39020152965603,-14.6112373607539,-82.8378861082656,15.996173446092504,-65.84171266217304,-89.77729107975294,,"Cristian Pache","19948",665506
"César Prieto ","STL","2B/DH",999,14,-0.214513314067707,-28.5590696482172,-32.9629647517968,-6.39020152965603,-14.6112373607539,-82.7379866044917,15.881529685493165,-65.85645691899849,-89.79731515813592,,"Cesar Prieto","30163",693409
"Nick Madrigal ","LAA","2B/3B",999,14,-0.214513314067707,-28.5590696482172,-32.9629647517968,-6.39020152965603,-14.6112373607539,-82.7379866044917,15.881529685493165,-65.85645691899849,-89.79731515813592,,"Nick Madrigal","20521",663611
"Denzer Guzman ","LAA","SS",999,21,-0.528925220929192,-28.1965061443715,-32.5421183075287,-6.39020152965603,-13.9892725270996,-81.6470237295851,14.77109801783091,-65.87592571175414,-89.82375559774407,,"Denzer Guzman","28816",694203
"Max Schuemann ","NYY","2B/3B/SS",999,21,-0.383180557429823,-28.1965061443715,-32.5421183075287,-5.9165748279738,-14.6112373607539,-81.6496171980577,14.77109801783091,-65.87851918022683,-89.82727777024797,,"Max Schuemann","24488",680474
"Mason McCoy ","SDP","2B/SS/DH",999,28,-0.843337127790677,-28.1965061443715,-32.1212718632606,-5.9165748279738,-14.6112373607539,-81.6889273241504,14.77109801783091,-65.91782930631955,-89.88066459438181,,"Mason McCoy","22232",669200
"Edwin Arroyo ","CIN","SS",999,21,0.0311308532055393,-28.1965061443715,-32.5421183075287,-6.39020152965603,-14.6112373607539,-81.7089324891047,14.77109801783091,-65.9378344712737,-89.90783347755094,,"Edwin Arroyo","sa3017626",695490
"Shay Whitcomb ","HOU","2B/3B/OF/DH",999,7,-0.314412817841584,-28.5590696482172,-32.9629647517968,-6.39020152965603,-14.6112373607539,-82.8378861082656,15.881529685493165,-65.95635642277237,-89.93298801826502,,"Shay Whitcomb","27789",694376
"Cavan Biggio ","HOU","1B/2B/3B/OF/DH",999,7,-0.314412817841584,-28.5590696482172,-32.9629647517968,-6.39020152965603,-14.6112373607539,-82.8378861082656,15.881529685493165,-65.95635642277237,-89.93298801826502,,"Cavan Biggio","19252",624415
"Trei Cruz ","DET","SS",999,14,-0.0687686505683374,-28.5590696482172,-32.5421183075287,-6.39020152965603,-14.6112373607539,-82.1713954967241,14.77109801783091,-66.40029747889324,-90.53590145163882,,"Trei Cruz","sa3014420",669360
"Jared Serna ","MIA","2B/SS",999,21,-0.528925220929192,-28.1965061443715,-32.5421183075287,-6.39020152965603,-14.6112373607539,-82.2689885632393,14.77109801783091,-66.49789054540844,-90.6684419544711,,"Jared Serna","sa3015579",691858
"Josh Kasevich ","TOR","SS",999,7,0.245643256293148,-28.5590696482172,-32.9629647517968,-6.39020152965603,-14.6112373607539,-82.2778300341308,14.77109801783091,-66.50673201629989,-90.68044949803517,,"Josh Kasevich","sa3020203",688460
"Trey Sweeney ","DET","SS",999,14,-0.214513314067707,-28.5590696482172,-32.5421183075287,-6.39020152965603,-14.6112373607539,-82.3171401602235,14.77109801783091,-66.54604214239261,-90.73383632216898,,"Trey Sweeney","29575",700242
"Scott Kingery ","CHC","2B/SS/OF",999,14,-0.214513314067707,-28.5590696482172,-32.5421183075287,-6.39020152965603,-14.6112373607539,-82.3171401602235,14.77109801783091,-66.54604214239261,-90.73383632216898,,"Scott Kingery","17975",664068
"Trey Lipscomb ","WSN","1B/3B/SS",999,7,0.0998985927937785,-28.5590696482172,-32.9629647517968,-6.39020152965603,-14.6112373607539,-82.4235746976302,14.77109801783091,-66.65247667979926,-90.87838436856535,,"Trey Lipscomb","31567",702358
"Nick Sogard ","BOS","1B/2B/3B/SS/OF",999,14,-0.0687686505683374,-28.5590696482172,-32.9629647517968,-6.39020152965603,-14.6112373607539,-82.5922419409923,14.77109801783091,-66.82114392316139,-91.10745024429609,,"Nick Sogard","25483",686765
"Nicky Lopez ","COL","2B/3B/SS/OF",999,7,0.245643256293148,-28.9216331520628,-32.9629647517968,-6.39020152965603,-14.6112373607539,-82.6403935379764,14.77109801783091,-66.86929552014554,-91.17284461199398,,"Nicky Lopez","19339",670032
"Alika Williams ","PIT","SS",999,14,-0.214513314067707,-28.5590696482172,-32.9629647517968,-6.39020152965603,-14.6112373607539,-82.7379866044917,14.77109801783091,-66.96688858666074,-91.30538511482628,,"Alika Williams","27604",675961
"Luis Vázquez ","BAL","1B/2B/3B/SS/DH",999,14,-0.214513314067707,-28.5590696482172,-32.9629647517968,-6.39020152965603,-14.6112373607539,-82.7379866044917,14.77109801783091,-66.96688858666074,-91.30538511482628,,"Luis Vazquez","23442",676679
"Kahlil Watson ","CLE","SS/OF",999,7,-0.314412817841584,-28.5590696482172,-32.9629647517968,-6.39020152965603,-14.6112373607539,-82.8378861082656,14.77109801783091,-67.06678809043463,-91.44105797495536,,"Kahlil Watson","sa3017513",696135
"Ben Cowles ","CHC","2B/SS",999,7,-0.314412817841584,-28.5590696482172,-32.9629647517968,-6.39020152965603,-14.6112373607539,-82.8378861082656,14.77109801783091,-67.06678809043463,-91.44105797495536,,"Ben Cowles","sa3016976",701496
"Sergio Alcántara ","PHI","3B/SS",999,7,-0.314412817841584,-28.5590696482172,-32.9629647517968,-6.39020152965603,-14.6112373607539,-82.8378861082656,14.77109801783091,-67.06678809043463,-91.44105797495536,,"Sergio Alcantara","16417",642727
"Matt Mervis ","WSN","1B",999,21,-0.528925220929192,-27.8339426405258,-32.5421183075287,-6.39020152965603,-13.9892725270996,-81.2844602257394,13.02649879631637,-67.25796142942303,-91.70068923137976,,"Matt Mervis","27845",670223
"Ethan Murray ","MIL","2B/SS",999,14,-0.628824724703069,-28.5590696482172,-32.9629647517968,-6.39020152965603,-14.6112373607539,-83.152298015127,14.77109801783091,-67.38119999729612,-91.86805872121627,,"Ethan Murray","sa3017051",696140
"Tre' Morgan ","TBR","1B",999,21,-0.383180557429823,-28.1965061443715,-32.5421183075287,-6.39020152965603,-14.6112373607539,-82.12324389974,13.02649879631637,-68.09674510342361,-92.8398358315354,,"Tre' Morgan","sa3022919",691003
"Justin Foscue ","TEX","1B/DH",999,14,-0.0687686505683374,-28.1965061443715,-32.9629647517968,-6.39020152965603,-14.6112373607539,-82.2296784371466,13.02649879631637,-68.20317964083026,-92.98438387793175,,"Justin Foscue","27501",679822
"Jonathon Long ","CHC","1B",999,7,0.245643256293148,-28.5590696482172,-32.9629647517968,-6.39020152965603,-14.6112373607539,-82.2778300341308,13.02649879631637,-68.25133123781443,-93.04977824562964,,"Jonathon Long","sa3022864",675085
"Christian Encarnacion-Strand ","CIN","1B",999,7,0.245643256293148,-28.5590696482172,-32.9629647517968,-6.39020152965603,-14.6112373607539,-82.2778300341308,13.02649879631637,-68.25133123781443,-93.04977824562964,,"Christian Encarnacion-Strand","30011",687952
"Tim Elko ","CHW","1B",999,7,0.0998985927937785,-28.5590696482172,-32.9629647517968,-6.39020152965603,-14.6112373607539,-82.4235746976302,13.02649879631637,-68.3970759013138,-93.24771311615982,,"Tim Elko","31522",671284
"Kris Bryant ","COL","DH",999,14,-0.0687686505683374,-28.5590696482172,-32.9629647517968,-6.39020152965603,-14.6112373607539,-82.5922419409923,13.02649879631637,-68.56574314467592,-93.47677899189054,,"Kris Bryant","15429",592178
"Enmanuel Valdez ","PIT","1B",999,7,-0.314412817841584,-28.5590696482172,-32.9629647517968,-6.39020152965603,-14.6112373607539,-82.8378861082656,13.02649879631637,-68.81138731194918,-93.81038672254982,,"Enmanuel Valdez","21716",665839