Name,Team,G,PA,AB,H,1B,2B,3B,HR,R,RBI,BB,IBB,SO,HBP,SF,SH,GDP,SB,CS,AVG,BB%,K%,BB/K,OBP,SLG,wOBA,OPS,ISO,Spd,BABIP,UBR,wSB,wRC,wRAA,wRC+,BsR,Fld,Off,Def,WAR,ADP,InterSD,InterSK,IntraSD,Vol,Skew,Dim,FPTS,FPTS/G,SPTS,SPTS/G,P10,P20,P30,P40,P50,P60,P70,P80,P90,TT10,TT20,TT30,TT40,TT50,TT60,TT70,TT80,TT90,NameASCII,PlayerId,MLBAMID
"Aaron Judge","NYY",159,686,558,156,80,27,0,49,114,124,116,15,178,6,5,1,,8,2,0.279083,0.169327,0.258891,0.654046,0.405903,0.591868,0.4162,0.99777,0.312785,3.53966,0.317417,0.073951,-0.430608,138.784,58.5375,176.548,-0.356657,-2.87091,59.72768944501877,-11.420905113220215,7.35449,3.0999999046325684,,,,,,,1230.1,7.736477987,1230.1,7.736477987,,,,,,,,,,,,,,,,,,,"Aaron Judge","15640",592450
"Bobby Witt Jr.","KCR",159,686,623,182,107,37,8,31,108,101,50,5,111,7,6,1,,32,11,0.29275,0.0728782,0.161738,0.450593,0.348587,0.52516,0.369805,0.873746,0.23241,7.13678,0.311475,1.41685,0.7422,113.169,32.9217,139.451,2.15905,4.05267,33.12494492530823,11.402672290802002,6.96418,1.7100000381469727,,,,,,,1041.5,6.550314465,1041.5,6.550314465,,,,,,,,,,,,,,,,,,,"Bobby Witt Jr.","25764",677951
"Juan Soto","NYM",159,686,542,152,87,27,2,35,113,100,135,7,112,4,4,1,,8,4,0.279986,0.196634,0.16388,1.19987,0.423749,0.530935,0.408491,0.954684,0.250949,3.80786,0.293208,-1.24115,-1.58154,134.528,54.2814,168.123,-2.82269,-3.87505,53.0599844455719,-12.22505521774292,6.5779,7.239999771118164,,,,,,,1148.9,7.225786163,1148.9,7.225786163,,,,,,,,,,,,,,,,,,,"Juan Soto","20123",665742
"Julio Rodríguez","SEA",157,679,618,172,112,29,2,29,96,92,48,3,159,9,3,1,,28,7,0.278753,0.0703654,0.234067,0.30062,0.337358,0.473925,0.348765,0.811283,0.195172,5.60102,0.329963,0.971788,1.29184,100.515,21.0873,135.499,2.26363,5.28363,29.843139171600342,7.508626699447632,6.19894,13.210000038146973,,,,,,,917.9,5.846496815,917.9,5.846496815,,,,,,,,,,,,,,,,,,,"Julio Rodriguez","23697",677594
"Gunnar Henderson","BAL",144,623,544,149,87,27,6,29,98,89,68,1,138,6,4,1,,16,4,0.274968,0.109753,0.221193,0.496186,0.359323,0.506779,0.371284,0.866101,0.23181,6.163,0.315986,1.06733,0.225389,103.517,30.6397,147.584,1.29272,-2.74135,35.21238362789154,3.6836459636688232,6.16533,8.630000114440918,,,,,,,916.7,6.365972222,916.7,6.365972222,,,,,,,,,,,,,,,,,,,"Gunnar Henderson","26289",683002
"Mookie Betts","LAD",156,672,577,162,97,34,3,28,108,93,83,3,93,6,5,1,,15,3,0.28088,0.123096,0.138279,0.890203,0.37439,0.497153,0.374441,0.871543,0.216274,5.30704,0.290261,0.334323,0.144376,113.366,34.7571,143.389,0.478699,-6.9491,35.3456956744194,-0.14910411834716797,5.94741,13.420000076293945,,,,,,,996.2,6.385897435,996.2,6.385897435,,,,,,,,,,,,,,,,,,,"Mookie Betts","13611",605141
"Francisco Lindor","NYM",159,686,607,157,95,31,3,28,101,89,63,2,130,10,5,2,,23,5,0.259323,0.0912817,0.189687,0.481223,0.336552,0.458025,0.343332,0.794576,0.198701,5.91281,0.28533,0.574581,1.30238,98.5519,18.305,124.266,1.87696,5.46517,21.78321075439453,12.565170764923096,5.90799,14.430000305175781,,,,,,,891.1,5.604402515,891.1,5.604402515,,,,,,,,,,,,,,,,,,,"Francisco Lindor","12916",596019
"Fernando Tatis Jr.","SDP",152,658,590,164,91,34,1,37,104,101,57,1,141,7,3,1,,19,4,0.277705,0.0866308,0.214183,0.404472,0.346374,0.529441,0.37368,0.875815,0.251736,5.21063,0.305077,0.951264,0.98478,110.602,33.63,144.856,1.93604,4.9458,37.2303706407547,-2.504195213317871,5.85066,11.359999656677246,,,,,,,997.4,6.561842105,997.4,6.561842105,,,,,,,,,,,,,,,,,,,"Fernando Tatis Jr.","19709",665487
"Shohei Ohtani","LAD",151,651,561,160,83,30,5,42,119,116,79,11,150,5,4,1,,36,6,0.284983,0.122094,0.22991,0.531051,0.376241,0.579697,0.400061,0.955938,0.294714,7.05507,0.315661,0.299401,3.37294,123.248,47.095,160.634,3.67234,0,50.87376570701599,-16.274999618530273,5.81341,1.4900000095367432,,,,,,,1148.9,7.608609271,1148.9,7.608609271,,,,,,,,,,,,,,,,,,,"Shohei Ohtani","19755",660271
"Yordan Alvarez","HOU",141,609,522,157,88,32,2,36,94,104,73,11,104,10,5,0,,3,1,0.301792,0.119128,0.170049,0.700547,0.393986,0.576684,0.407206,0.970671,0.274893,3.42856,0.314503,-0.56005,-0.816812,118.798,47.5587,171.773,-1.37686,-0.0580843,48.63618493080139,-13.28308468312025,5.75115,17.110000610351562,,,,,,,1051.7,7.458865248,1051.7,7.458865248,,,,,,,,,,,,,,,,,,,"Yordan Alvarez","19556",670541
"José Ramírez","CLE",156,672,598,165,94,38,3,30,99,100,64,16,81,4,6,1,,29,6,0.275258,0.0952116,0.120989,0.786946,0.345748,0.500417,0.354499,0.846165,0.225158,5.73961,0.272591,0.808473,2.18946,102.58,23.9711,134.396,2.99793,1.76802,29.445091724395752,3.5680218935012817,5.72672,4.940000057220459,,,,,,,977.6,6.266666666,977.6,6.266666666,,,,,,,,,,,,,,,,,,,"Jose Ramirez","13510",608070
"Cal Raleigh","SEA",146,584,517,118,63,23,1,30,71,85,58,2,159,4,4,0,,3,1,0.22723,0.0987994,0.272851,0.3621,0.307583,0.451632,0.326251,0.759214,0.224402,3.12651,0.262778,-0.827509,-0.727151,75.8436,7.55182,119.662,-1.55466,5.58567,11.57915735244751,12.935672283172607,5.28862,87,,,,,,,687.1,4.706164383,687.1,4.706164383,,,,,,,,,,,,,,,,,,,"Cal Raleigh","21534",663728
"Patrick Bailey","SFG",128,506,456,108,73,22,1,12,53,52,42,0,121,3,4,1,,4,1,0.237543,0.0831535,0.23909,0.347792,0.303254,0.370381,0.296276,0.673635,0.132838,3.69157,0.294419,-0.0593358,-0.41789,53.4863,-5.6578,91.0474,-0.477226,9.76145,-5.889953792095184,19.63645362854004,5.10012,304.7799987792969,,,,,,,470.9,3.67890625,470.9,3.67890625,,,,,,,,,,,,,,,,,,,"Patrick Bailey","27478",672275
"Jackson Merrill","SDP",154,665,616,173,111,31,5,25,84,94,39,2,110,3,5,3,,15,4,0.280718,0.0586167,0.165539,0.354096,0.323648,0.470304,0.339714,0.793952,0.189586,5.57876,0.304651,0.135722,0.155689,93.5982,15.8078,121.994,0.291411,5.76892,17.781222015619278,8.143916130065918,4.96579,27.360000610351562,,,,,,,849.5,5.516233766,849.5,5.516233766,,,,,,,,,,,,,,,,,,,"Jackson Merrill","29490",701538
"Michael Harris II","ATL",143,616,571,166,108,31,4,23,85,85,34,2,118,6,4,1,,18,5,0.291515,0.0557357,0.192351,0.28976,0.336554,0.4836,0.351267,0.820154,0.192085,5.68314,0.330349,0.688156,0.291066,92.4299,20.3714,124.901,0.979222,5.87424,19.321556627750397,8.074236154556274,4.94907,40.189998626708984,,,,,,,827.7,5.788111888,827.7,5.788111888,,,,,,,,,,,,,,,,,,,"Michael Harris II","25931",671739
"Ronald Acuña Jr.","ATL",128,553,474,139,86,26,2,26,101,73,66,2,101,8,3,1,,39,9,0.293422,0.119021,0.181914,0.654271,0.386816,0.519003,0.389074,0.905819,0.225581,6.86006,0.323318,1.00634,3.00786,99.8041,35.1153,150.347,4.01421,-1.50667,37.3079195022583,-7.831672668457031,4.94714,37.380001068115234,,,,,,,906.5,7.08203125,906.5,7.08203125,,,,,,,,,,,,,,,,,,,"Ronald Acuna Jr.","18401",660670
"Elly De La Cruz","CIN",154,665,595,154,89,32,8,26,99,88,62,2,195,5,3,1,,54,14,0.2588,0.0927838,0.293699,0.315914,0.331792,0.467847,0.343746,0.799639,0.209046,8.20914,0.340665,0.520133,3.93397,95.7567,17.9662,114.557,4.4541,2.53423,16.02986431121826,9.659230709075928,4.94141,4.440000057220459,,,,,,,914.6,5.938961038,914.6,5.938961038,,,,,,,,,,,,,,,,,,,"Elly De La Cruz","26668",682829
"Corey Seager","TEX",126,546,481,136,81,26,1,28,79,80,55,9,93,5,4,1,,2,1,0.282925,0.101525,0.169947,0.59739,0.360348,0.513699,0.369721,0.874047,0.230774,2.55259,0.297472,-0.956254,-1.0494,90.0361,26.1661,143.878,-2.00566,-0.444423,25.40635085105896,3.4055773317813873,4.85835,46.18000030517578,,,,,,,805.9,6.396031746,805.9,6.396031746,,,,,,,,,,,,,,,,,,,"Corey Seager","13624",608369
"William Contreras","MIL",156,626,551,150,95,31,1,23,83,83,68,3,132,4,3,0,,7,2,0.272457,0.108524,0.210963,0.514421,0.354515,0.45822,0.351611,0.812734,0.185762,3.77898,0.318524,-0.634454,-0.568628,94.1637,20.8886,125.953,-1.20308,-1.55351,18.23704242706299,4.446488261222839,4.82157,24.579999923706055,,,,,,,824.5,5.28525641,824.5,5.28525641,,,,,,,,,,,,,,,,,,,"William Contreras","20503",661388
"Vladimir Guerrero Jr.","TOR",157,679,597,176,108,35,0,33,98,102,71,8,97,6,4,1,,5,2,0.294816,0.105283,0.14218,0.740495,0.374174,0.518648,0.379938,0.892822,0.223832,2.73395,0.30403,-1.53539,-1.22806,117.551,38.1234,152.395,-2.76345,-2.15194,37.943134784698486,-13.976935148239136,4.81651,12.890000343322754,,,,,,,1035.2,6.593630573,1035.2,6.593630573,,,,,,,,,,,,,,,,,,,"Vladimir Guerrero Jr.","19611",665489
"Adley Rutschman","BAL",146,586,511,134,87,28,1,18,74,68,66,3,92,4,4,1,,2,0,0.261267,0.112718,0.156915,0.718335,0.347164,0.42559,0.336531,0.772754,0.164323,2.98853,0.28472,0.341601,-0.924894,81.0057,12.4332,123.138,-0.583293,2.20569,14.936077773571014,8.355689525604248,4.6301,62.06999969482422,,,,,,,709.3,4.858219178,709.3,4.858219178,,,,,,,,,,,,,,,,,,,"Adley Rutschman","26288",668939
"Kyle Tucker","CHC",154,665,575,155,92,31,2,30,93,97,82,6,102,2,5,0,,21,3,0.269041,0.123577,0.153353,0.805834,0.359955,0.486102,0.362159,0.846057,0.217061,4.8906,0.278282,0.672398,1.48475,105.612,27.8213,135.97,2.15715,0.230066,30.760876417160034,-8.094933360815048,4.62919,8.819999694824219,,,,,,,959.8,6.232467532,959.8,6.232467532,,,,,,,,,,,,,,,,,,,"Kyle Tucker","18345",663656
"Bryce Harper","PHI",154,665,568,161,90,39,0,31,95,99,87,11,145,4,5,1,,10,3,0.282482,0.130853,0.217801,0.60079,0.378898,0.515312,0.379325,0.894209,0.23283,3.61205,0.326347,-1.14377,-0.717058,114.799,37.0089,144.388,-1.86082,1.24228,33.43741989135742,-10.83272135257721,4.62287,22.06999969482422,,,,,,,1021.7,6.634415584,1021.7,6.634415584,,,,,,,,,,,,,,,,,,,"Bryce Harper","11579",547180
"Austin Riley","ATL",157,679,607,165,97,33,2,33,96,98,56,1,165,10,6,1,,2,0,0.271327,0.0823407,0.243103,0.338707,0.339651,0.493614,0.357042,0.833265,0.222287,3.18679,0.318393,0.0524855,-1.08231,105.039,25.6109,128.788,-1.02982,-2.69439,22.344456791877747,-0.2693934440612793,4.61634,28.920000076293945,,,,,,,936.1,5.962420382,936.1,5.962420382,,,,,,,,,,,,,,,,,,,"Austin Riley","18360",663586
"Trea Turner","PHI",156,672,620,175,117,33,2,23,97,83,41,1,129,6,4,1,,23,4,0.282845,0.060953,0.191873,0.317674,0.331221,0.455921,0.339644,0.787142,0.173076,5.78054,0.322429,1.0236,1.77584,94.5458,15.9365,117.681,2.79944,-2.15923,17.007298707962036,5.040772914886475,4.58947,23.809999465942383,,,,,,,856.8,5.492307692,856.8,5.492307692,,,,,,,,,,,,,,,,,,,"Trea Turner","16252",607208
"Ketel Marte","ARI",147,637,558,153,91,32,4,26,92,87,67,5,115,6,5,1,,7,2,0.274831,0.104765,0.180932,0.57903,0.35502,0.487492,0.36033,0.842512,0.212661,4.7937,0.30106,-0.160544,-0.460218,100.227,25.7122,130.559,-0.620762,-1.11817,22.656631529331207,-0.4431650638580322,4.48611,31.3799991607666,,,,,,,885.5,6.023809523,885.5,6.023809523,,,,,,,,,,,,,,,,,,,"Ketel Marte","13613",606466
"Riley Greene","DET",151,651,574,154,97,29,6,23,89,80,68,2,161,5,3,1,,6,2,0.268806,0.104462,0.247483,0.4221,0.349441,0.459529,0.349666,0.808969,0.190723,4.9473,0.333715,0.321954,-0.954901,96.8425,20.6898,130.944,-0.632946,6.14973,22.416406214237213,-0.7252707481384277,4.485,109.83000183105469,,,,,,,847.7,5.613907284,847.7,5.613907284,,,,,,,,,,,,,,,,,,,"Riley Greene","25976",682985
"Matt Chapman","SFG",157,679,595,143,81,34,2,26,86,83,71,2,176,8,5,0,,10,3,0.241171,0.105114,0.258999,0.405846,0.328367,0.437424,0.332115,0.765792,0.196254,4.39336,0.295325,1.015,-0.3659,91.4159,11.9878,115.169,0.649098,4.52594,12.966016709804535,6.950944662094116,4.39346,126.22000122070312,,,,,,,807.8,5.145222929,807.8,5.145222929,,,,,,,,,,,,,,,,,,,"Matt Chapman","16505",656305
"Freddie Freeman","LAD",154,665,576,169,107,36,2,24,97,92,74,9,109,9,5,0,,11,2,0.292785,0.11085,0.163473,0.678096,0.379065,0.48769,0.370884,0.866755,0.194905,4.53605,0.322706,0.123832,-0.258397,110.282,32.4915,140.996,-0.134564,-0.0724793,32.46560971438885,-12.09747888892889,4.39188,26.3799991607666,,,,,,,976.1,6.338311688,976.1,6.338311688,,,,,,,,,,,,,,,,,,,"Freddie Freeman","5361",518692
"Marcus Semien","TEX",154,665,597,151,95,29,3,23,94,76,60,1,102,4,3,1,,10,2,0.25284,0.0895687,0.154055,0.581407,0.322897,0.429324,0.326596,0.752221,0.176483,5.09132,0.268813,0.510455,-0.11381,86.5775,8.78712,113.543,0.396645,7.10622,10.701261758804321,9.281221151351929,4.35681,103.02999877929688,,,,,,,771.4,5.009090909,771.4,5.009090909,,,,,,,,,,,,,,,,,,,"Marcus Semien","12533",543760
"Dansby Swanson","CHC",157,679,610,149,98,29,2,21,82,77,60,1,166,4,4,1,,15,4,0.244697,0.0889761,0.244144,0.36444,0.315073,0.400443,0.312581,0.715517,0.155747,4.83344,0.300896,1.15116,0.245968,80.7407,1.3126,102.6,1.39713,8.34914,3.50859272480011,15.62414026260376,4.31246,172.72000122070312,,,,,,,726.6,4.628025477,726.6,4.628025477,,,,,,,,,,,,,,,,,,,"Dansby Swanson","18314",621020
"Gabriel Moreno","ARI",128,507,450,128,91,25,1,11,57,59,49,1,83,4,4,1,,6,2,0.28407,0.0963871,0.163611,0.589124,0.357151,0.416255,0.338935,0.773406,0.132185,3.83295,0.32566,-0.800648,-0.618878,71.0982,11.7435,116.158,-1.41953,7.15406,8.38455581665039,16.129058837890625,4.27364,186.05999755859375,,,,,,,613.2,4.790625,613.2,4.790625,,,,,,,,,,,,,,,,,,,"Gabriel Moreno","22664",672515
"Corbin Carroll","ARI",156,672,583,152,91,26,11,24,108,84,70,1,130,11,5,3,,38,7,0.260174,0.104172,0.193379,0.538693,0.348114,0.463786,0.350984,0.8119,0.203612,8.30244,0.294933,1.94411,3.19977,100.679,22.0702,124.268,5.14388,0.392234,24.64546251296997,-6.307765692472458,4.20627,8.039999961853027,,,,,,,927.5,5.94551282,927.5,5.94551282,,,,,,,,,,,,,,,,,,,"Corbin Carroll","25878",682998
"Andrés Giménez","TOR",147,637,579,154,108,30,3,14,72,72,33,2,107,18,4,3,,27,5,0.265548,0.0513598,0.168113,0.305507,0.322982,0.397232,0.314691,0.720215,0.131684,6.019,0.302916,0.0557324,2.08491,76.8285,2.31342,106.499,2.14064,10.0203,6.877506256103516,12.345313310623169,4.1818,165.6300048828125,,,,,,,709.4,4.82585034,709.4,4.82585034,,,,,,,,,,,,,,,,,,,"Andres Gimenez","19950",665926
"Willy Adames","SFG",156,672,597,145,84,35,1,25,83,84,67,2,158,3,4,1,,14,4,0.243224,0.099412,0.235706,0.421763,0.320401,0.429126,0.324693,0.749528,0.185902,4.40269,0.288384,0.541324,-0.000454747,86.4592,7.84989,110.174,0.540869,1.59027,8.716481924057007,8.790272235870361,4.12045,93.30999755859375,,,,,,,782.6,5.016666666,782.6,5.016666666,,,,,,,,,,,,,,,,,,,"Willy Adames","15986",642715
"Carlos Correa","MIN",130,560,491,133,84,27,2,20,74,69,60,4,109,5,4,1,,1,0,0.27009,0.106385,0.193776,0.549011,0.35172,0.451568,0.347097,0.803288,0.181478,2.67152,0.307775,-0.356766,-1.10047,82.1475,16.6398,128.622,-1.45723,-0.184412,16.882386326789856,4.315588444471359,4.12028,239.4600067138672,,,,,,,728.4,5.603076923,728.4,5.603076923,,,,,,,,,,,,,,,,,,,"Carlos Correa","14162",621043
"Manny Machado","SDP",151,651,592,158,98,30,1,29,82,99,52,6,127,2,5,0,,8,2,0.266729,0.0795039,0.194473,0.408817,0.325158,0.46786,0.338385,0.793018,0.201131,3.563,0.291762,-0.543753,-0.439702,90.9318,14.7791,121.1,-0.983455,1.27989,15.442211329936981,2.404889702796936,4.08334,37.5099983215332,,,,,,,829.7,5.494701986,829.7,5.494701986,,,,,,,,,,,,,,,,,,,"Manny Machado","11493",592518
"Steven Kwan","CLE",156,672,592,168,125,27,5,11,93,61,68,1,66,5,4,3,,18,4,0.284018,0.101575,0.0975641,1.04111,0.361272,0.402021,0.336594,0.763292,0.118002,5.65312,0.302816,0.481366,0.309074,92.896,14.2867,121.801,0.79044,6.17249,17.553238213062286,-1.0275049209594727,4.02394,144.02999877929688,,,,,,,801,5.134615384,801,5.134615384,,,,,,,,,,,,,,,,,,,"Steven Kwan","24610",680757
"Isaac Paredes","HOU",143,616,527,129,76,26,1,25,76,85,70,1,102,14,4,1,,2,1,0.244433,0.113756,0.16512,0.688929,0.345618,0.441275,0.343429,0.786893,0.196843,2.56727,0.256479,-0.682978,-1.29266,88.5438,16.4853,126.911,-1.97563,-1.06183,16.992183089256287,1.138169288635254,3.99656,187.8300018310547,,,,,,,764.5,5.346153846,764.5,5.346153846,,,,,,,,,,,,,,,,,,,"Isaac Paredes","20036",670623
"Alejandro Kirk","TOR",109,429,379,102,72,19,0,10,42,49,42,1,52,4,4,0,,0,0,0.268174,0.0984655,0.121855,0.808054,0.344823,0.400283,0.327279,0.745106,0.132109,1.69446,0.285513,-1.82113,-0.89711,56.1401,5.90975,115.353,-2.71824,3.83191,4.825146913528442,11.906909465789795,3.9592,256.760009765625,,,,,,,479.3,4.397247706,479.3,4.397247706,,,,,,,,,,,,,,,,,,,"Alejandro Kirk","22581",672386
"Anthony Volpe","NYY",157,679,611,148,92,33,5,18,83,75,55,1,151,7,4,1,,28,7,0.241824,0.0805349,0.221698,0.363265,0.309603,0.400087,0.309298,0.70969,0.158263,6.48839,0.290365,1.30149,1.68794,78.9468,-0.481328,101.351,2.98943,4.34007,4.039137005805969,11.615066528320312,3.95807,141.13999938964844,,,,,,,730.8,4.65477707,730.8,4.65477707,,,,,,,,,,,,,,,,,,,"Anthony Volpe","27647",683011
"Wyatt Langford","TEX",141,609,542,146,89,30,4,22,82,84,58,2,121,5,4,0,,19,5,0.269032,0.0952243,0.198206,0.480432,0.343409,0.464061,0.348022,0.80747,0.195028,5.93323,0.306699,0.394655,0.675348,89.789,18.5493,128.614,1.07,3.2423,21.00904929637909,-3.0827019214630127,3.95135,43.68000030517578,,,,,,,803.3,5.69716312,803.3,5.69716312,,,,,,,,,,,,,,,,,,,"Wyatt Langford","33333",694671
"Brent Rooker","ATH",151,651,574,149,82,26,2,39,88,102,63,3,192,8,4,1,,8,2,0.258612,0.0972551,0.294371,0.330383,0.338272,0.512107,0.362162,0.850379,0.253495,4.04854,0.31532,0.0197172,-0.441952,103.39,27.2374,142.513,-0.422235,-0.00513305,31.245046854019165,-15.680133240297437,3.8523,64.05999755859375,,,,,,,936.4,6.201324503,936.4,6.201324503,,,,,,,,,,,,,,,,,,,"Brent Rooker","19627",667670
"Alex Bregman","BOS",157,679,598,156,97,32,3,24,88,89,68,1,87,8,5,0,,3,1,0.260276,0.1005,0.128308,0.783271,0.340944,0.442828,0.340551,0.783772,0.182553,3.31017,0.267541,-1.15782,-1.23394,96.0266,16.5984,117.546,-2.39177,0.878305,11.239940881729126,3.3033048510551453,3.84333,115.04000091552734,,,,,,,842,5.363057324,842,5.363057324,,,,,,,,,,,,,,,,,,,"Alex Bregman","17678",608324
"Jazz Chisholm Jr.","NYY",141,609,548,137,84,22,3,27,80,87,51,3,153,5,4,1,,35,9,0.249555,0.0831666,0.250819,0.331581,0.316619,0.450635,0.329618,0.767254,0.20108,6.16663,0.294046,0.671163,2.08599,80.7677,9.52805,115.644,2.75716,0.718106,13.658403158187866,2.89310622215271,3.80936,21.959999084472656,,,,,,,763.2,5.412765957,763.2,5.412765957,,,,,,,,,,,,,,,,,,,"Jazz Chisholm Jr.","20454",665862
"Xander Bogaerts","SDP",149,644,580,154,109,28,1,17,74,71,52,1,114,6,6,1,,13,3,0.266291,0.0804157,0.177108,0.45405,0.33005,0.405032,0.321423,0.735082,0.13874,4.41222,0.302858,0.431634,0.223919,81.1618,5.82794,109.683,0.655553,0.955484,8.112364828586578,7.105484426021576,3.78771,155.3300018310547,,,,,,,719.4,4.828187919,719.4,4.828187919,,,,,,,,,,,,,,,,,,,"Xander Bogaerts","12161",593428
"Bo Bichette","TOR",146,630,585,164,112,32,2,19,81,75,36,1,120,4,3,1,,11,3,0.28082,0.0577346,0.190461,0.303131,0.325529,0.436705,0.329847,0.762234,0.155885,4.36428,0.323889,0.265598,-0.311489,83.6689,9.97275,117.16,-0.0458905,-3.5028,12.323671624064445,3.2472023963928223,3.7805,115.19000244140625,,,,,,,748.7,5.128082191,748.7,5.128082191,,,,,,,,,,,,,,,,,,,"Bo Bichette","19612",666182
"Jordan Westburg","BAL",133,574,522,136,83,30,4,20,72,76,39,0,130,8,3,1,,8,2,0.260792,0.0686749,0.225659,0.30433,0.320383,0.447135,0.331816,0.767518,0.186343,5.2262,0.309529,0.00397742,-0.364769,77.1415,9.99607,119.821,-0.360791,2.78484,12.65725776553154,4.034841299057007,3.7032,89.43000030517578,,,,,,,688,5.17293233,688,5.17293233,,,,,,,,,,,,,,,,,,,"Jordan Westburg","27815",676059
"Mike Trout","LAA",120,518,446,114,62,21,3,29,73,78,61,5,139,7,3,0,,8,2,0.255724,0.118677,0.268215,0.44247,0.353365,0.507891,0.366832,0.861256,0.252167,5.10203,0.303996,-0.145387,-0.188353,84.2141,23.6195,140.056,-0.33374,1.03647,23.407232850790024,-5.013525128364563,3.68583,113.81999969482422,,,,,,,756.6,6.305,756.6,6.305,,,,,,,,,,,,,,,,,,,"Mike Trout","10155",545361
"Zach Neto","LAA",130,560,500,126,75,29,1,22,72,73,39,1,124,16,3,2,,23,7,0.253009,0.0688461,0.221089,0.311396,0.325187,0.444362,0.333778,0.769548,0.191352,5.4711,0.293391,0.297203,0.899044,76.1445,10.6367,116.805,1.19625,-1.44968,11.964350581169128,4.550319314002991,3.6366,194.5399932861328,,,,,,,691.3,5.317692307,691.3,5.317692307,,,,,,,,,,,,,,,,,,,"Zach Neto","31347",687263
"Matt McLain","CIN",138,595,523,135,79,29,4,23,81,79,59,1,156,9,3,1,,18,6,0.257194,0.0988403,0.262454,0.3766,0.340831,0.45648,0.345351,0.797311,0.199286,5.91544,0.322202,-0.0411869,0.044164,86.4455,16.8435,115.637,0.00297715,2.65222,11.128698128275573,4.077223896980286,3.61786,87.93000030517578,,,,,,,777.5,5.634057971,777.5,5.634057971,,,,,,,,,,,,,,,,,,,"Matt McLain","29695",680574
"Mark Vientos","NYM",154,665,602,150,88,28,2,33,82,100,52,1,194,6,5,1,,1,0,0.249955,0.0778428,0.291901,0.266675,0.313295,0.465373,0.334364,0.778668,0.215417,2.50541,0.309912,-0.989836,-1.10102,90.7351,12.9447,118.23,-2.09086,-1.00083,12.406052589416504,0.32417118549346924,3.60305,104.73999786376953,,,,,,,816.7,5.303246753,816.7,5.303246753,,,,,,,,,,,,,,,,,,,"Mark Vientos","22184",668901
"Masyn Winn","STL",154,665,607,157,106,31,5,16,88,70,47,1,116,4,5,3,,14,4,0.258814,0.0705788,0.173972,0.405689,0.313538,0.404824,0.312278,0.718362,0.14601,5.6567,0.293802,1.07352,0.070062,78.9139,1.12346,101.319,1.14358,3.27798,2.1924116611480713,10.40297555923462,3.58913,155.1699981689453,,,,,,,709.4,4.606493506,709.4,4.606493506,,,,,,,,,,,,,,,,,,,"Masyn Winn","27479",691026
"Jacob Wilson","ATH",128,553,507,146,100,34,3,9,70,60,32,0,55,7,4,3,,3,1,0.288363,0.0580125,0.0986463,0.588086,0.337375,0.422982,0.330931,0.760356,0.134619,3.8358,0.306354,-0.0237374,-1.13324,73.9251,9.23624,120.544,-1.15697,-1.90501,11.842328190803528,4.019988179206848,3.54509,330.30999755859375,,,,,,,630.8,4.928125,630.8,4.928125,,,,,,,,,,,,,,,,,,,"Jacob Wilson","33266",805779
"Nico Hoerner","CHC",130,560,508,141,103,27,2,8,68,54,38,1,62,9,3,1,,26,5,0.276552,0.0679216,0.110843,0.612774,0.33639,0.386147,0.317494,0.722537,0.109596,5.77866,0.300065,0.820487,1.78197,68.8046,3.29684,105.907,2.60246,6.74535,6.558158874511719,8.745346069335938,3.5075,203,,,,,,,622.9,4.791538461,622.9,4.791538461,,,,,,,,,,,,,,,,,,,"Nico Hoerner","21479",663538
"Jarren Duran","BOS",152,658,597,157,91,39,9,18,93,75,50,1,150,6,3,2,,28,6,0.263344,0.0761266,0.228095,0.33375,0.32519,0.451443,0.334553,0.776633,0.188099,7.63683,0.321713,0.310413,2.20866,89.8801,12.9085,113.327,2.51908,1.45158,12.552592754364014,-1.39841628074646,3.4209,21.31999969482422,,,,,,,820.2,5.396052631,820.2,5.396052631,,,,,,,,,,,,,,,,,,,"Jarren Duran","24617",680776
"Jeremy Peña","HOU",157,679,627,164,114,30,2,18,79,76,36,1,128,11,4,2,,17,6,0.261193,0.0525201,0.18857,0.278517,0.309904,0.401839,0.309777,0.711742,0.140646,4.95809,0.300554,0.730862,-0.125503,79.2086,-0.219461,103.24,0.605359,0.0360316,3.1223053336143494,7.311031676828861,3.41887,159.97000122070312,,,,,,,715.5,4.55732484,715.5,4.55732484,,,,,,,,,,,,,,,,,,,"Jeremy Pena","21636",665161
"Oneil Cruz","PIT",146,630,565,145,85,30,4,26,83,86,56,4,181,4,4,0,,20,4,0.255776,0.089593,0.287828,0.311273,0.32581,0.460716,0.337119,0.786526,0.204939,5.83066,0.32748,0.369516,1.2502,87.3563,13.6601,113.984,1.61971,-1.9674,12.154518842697144,-0.11739695072174072,3.41103,38.75,,,,,,,808,5.534246575,808,5.534246575,,,,,,,,,,,,,,,,,,,"Oneil Cruz","21711",665833
"Austin Wells","NYY",120,475,418,97,57,21,1,17,56,58,47,0,112,6,4,1,,5,1,0.23104,0.0981425,0.235035,0.417565,0.31435,0.409418,0.316404,0.723768,0.178378,3.72319,0.271112,-0.0157185,-0.418181,57.9932,2.38181,106.349,-0.433899,-1.55741,3.019862800836563,6.792590618133545,3.40921,184.82000732421875,,,,,,,517.3,4.310833333,517.3,4.310833333,,,,,,,,,,,,,,,,,,,"Austin Wells","27562",669224
"Junior Caminero","TBR",141,609,562,148,95,24,2,26,73,90,39,2,131,5,3,0,,4,2,0.262485,0.063303,0.214755,0.294769,0.313744,0.453765,0.329546,0.76751,0.19128,3.3959,0.296767,-0.137536,-1.07109,80.7324,9.49279,119.65,-1.20863,-1.39223,12.48399031162262,0.18276607990264893,3.40816,73.08000183105469,,,,,,,726.2,5.150354609,726.2,5.150354609,,,,,,,,,,,,,,,,,,,"Junior Caminero","28163",691406
"Lawrence Butler","ATH",149,644,585,148,90,29,3,26,88,80,51,1,154,2,4,1,,20,3,0.253925,0.079817,0.239473,0.333302,0.314445,0.446688,0.328002,0.761133,0.192763,5.81135,0.299677,-0.165073,1.5449,84.5722,9.23833,118.484,1.37983,3.13715,15.000456929206848,-3.562849760055542,3.4019,61.880001068115234,,,,,,,778,5.22147651,778,5.22147651,,,,,,,,,,,,,,,,,,,"Lawrence Butler","22542",671732
"Matt Olson","ATL",159,686,593,150,82,32,1,34,92,105,81,6,163,6,5,0,,1,0,0.252053,0.118229,0.237563,0.497673,0.345493,0.483467,0.354575,0.82896,0.231414,2.40097,0.28743,-0.35084,-1.1549,104.76,24.5126,127.127,-1.50574,1.05727,20.747211933135986,-11.192729353904724,3.34733,34.279998779296875,,,,,,,928,5.836477987,928,5.836477987,,,,,,,,,,,,,,,,,,,"Matt Olson","14344",621566
"Brandon Lowe","TBR",123,532,471,114,64,22,2,26,71,76,50,1,137,7,3,0,,6,1,0.241105,0.0949041,0.258192,0.367572,0.321482,0.458325,0.336234,0.779807,0.21722,4.21994,0.282649,0.601247,-0.324636,73.3886,11.1563,124.355,0.276611,-1.65381,15.101684749126434,-0.453812837600708,3.34725,217.44000244140625,,,,,,,666.6,5.419512195,666.6,5.419512195,,,,,,,,,,,,,,,,,,,"Brandon Lowe","18882",664040
"Will Smith","LAD",126,501,434,109,68,21,2,19,65,66,52,4,89,9,6,0,,2,0,0.250688,0.103574,0.1781,0.58155,0.339647,0.43596,0.335447,0.775607,0.185272,3.43092,0.271687,-0.566718,-0.712118,68.795,10.189,117.144,-1.27884,1.18119,8.992099285125732,10.031190752983093,3.3053,105.23999786376953,,,,,,,614.1,4.873809523,614.1,4.873809523,,,,,,,,,,,,,,,,,,,"Will Smith","19197",669257
"Nolan Arenado","STL",152,658,599,157,103,31,1,22,73,87,47,3,99,6,6,0,,3,2,0.261148,0.0714069,0.150865,0.473315,0.318237,0.425376,0.321093,0.743613,0.164227,2.75707,0.278427,-0.347472,-1.34206,82.7518,5.78021,107.252,-1.68953,3.76804,4.016834378242493,5.518041968345642,3.24896,225.30999755859375,,,,,,,741.7,4.879605263,741.7,4.879605263,,,,,,,,,,,,,,,,,,,"Nolan Arenado","9777",571448
"Yandy Díaz","TBR",151,651,574,166,116,32,0,18,82,71,66,1,97,6,4,1,,1,1,0.288594,0.100853,0.148456,0.679349,0.365599,0.436876,0.351231,0.802475,0.148282,2.01008,0.319615,-1.57101,-1.58435,97.6624,21.5097,134.904,-3.15536,-1.0479,22.84382653236389,-13.222900748252869,3.23841,196.07000732421875,,,,,,,832.7,5.514569536,832.7,5.514569536,,,,,,,,,,,,,,,,,,,"Yandy Diaz","16578",650490
"Ezequiel Tovar","COL",159,686,645,169,102,40,4,24,83,90,29,1,178,5,4,2,,9,4,0.262208,0.0422873,0.259702,0.16283,0.29703,0.448105,0.319064,0.745135,0.185896,4.87655,0.32401,-0.0520011,-0.797495,85.1527,4.90571,91.3135,-0.849496,9.10471,-7.975240886211395,16.45470666885376,3.2363,129.30999755859375,,,,,,,773.7,4.866037735,773.7,4.866037735,,,,,,,,,,,,,,,,,,,"Ezequiel Tovar","24064",678662
"Jung Hoo Lee","SFG",143,616,562,162,114,33,4,12,68,70,45,3,53,5,3,2,,6,6,0.287916,0.0731143,0.0857447,0.852697,0.34403,0.420987,0.332236,0.765017,0.133071,3.61243,0.300139,0,-2.32492,82.9941,10.9356,115.251,-2.32492,-0.351968,8.90928030014038,1.848032146692276,3.23068,228.85000610351562,,,,,,,721.1,5.042657342,721.1,5.042657342,,,,,,,,,,,,,,,,,,,"Jung Hoo Lee","33824",808982
"Ozzie Albies","ATL",152,658,601,159,98,35,3,23,86,87,44,1,105,7,6,1,,12,3,0.264073,0.0668958,0.160174,0.417645,0.318581,0.447511,0.329833,0.766092,0.183439,5.1584,0.283458,0.960882,0.138287,87.38,10.4084,110.474,1.09917,-2.33725,9.340200662612915,0.012754678726196289,3.23017,68.75,,,,,,,791.6,5.207894736,791.6,5.207894736,,,,,,,,,,,,,,,,,,,"Ozzie Albies","16556",645277
"Christian Walker","HOU",149,644,565,134,75,27,1,31,82,96,64,4,150,9,6,0,,5,1,0.237891,0.0997188,0.23266,0.428603,0.322343,0.455119,0.33417,0.777462,0.217228,3.49289,0.265189,0.119946,-0.715907,87.7693,12.4354,120.398,-0.59596,6.56437,14.43482518196106,-5.0356316566467285,3.19138,107.31999969482422,,,,,,,786.5,5.278523489,786.5,5.278523489,,,,,,,,,,,,,,,,,,,"Christian Walker","13419",572233
"Colton Cowser","BAL",130,560,488,121,76,23,2,20,78,68,59,2,163,8,4,1,,9,3,0.247195,0.105378,0.291393,0.361636,0.336369,0.424982,0.332113,0.76135,0.177786,4.89437,0.326276,0.628475,-0.475192,75.394,9.88625,120.03,0.153284,4.26823,12.98780120909214,-1.3317694664001465,3.13481,165.05999755859375,,,,,,,665.4,5.118461538,665.4,5.118461538,,,,,,,,,,,,,,,,,,,"Colton Cowser","29591",681297
"J.P. Crawford","SEA",141,609,526,127,87,26,1,12,73,55,71,0,121,7,4,2,,5,1,0.240577,0.115898,0.198793,0.583009,0.336131,0.364757,0.313116,0.700888,0.12418,3.63522,0.288535,0.282049,-0.827305,72.6794,1.43977,110.423,-0.545256,-3.25068,6.717456519603729,3.274322986602783,3.13189,437.05999755859375,,,,,,,619.8,4.39574468,619.8,4.39574468,,,,,,,,,,,,,,,,,,,"J.P. Crawford","15491",641487
"Ian Happ","CHC",156,672,581,143,85,33,2,23,88,79,79,2,163,6,4,1,,12,3,0.246874,0.11796,0.242169,0.487096,0.341264,0.430036,0.336465,0.7713,0.183162,4.56439,0.301459,0.11421,-0.248486,92.8262,14.217,118.676,-0.134276,0.220059,14.87331360578537,-6.979941412806511,3.1276,130.47000122070312,,,,,,,812.5,5.208333333,812.5,5.208333333,,,,,,,,,,,,,,,,,,,"Ian Happ","17919",664023
"Jackson Chourio","MIL",149,644,591,159,101,30,3,24,88,85,44,3,132,4,4,2,,27,8,0.269221,0.0684814,0.205714,0.332896,0.322285,0.454783,0.333501,0.777068,0.185563,5.95251,0.307941,0.842638,1.22211,87.4222,12.0883,113.763,2.06475,3.54027,12.663864612579346,-3.859734058380127,3.12531,16.809999465942383,,,,,,,802,5.382550335,802,5.382550335,,,,,,,,,,,,,,,,,,,"Jackson Chourio","28806",694192
"James Wood","WSN",139,602,527,139,85,29,4,21,79,77,68,2,161,4,3,0,,18,6,0.263715,0.11268,0.267625,0.421036,0.34978,0.453262,0.347968,0.803042,0.189547,5.66471,0.339373,-0.0942534,0.00340401,88.7305,18.3097,124.237,-0.0908494,0.0636433,17.356538340449333,-7.286357119679451,3.11154,55.31999969482422,,,,,,,789.1,5.676978417,789.1,5.676978417,,,,,,,,,,,,,,,,,,,"James Wood","29518",695578
"Rafael Devers","BOS",156,672,592,159,89,35,3,32,96,100,69,13,146,7,4,1,,3,1,0.269537,0.10215,0.216859,0.471043,0.349652,0.504182,0.360037,0.853834,0.234645,3.77186,0.303985,-0.199989,-0.96045,105.576,26.9664,131.252,-1.16044,-0.83485,22.869786500930786,-15.334850192070007,3.09539,39.66999816894531,,,,,,,948.7,6.081410256,948.7,6.081410256,,,,,,,,,,,,,,,,,,,"Rafael Devers","17350",646240
"Jose Altuve","HOU",152,658,593,160,107,31,0,21,94,72,54,2,113,7,3,1,,17,5,0.269985,0.0819959,0.171854,0.477125,0.336504,0.432896,0.334589,0.7694,0.162911,4.76013,0.300423,-0.502075,0.261488,89.8991,12.9276,120.693,-0.240588,-2.19348,15.338750496506691,-7.443484783172607,3.08433,60.31999969482422,,,,,,,791.6,5.207894736,791.6,5.207894736,,,,,,,,,,,,,,,,,,,"Jose Altuve","5417",514888
"Xavier Edwards","MIA",136,588,523,150,117,24,4,5,72,48,54,1,82,2,4,5,,32,7,0.285945,0.0913339,0.139184,0.656211,0.352875,0.374553,0.321734,0.727428,0.0886081,6.28689,0.329016,0.27653,2.3576,74.2515,5.46836,103.593,2.63412,-1.06606,5.160782814025879,5.033939361572266,3.07623,143.7899932861328,,,,,,,665.6,4.894117647,665.6,4.894117647,,,,,,,,,,,,,,,,,,,"Xavier Edwards","22266",669364
"Gleyber Torres","DET",152,658,584,152,104,29,1,18,77,68,64,0,117,4,5,1,,8,3,0.259583,0.0978283,0.178295,0.548688,0.33398,0.403933,0.323834,0.737913,0.14435,3.65496,0.294516,-0.336022,-1.08472,84.2034,7.23187,112.773,-1.42074,-2.79279,8.19607424736023,-0.44278717041015625,3.06967,227.86000061035156,,,,,,,737,4.84868421,737,4.84868421,,,,,,,,,,,,,,,,,,,"Gleyber Torres","16997",650402
"Luis Robert Jr.","CHW",151,651,600,148,89,31,0,27,82,84,39,4,186,9,4,1,,26,6,0.246923,0.0593024,0.285343,0.207829,0.300211,0.437784,0.316726,0.737996,0.190861,5.23638,0.309398,0.319099,1.59335,79.583,3.43023,106.071,1.91244,1.62678,6.434468030929565,1.3517848253250122,3.04893,87.93000030517578,,,,,,,749.1,4.960927152,749.1,4.960927152,,,,,,,,,,,,,,,,,,,"Luis Robert Jr.","20043",673357
"Yainer Diaz","HOU",143,575,541,152,101,28,2,21,68,82,25,1,103,4,5,0,,1,0,0.280715,0.0436891,0.178529,0.244717,0.31444,0.455147,0.330033,0.769587,0.174432,2.99087,0.310144,-1.11261,-0.849101,76.4772,9.19145,117.488,-1.96171,-1.54874,9.547827363014221,3.4512624740600586,3.03664,59.2599983215332,,,,,,,689.1,4.818881118,689.1,4.818881118,,,,,,,,,,,,,,,,,,,"Yainer Diaz","23003",673237
"Royce Lewis","MIN",122,525,474,119,70,24,1,24,69,77,43,1,125,3,4,0,,6,2,0.250159,0.0817625,0.238949,0.342176,0.314613,0.455726,0.331021,0.770338,0.205566,3.94288,0.288426,0,-0.556642,70.2203,8.80686,117.314,-0.556642,1.3543,9.84383112192154,1.8292996883392334,3.01589,143.64999389648438,,,,,,,637.1,5.222131147,637.1,5.222131147,,,,,,,,,,,,,,,,,,,"Royce Lewis","20437",668904
"JJ Bleday","ATH",151,651,567,130,71,32,3,23,78,77,76,1,139,4,3,1,,4,2,0.228522,0.11673,0.214114,0.545176,0.32218,0.418622,0.323311,0.740802,0.190099,3.74596,0.260405,-0.359127,-1.10923,83.0335,6.88082,115.185,-1.46836,-4.73212,9.842392325401306,-2.407120943069458,3.01268,265.0799865722656,,,,,,,729.1,4.828476821,729.1,4.828476821,,,,,,,,,,,,,,,,,,,"JJ Bleday","26368",668709
"Cody Bellinger","NYY",141,609,550,143,91,26,2,23,80,86,48,5,105,4,7,0,,12,3,0.260167,0.078669,0.171922,0.457586,0.320626,0.443243,0.326699,0.76387,0.183076,4.79342,0.279036,0.381088,-0.00415785,79.3371,8.0974,113.591,0.37693,-0.638105,9.84752956032753,-1.1631048321723938,2.99687,94.54000091552734,,,,,,,724.2,5.136170212,724.2,5.136170212,,,,,,,,,,,,,,,,,,,"Cody Bellinger","15998",641355
"Bryson Stott","PHI",139,602,541,140,98,25,3,13,71,65,51,1,103,4,5,1,,26,5,0.258397,0.0842929,0.171182,0.492416,0.323631,0.38915,0.31224,0.712781,0.130752,5.88618,0.294473,0.591254,2.0953,71.4192,0.99844,99.2358,2.68656,4.60713,2.136398673057556,6.807125806808472,2.99518,174.42999267578125,,,,,,,655.2,4.713669064,655.2,4.713669064,,,,,,,,,,,,,,,,,,,"Bryson Stott","26294",681082
"Anthony Santander","TOR",154,665,595,147,78,32,1,36,85,102,57,2,137,8,5,0,,2,1,0.247467,0.0851892,0.206289,0.41296,0.31844,0.485209,0.343401,0.803648,0.237742,2.87313,0.261129,-0.0152019,-1.0241,95.5719,17.7814,126.694,-1.0393,-0.862251,19.272101998329163,-12.73725140094757,2.96797,100.31999969482422,,,,,,,861.1,5.591558441,861.1,5.591558441,,,,,,,,,,,,,,,,,,,"Anthony Santander","14551",623993
"CJ Abrams","WSN",139,602,546,139,87,29,4,19,83,67,36,2,116,13,4,2,,33,8,0.254266,0.0604642,0.191954,0.314993,0.314155,0.426847,0.320352,0.741002,0.172581,6.98682,0.288405,0.522479,2.29691,75.3498,4.92905,105.649,2.81939,-4.66243,6.886099815368652,1.787571907043457,2.96731,49.58000183105469,,,,,,,705.2,5.073381294,705.2,5.073381294,,,,,,,,,,,,,,,,,,,"CJ Abrams","25768",682928
"Lars Nootbaar","STL",126,546,466,116,71,24,3,19,73,63,72,2,111,2,5,1,,9,3,0.250098,0.132216,0.203274,0.650431,0.350385,0.435814,0.342025,0.786199,0.185716,4.89079,0.286596,0.340391,-0.395935,77.8649,13.9948,121.341,-0.055544,1.45042,13.878015421330929,-3.3995816707611084,2.96101,261.0400085449219,,,,,,,679.6,5.393650793,679.6,5.393650793,,,,,,,,,,,,,,,,,,,"Lars Nootbaar","21454",663457
"Pete Crow-Armstrong","CHC",133,574,525,129,83,23,7,16,73,69,33,2,146,8,4,4,,31,7,0.245843,0.0582329,0.254017,0.229248,0.299102,0.408249,0.305391,0.707351,0.162406,7.62709,0.307829,-0.111102,2.35624,64.9336,-2.21182,97.7615,2.24514,6.769,0.7086536884307861,8.81899619102478,2.95916,129.60000610351562,,,,,,,616.7,4.636842105,616.7,4.636842105,,,,,,,,,,,,,,,,,,,"Pete Crow-Armstrong","27769",691718
"Byron Buxton","MIN",117,504,454,110,56,27,2,25,71,73,37,1,143,9,3,0,,8,2,0.242991,0.072909,0.28346,0.257211,0.310807,0.478649,0.337545,0.789456,0.235658,5.50657,0.294461,0.712956,0.124654,70.0578,11.1009,121.902,0.83761,1.28681,13.468362092971802,-1.713193416595459,2.95195,227.13999938964844,,,,,,,634.3,5.421367521,634.3,5.421367521,,,,,,,,,,,,,,,,,,,"Byron Buxton","14161",621439
"Brenton Doyle","COL",154,665,608,152,98,26,5,23,86,80,43,1,188,5,5,3,,28,6,0.249437,0.0651182,0.282659,0.230377,0.302352,0.422617,0.313051,0.724969,0.17318,6.65037,0.319057,0.686415,2.07421,79.3278,1.5374,87.2666,2.76063,11.3027,-7.3651227951049805,13.677705764770508,2.94025,72.77999877929688,,,,,,,743.7,4.829220779,743.7,4.829220779,,,,,,,,,,,,,,,,,,,"Brenton Doyle","25479",686668
"Pete Alonso","NYM",154,665,577,139,77,26,1,35,87,102,69,7,154,13,5,0,,4,1,0.24132,0.104038,0.231557,0.449299,0.33392,0.472858,0.345235,0.806778,0.231538,3.36213,0.264511,-1.22638,-0.635421,96.5534,18.763,125.547,-1.8618,-0.223731,18.45344066619873,-12.348731100559235,2.91878,48.16999816894531,,,,,,,862.3,5.599350649,862.3,5.599350649,,,,,,,,,,,,,,,,,,,"Pete Alonso","19251",624413
"Brandon Nimmo","NYM",131,567,489,123,80,23,3,17,74,65,64,0,125,10,3,1,,8,2,0.252218,0.11212,0.219715,0.510299,0.347792,0.418496,0.336911,0.766289,0.166278,4.93165,0.302991,-0.302518,-0.324534,78.5257,12.1992,119.944,-0.627052,3.48819,12.895613074302673,-3.8868072032928467,2.88149,194.7100067138672,,,,,,,675,5.152671755,675,5.152671755,,,,,,,,,,,,,,,,,,,"Brandon Nimmo","12927",607043
"Bo Naylor","CLE",110,435,382,84,49,18,1,16,51,52,47,2,113,3,3,1,,7,2,0.220524,0.107782,0.260714,0.413413,0.308733,0.398198,0.308838,0.706931,0.177674,4.34514,0.268258,0.0157716,-0.246506,50.4392,-0.469631,102.277,-0.230735,-0.933513,0.9032023847103119,7.566487431526184,2.88095,282.3500061035156,,,,,,,454.4,4.13090909,454.4,4.13090909,,,,,,,,,,,,,,,,,,,"Bo Naylor","21865",666310
"Jake Rogers","DET",97,384,348,74,44,15,1,14,45,45,29,1,116,4,3,1,,2,0,0.212652,0.0750549,0.301914,0.248597,0.278188,0.382225,0.287245,0.660413,0.169573,3.89351,0.272789,0.150794,-0.314163,37.8313,-7.08829,87.0351,-0.163369,4.7812,-5.859836548566818,12.281201839447021,2.8796,479.9599914550781,,,,,,,350,3.608247422,350,3.608247422,,,,,,,,,,,,,,,,,,,"Jake Rogers","19452",668670
"Alec Bohm","PHI",143,616,562,158,105,34,2,17,72,81,42,1,95,6,6,0,,4,2,0.280569,0.0687464,0.153675,0.447348,0.33408,0.436603,0.333543,0.770683,0.156034,3.27273,0.308973,-0.668921,-1.0631,83.6423,11.5838,113.574,-1.73202,-2.36198,8.267192840576172,-0.9119784832000732,2.87932,167.50999450683594,,,,,,,738.6,5.165034965,738.6,5.165034965,,,,,,,,,,,,,,,,,,,"Alec Bohm","21618",664761
"Tommy Edman","LAD",141,609,555,140,93,29,3,15,78,69,42,1,108,6,4,2,,25,4,0.252512,0.0683112,0.177209,0.385483,0.308998,0.396604,0.307374,0.705602,0.144092,6.27033,0.286434,0.551365,2.2994,69.8649,-1.37477,98.2489,2.85077,3.66016,1.5755685567855835,5.88515567779541,2.86613,172.57000732421875,,,,,,,651.5,4.620567375,651.5,4.620567375,,,,,,,,,,,,,,,,,,,"Tommy Edman","19470",669242
"Cedric Mullins","BAL",130,560,504,122,78,24,3,17,68,67,45,1,112,5,4,2,,28,7,0.242906,0.0810135,0.200432,0.404195,0.309832,0.405907,0.311728,0.715739,0.163001,6.09936,0.277652,0.200531,1.84748,66.206,0.698282,105.691,2.04801,1.35841,5.694565057754517,3.3584107160568237,2.86597,210.9600067138672,,,,,,,609.3,4.686923076,609.3,4.686923076,,,,,,,,,,,,,,,,,,,"Cedric Mullins","17929",656775
"Brendan Donovan","STL",134,581,512,143,103,26,2,13,69,63,52,1,77,12,4,1,,5,3,0.279853,0.0899267,0.132328,0.679573,0.357897,0.412404,0.33898,0.770302,0.132552,3.58724,0.306666,0.0962139,-1.51738,81.4324,13.4682,119.291,-1.42116,0.557421,11.981783747673035,-3.817578613758087,2.84243,246.5800018310547,,,,,,,690.9,5.155970149,690.9,5.155970149,,,,,,,,,,,,,,,,,,,"Brendan Donovan","24679",680977
"Kristian Campbell","BOS",120,518,457,122,79,26,3,14,66,67,50,1,118,9,2,0,,13,5,0.266694,0.095569,0.228601,0.418059,0.348793,0.42916,0.340264,0.777953,0.162466,5.24629,0.33021,0,-0.531743,73.1375,12.5429,117.344,-0.531743,-1.96076,9.747827351093292,-0.5107587575912476,2.74016,999,,,,,,,638,5.316666666,638,5.316666666,,,,,,,,,,,,,,,,,,,"Kristian Campbell","sa3023011",692225
"Randy Arozarena","SEA",152,658,569,137,85,30,1,22,82,77,68,1,168,16,4,0,,22,9,0.241518,0.103698,0.254628,0.407252,0.337644,0.411912,0.32971,0.749556,0.170394,4.79128,0.301398,-0.123939,-0.66867,87.3152,10.3437,122.095,-0.792609,-4.09467,15.842511594295502,-11.544668197631836,2.7128,134.6300048828125,,,,,,,766.3,5.041447368,766.3,5.041447368,,,,,,,,,,,,,,,,,,,"Randy Arozarena","19290",668227
"Sean Murphy","ATL",91,358,313,74,43,16,1,14,41,47,35,1,84,8,2,0,,0,0,0.234669,0.0964117,0.23488,0.410472,0.323989,0.425564,0.326877,0.749553,0.190895,2.58648,0.273687,-0.187582,-0.632924,46.7417,4.81672,108.484,-0.820505,2.17872,2.815666615962982,9.178717374801636,2.69307,274.989990234375,,,,,,,414.1,4.55054945,414.1,4.55054945,,,,,,,,,,,,,,,,,,,"Sean Murphy","19352",669221
"Teoscar Hernández","LAD",151,651,594,155,96,28,1,30,83,102,46,2,185,7,4,0,,9,3,0.261763,0.0711807,0.284089,0.250558,0.32075,0.465757,0.337845,0.786507,0.203995,3.98685,0.327872,-0.58258,-0.529164,90.6487,14.4959,118.758,-1.11174,-2.2282,13.490638732910156,-9.203200340270996,2.68292,57.150001525878906,,,,,,,810.6,5.36821192,810.6,5.36821192,,,,,,,,,,,,,,,,,,,"Teoscar Hernandez","13066",606192
"Josh Lowe","TBR",125,539,488,125,78,28,2,18,68,66,45,3,159,2,4,1,,26,3,0.257042,0.0841666,0.294387,0.285905,0.320615,0.432038,0.324204,0.752653,0.174996,6.21268,0.342029,-0.0486646,3.01379,69.1355,6.08436,115.893,2.96512,0.77698,12.76657772064209,-4.798019587993622,2.68156,151.1300048828125,,,,,,,655.8,5.2464,655.8,5.2464,,,,,,,,,,,,,,,,,,,"Josh Lowe","19953",666139
"Max Muncy","LAD",126,546,454,97,52,20,1,25,74,74,80,3,146,8,4,0,,3,1,0.21407,0.145879,0.266986,0.546392,0.337877,0.427395,0.333709,0.765272,0.213325,3.14753,0.250648,-0.0550911,-0.965458,74.2104,10.3404,115.974,-1.02055,-2.84234,9.409093260765076,-1.6423401832580566,2.68095,260.67999267578125,,,,,,,654.8,5.196825396,654.8,5.196825396,,,,,,,,,,,,,,,,,,,"Max Muncy","13301",571970
"Brandon Marsh","PHI",131,567,500,124,80,24,4,16,67,67,57,1,175,4,4,2,,17,4,0.247901,0.10112,0.308039,0.328271,0.327613,0.407201,0.321183,0.734814,0.159299,6.08153,0.344596,0.669837,0.755937,71.3484,5.02182,105.255,1.42577,2.43923,4.989030599594116,2.064225435256958,2.67952,308.8800048828125,,,,,,,641.3,4.895419847,641.3,4.895419847,,,,,,,,,,,,,,,,,,,"Brandon Marsh","20202",669016
"Francisco Alvarez","NYM",92,366,325,76,45,14,1,17,44,51,34,0,89,4,3,1,,1,1,0.234918,0.0930107,0.243762,0.381563,0.313131,0.437389,0.325392,0.75052,0.202471,3.13557,0.269018,-0.402964,-0.653041,47.2954,4.48146,112.191,-1.056,-3.22748,4.27977442741394,3.297522783279419,2.67451,210.4199981689453,,,,,,,419.8,4.563043478,419.8,4.563043478,,,,,,,,,,,,,,,,,,,"Francisco Alvarez","26121",682626
"Ha-Seong Kim","TBR",100,434,377,93,64,17,2,10,51,45,48,2,76,3,3,2,,18,4,0.246745,0.110662,0.175839,0.629339,0.334685,0.381853,0.315748,0.716538,0.135108,5.37827,0.282344,0.128605,0.944256,52.7137,1.94523,109.944,1.07286,0.687106,6.01108181476593,5.337106347084045,2.66854,373.07000732421875,,,,,,,474.5,4.745,474.5,4.745,,,,,,,,,,,,,,,,,,,"Ha-Seong Kim","27506",673490
"Kyle Schwarber","PHI",152,658,549,124,65,20,1,38,99,91,98,4,190,6,4,1,,5,2,0.226021,0.148761,0.289412,0.514012,0.347122,0.474706,0.354128,0.821827,0.248685,3.57566,0.264884,-0.633634,-0.992276,100.247,23.2753,127.429,-1.62591,-0.00875171,19.956705927848816,-16.05875094793737,2.66679,75.27999877929688,,,,,,,882.2,5.803947368,882.2,5.803947368,,,,,,,,,,,,,,,,,,,"Kyle Schwarber","16478",656941
"Brayan Rocchio","CLE",134,581,515,125,85,28,2,11,69,58,52,1,108,8,4,2,,13,5,0.243661,0.0896432,0.18578,0.482525,0.320172,0.36827,0.304345,0.688442,0.124609,4.83377,0.286112,-0.255388,-0.639974,65.236,-2.72823,99.1163,-0.895362,1.37338,-1.4827988147735596,7.5983805656433105,2.63501,438.05999755859375,,,,,,,571.7,4.26641791,571.7,4.26641791,,,,,,,,,,,,,,,,,,,"Brayan Rocchio","23690",677587
"Geraldo Perdomo","ARI",133,574,492,123,88,24,3,8,75,53,63,0,92,6,4,9,,16,5,0.251008,0.109789,0.160937,0.68219,0.340363,0.360697,0.312795,0.701061,0.10969,5.7963,0.292018,0.89614,0.181915,68.3542,1.20877,98.5646,1.07806,0.132018,0.09282588958740234,6.28201787173748,2.63355,431.489990234375,,,,,,,582.1,4.376691729,582.1,4.376691729,,,,,,,,,,,,,,,,,,,"Geraldo Perdomo","22799",672695
"Daulton Varsho","TOR",130,560,503,113,64,23,4,22,70,71,49,1,139,5,3,1,,12,3,0.224112,0.0869606,0.248197,0.35037,0.296965,0.416138,0.309181,0.713102,0.192026,5.76573,0.263503,0.871208,0.129154,65.0577,-0.450002,102.623,1.00036,2.26421,2.680856704711914,3.864209532737732,2.60696,314.510009765625,,,,,,,602.5,4.634615384,602.5,4.634615384,,,,,,,,,,,,,,,,,,,"Daulton Varsho","19918",662139
"Shea Langeliers","ATH",128,506,458,106,59,19,2,26,61,75,39,2,137,5,4,0,,4,2,0.231836,0.0771676,0.271281,0.284456,0.296657,0.455669,0.321981,0.752326,0.223833,3.74323,0.267655,-0.567848,-0.764,64.0228,4.8085,114.249,-1.33185,-2.61637,6.921245694160461,6.958627223968506,2.58631,123.18000030517578,,,,,,,580.5,4.53515625,580.5,4.53515625,,,,,,,,,,,,,,,,,,,"Shea Langeliers","25816",669127
"Taylor Ward","LAA",149,644,566,142,90,27,1,23,81,74,63,0,151,8,5,1,,7,3,0.250626,0.09855,0.234278,0.420654,0.331617,0.427489,0.331199,0.759107,0.176863,3.68941,0.298306,0.196928,-1.06384,86.2293,10.8954,114.991,-0.866912,-0.0645228,10.179558217525482,-6.764522574841976,2.57335,180.35000610351562,,,,,,,747.3,5.015436241,747.3,5.015436241,,,,,,,,,,,,,,,,,,,"Taylor Ward","17548",621493
"Brice Turang","MIL",136,588,529,135,98,24,3,10,68,56,51,1,105,2,3,3,,36,6,0.254397,0.0861803,0.179422,0.480323,0.319984,0.366537,0.302813,0.686521,0.11214,6.32163,0.299236,0.381353,3.5171,65.2972,-3.48586,93.1086,3.89845,3.4667,-0.9471175670623779,5.9166998863220215,2.53659,144.77999877929688,,,,,,,618.3,4.546323529,618.3,4.546323529,,,,,,,,,,,,,,,,,,,"Brice Turang","22186",668930
"J.T. Realmuto","PHI",126,501,454,115,72,22,3,17,59,61,35,2,123,9,3,0,,8,3,0.252375,0.0697179,0.245347,0.28416,0.315616,0.427286,0.321303,0.742903,0.174911,4.89701,0.307056,-0.101394,-0.419834,63.0916,4.48562,105.336,-0.521228,1.3166,2.675610363483429,10.16659927368164,2.51791,141.30999755859375,,,,,,,569.5,4.519841269,569.5,4.519841269,,,,,,,,,,,,,,,,,,,"J.T. Realmuto","11739",592663
"Luis García Jr.","WSN",125,539,503,138,93,26,3,16,63,68,30,2,84,1,4,0,,14,5,0.274283,0.056128,0.155162,0.361738,0.314503,0.43391,0.321881,0.748413,0.159627,5.09118,0.29886,-0.406904,0.0644754,68.1276,5.07642,106.678,-0.342429,0.410868,3.961896598339081,2.3358676433563232,2.50515,129.92999267578125,,,,,,,618.3,4.9464,618.3,4.9464,,,,,,,,,,,,,,,,,,,"Luis Garcia Jr.","20391",671277
"Vinnie Pasquantino","KCR",146,630,559,149,87,34,2,26,76,91,58,2,84,6,6,1,,2,0,0.266619,0.0927598,0.133965,0.692416,0.338773,0.472827,0.348315,0.811599,0.206208,2.81562,0.270933,-0.925348,-0.983319,93.0334,19.3372,124.334,-1.90867,-0.743325,15.632373332977295,-12.593325018882751,2.48624,116.20999908447266,,,,,,,825.6,5.65479452,825.6,5.65479452,,,,,,,,,,,,,,,,,,,"Vinnie Pasquantino","27676",686469
"Christian Yelich","MIL",133,574,494,131,88,24,3,17,82,65,72,5,126,4,2,1,,23,4,0.265369,0.125795,0.218968,0.574489,0.362042,0.42858,0.344293,0.790622,0.163211,5.85346,0.321917,0.649485,1.82193,82.9057,15.7603,121.027,2.47141,-0.619459,16.904371738433838,-11.969459593296051,2.48483,113.45999908447266,,,,,,,746.6,5.613533834,746.6,5.613533834,,,,,,,,,,,,,,,,,,,"Christian Yelich","11477",592885
"Iván Herrera","STL",100,398,344,88,60,17,2,9,47,43,46,0,85,5,3,0,,5,1,0.255091,0.1161,0.213679,0.543337,0.349135,0.393168,0.328884,0.742304,0.138077,4.38476,0.311476,0.539252,-0.338441,52.549,5.9917,112.496,0.200811,-2.81299,6.147839277982712,4.3370115756988525,2.48163,229.4199981689453,,,,,,,453.8,4.538,453.8,4.538,,,,,,,,,,,,,,,,,,,"Ivan Herrera","20599",671056
"Joey Ortiz","MIL",144,623,555,139,89,32,5,14,73,71,55,0,125,6,5,2,,12,4,0.251179,0.0877363,0.201318,0.435811,0.322388,0.402715,0.316984,0.725104,0.151537,5.32132,0.298142,0.281322,-0.582656,76.2898,3.41243,102.647,-0.301333,-5.27357,1.6704535782337189,1.2514266967773438,2.44554,271.510009765625,,,,,,,670.9,4.659027777,670.9,4.659027777,,,,,,,,,,,,,,,,,,,"Joey Ortiz","25493",687401
"Tyler O'Neill","BAL",110,476,419,101,59,18,1,24,64,66,48,2,146,6,3,0,,6,1,0.241491,0.100386,0.305998,0.32806,0.325352,0.458501,0.337351,0.783853,0.21701,4.08881,0.306237,-0.0131572,-0.174768,66.0916,10.41,123.715,-0.187925,0.0563191,12.728094935417175,-4.9436809457838535,2.44531,199.55999755859375,,,,,,,600.7,5.46090909,600.7,5.46090909,,,,,,,,,,,,,,,,,,,"Tyler O'Neill","15711",641933
"Bryan Reynolds","PIT",149,644,573,152,98,28,4,22,80,80,57,3,141,9,4,1,,8,2,0.264745,0.0880547,0.218873,0.40231,0.338177,0.441958,0.337515,0.780135,0.177213,4.6974,0.312837,0.398099,-0.50307,89.5029,14.169,114.251,-0.104971,-0.960606,10.869342811405659,-8.660606443881989,2.44415,97.18000030517578,,,,,,,796.6,5.346308724,796.6,5.346308724,,,,,,,,,,,,,,,,,,,"Bryan Reynolds","19326",668804
"Jackson Holliday","BAL",110,476,408,95,61,21,2,12,68,52,61,1,126,4,3,1,,7,1,0.233371,0.128044,0.264163,0.484715,0.335915,0.379889,0.317543,0.715804,0.146518,5.13008,0.305345,0.0432404,-0.127687,58.5028,2.82125,109.781,-0.0844463,0.425433,5.242833726108074,2.5254324972629547,2.44364,208.10000610351562,,,,,,,514.6,4.678181818,514.6,4.678181818,,,,,,,,,,,,,,,,,,,"Jackson Holliday","31781",702616
"Victor Robles","SEA",134,581,513,130,91,28,2,9,72,51,43,0,124,15,3,7,,38,6,0.252608,0.0731818,0.214049,0.341894,0.32623,0.367802,0.308157,0.694032,0.115194,6.60229,0.314422,0.12268,3.82577,67.0188,-0.945505,106.934,3.94845,1.61042,8.558172941207886,-4.314576029777527,2.44168,191.47000122070312,,,,,,,621.6,4.63880597,621.6,4.63880597,,,,,,,,,,,,,,,,,,,"Victor Robles","18363",645302
"Matt Wallner","MIN",113,490,424,100,54,24,2,21,62,63,49,1,168,14,2,1,,5,1,0.236686,0.100261,0.34216,0.293024,0.33335,0.447813,0.339277,0.781163,0.211127,4.56388,0.335094,0.162832,-0.423448,68.7951,11.4759,123.121,-0.260616,-0.281585,12.70261698961258,-5.531585484743118,2.43023,268.8599853515625,,,,,,,610.1,5.399115044,610.1,5.399115044,,,,,,,,,,,,,,,,,,,"Matt Wallner","26466",670242
"Maikel Garcia","KCR",138,595,541,140,100,28,4,8,74,56,45,0,105,2,5,3,,30,6,0.259091,0.0753876,0.176809,0.426378,0.315094,0.368775,0.300501,0.68387,0.109684,6.59013,0.305852,0.281963,2.55433,64.9672,-4.63475,90.7006,2.83629,4.87483,-3.4948136806488037,7.099827766418457,2.424,207.50999450683594,,,,,,,603.4,4.372463768,603.4,4.372463768,,,,,,,,,,,,,,,,,,,"Maikel Garcia","22715",672580
"Luis Rengifo","LAA",130,560,514,134,94,22,3,16,65,64,36,0,92,6,3,1,,21,7,0.261853,0.0635133,0.164299,0.386572,0.315665,0.407341,0.315263,0.723007,0.145488,5.73438,0.290647,0.294711,0.379566,67.799,2.29125,103.781,0.674277,0.466405,3.0968915224075317,1.6664054691791534,2.42294,175.86000061035156,,,,,,,614,4.723076923,614,4.723076923,,,,,,,,,,,,,,,,,,,"Luis Rengifo","19858",650859
"Josh Jung","TEX",136,588,545,137,87,26,2,22,68,77,32,0,161,6,4,0,,5,2,0.25121,0.0552363,0.273998,0.201594,0.299004,0.429036,0.314542,0.72804,0.177826,4.15432,0.313721,-0.934833,-0.611316,70.8478,2.0647,105.063,-1.54615,0.0382817,1.860342264175415,1.738281648606062,2.39921,207.0399932861328,,,,,,,633.7,4.659558823,633.7,4.659558823,,,,,,,,,,,,,,,,,,,"Josh Jung","26299",673962
"Eugenio Suárez","ARI",141,609,537,126,76,25,1,23,71,79,56,0,175,10,6,0,,2,1,0.23397,0.0916811,0.287393,0.319009,0.313966,0.416301,0.318393,0.730268,0.182331,2.69916,0.296395,-0.656184,-1.13727,75.2658,4.02613,102.332,-1.79345,0.784395,-0.09510529041290283,2.5593945384025574,2.35011,171.5800018310547,,,,,,,662,4.69503546,662,4.69503546,,,,,,,,,,,,,,,,,,,"Eugenio Suarez","12552",553993
"Ryan McMahon","COL",147,637,562,137,85,28,1,22,76,74,67,3,181,4,4,1,,6,4,0.243087,0.104813,0.283883,0.369211,0.325022,0.414135,0.321746,0.739157,0.171048,3.31312,0.315755,0.295476,-1.46586,80.4452,5.9302,93.1185,-1.17039,5.51651,-6.412260174751282,7.791511535644531,2.3344,275.42999267578125,,,,,,,712.1,4.844217687,712.1,4.844217687,,,,,,,,,,,,,,,,,,,"Ryan McMahon","15112",641857
"Triston Casas","BOS",139,602,514,127,72,26,1,28,76,84,80,5,159,4,3,0,,1,0,0.246668,0.133506,0.263443,0.506772,0.350347,0.462766,0.350519,0.813113,0.216098,2.54861,0.299607,-0.751394,-1.12937,89.9668,19.546,124.558,-1.88076,-1.45998,15.034904479980469,-12.809978365898132,2.30561,128.4199981689453,,,,,,,795.4,5.722302158,795.4,5.722302158,,,,,,,,,,,,,,,,,,,"Triston Casas","22514",671213
"Evan Carter","TEX",113,490,425,102,65,20,4,13,62,56,55,1,123,6,3,1,,11,3,0.240633,0.111956,0.250365,0.447169,0.334204,0.399044,0.322557,0.733248,0.158411,5.86187,0.305214,0.110063,-0.114493,62.2009,4.88162,110.701,-0.00442995,0.247221,5.995353089179844,-0.4027787297964096,2.26721,294.42999267578125,,,,,,,544.7,4.820353982,544.7,4.820353982,,,,,,,,,,,,,,,,,,,"Evan Carter","27790",694497
"Ke'Bryan Hayes","PIT",136,588,538,137,96,27,3,12,65,59,41,1,115,4,4,1,,15,4,0.254937,0.0690191,0.195763,0.352564,0.310098,0.379001,0.301307,0.689099,0.124065,5.13172,0.302361,0.249627,0.185552,64.5843,-4.19881,89.88,0.435179,6.82435,-6.680541485548019,8.924345016479492,2.25508,355.8900146484375,,,,,,,589.7,4.336029411,589.7,4.336029411,,,,,,,,,,,,,,,,,,,"Ke'Bryan Hayes","18577",663647
"Lane Thomas","CLE",138,595,533,130,80,29,3,19,74,70,50,1,153,7,5,1,,24,8,0.24326,0.0835807,0.257027,0.325183,0.313209,0.412607,0.315693,0.725816,0.169348,5.72778,0.30304,0.519583,0.285183,72.2426,2.64063,107.099,0.804765,-5.29834,5.637773275375366,-3.6733384132385254,2.25457,168.7100067138672,,,,,,,669,4.847826086,669,4.847826086,,,,,,,,,,,,,,,,,,,"Lane Thomas","16939",657041
"Willson Contreras","STL",139,602,517,126,75,27,0,24,74,77,64,2,149,18,4,0,,6,3,0.242923,0.105633,0.248014,0.425915,0.343893,0.434985,0.340571,0.778878,0.192063,3.29265,0.292731,-0.63509,-1.04887,85.1466,14.7258,120.362,-1.68396,0.366995,12.974258661270142,-11.283004522323608,2.24619,73.3499984741211,,,,,,,741.5,5.334532374,741.5,5.334532374,,,,,,,,,,,,,,,,,,,"Willson Contreras","11609",575929
"Marcell Ozuna","ATL",154,665,593,154,93,27,0,33,85,101,64,1,165,4,4,0,,1,0,0.259326,0.0957697,0.248468,0.385441,0.332865,0.475334,0.347865,0.808199,0.216008,1.94046,0.302096,-0.795493,-1.09935,97.9609,20.1705,122.61,-1.89484,-0.000211032,16.085213899612427,-16.525212557593477,2.24286,69.93000030517578,,,,,,,863.8,5.609090909,863.8,5.609090909,,,,,,,,,,,,,,,,,,,"Marcell Ozuna","10324",542303
"Paul Goldschmidt","NYY",146,630,562,141,87,30,0,25,79,85,61,2,166,4,4,0,,9,1,0.251923,0.0960519,0.262804,0.365488,0.326873,0.437232,0.330912,0.764105,0.185309,3.94516,0.311718,-0.109237,0.207266,84.2091,10.5129,116.555,0.0980293,-0.0918071,12.031481884419918,-11.49180667847395,2.22811,174.69000244140625,,,,,,,758.9,5.197945205,758.9,5.197945205,,,,,,,,,,,,,,,,,,,"Paul Goldschmidt","9218",502671
"Nick Gonzales","PIT",112,483,437,115,73,28,4,10,56,57,33,1,108,8,4,1,,5,3,0.263259,0.0692108,0.223031,0.310319,0.324331,0.415999,0.321655,0.74033,0.15274,4.60537,0.325145,0.379773,-1.09138,60.9618,4.46137,103.576,-0.711606,1.64423,1.3537326455116272,4.119226098060608,2.22727,405.55999755859375,,,,,,,529.1,4.724107142,529.1,4.724107142,,,,,,,,,,,,,,,,,,,"Nick Gonzales","27490",693304
"Nathaniel Lowe","WSN",144,623,547,147,103,23,2,18,70,71,68,1,134,5,3,0,,3,1,0.268608,0.109618,0.214287,0.511548,0.352831,0.419111,0.338764,0.771943,0.150503,2.9452,0.322771,-1.15131,-1.18341,87.2106,14.3333,118.042,-2.33472,0.639553,11.10616683959961,-10.485446572303772,2.20789,263.1300048828125,,,,,,,745.4,5.176388888,745.4,5.176388888,,,,,,,,,,,,,,,,,,,"Nathaniel Lowe","19566",663993
"Seiya Suzuki","CHC",130,560,491,129,80,25,4,20,73,70,60,3,140,5,4,1,,11,5,0.263508,0.106517,0.250748,0.424798,0.345929,0.454062,0.345268,0.799991,0.190554,5.15742,0.325729,-0.518066,-0.755834,81.3231,15.8154,124.601,-1.2739,-0.168181,15.200322270393372,-12.568180292844772,2.19883,84.20999908447266,,,,,,,716.6,5.512307692,716.6,5.512307692,,,,,,,,,,,,,,,,,,,"Seiya Suzuki","30116",673548
"TJ Friedl","CIN",131,567,499,124,83,20,4,17,71,67,48,0,95,12,4,4,,16,4,0.248512,0.0844611,0.167959,0.502867,0.32694,0.40814,0.322066,0.73508,0.159628,5.98665,0.273865,0.750515,0.445379,71.7514,5.42485,99.9648,1.19589,-0.888811,1.1720300558954477,1.1361894607543945,2.18947,248.49000549316406,,,,,,,635.2,4.848854961,635.2,4.848854961,,,,,,,,,,,,,,,,,,,"TJ Friedl","19522",670770
"Jonathan India","KCR",143,616,526,132,87,29,2,14,81,59,68,0,117,16,4,2,,12,3,0.251518,0.10981,0.190413,0.576694,0.351267,0.393814,0.330794,0.745082,0.142297,4.94509,0.29687,0.106231,0.0165348,82.2794,10.2209,112.01,0.122766,-1.5703,8.587465271353722,-8.170303463935852,2.16718,237.72000122070312,,,,,,,706.7,4.941958041,706.7,4.941958041,,,,,,,,,,,,,,,,,,,"Jonathan India","21523",663697
"Jasson Domínguez","NYY",133,574,513,130,86,21,2,20,74,71,55,1,142,2,3,1,,23,5,0.252893,0.0959799,0.247369,0.388003,0.326334,0.421967,0.325761,0.748302,0.169074,5.75502,0.308938,-0.267578,1.62766,74.3443,7.19893,112.932,1.36008,-2.11167,9.8532874584198,-8.061668634414673,2.16431,140.32000732421875,,,,,,,676,5.082706766,676,5.082706766,,,,,,,,,,,,,,,,,,,"Jasson Dominguez","28080",691176
"Tyler Fitzgerald","SFG",138,595,542,127,77,27,3,20,76,73,39,0,181,9,3,2,,21,5,0.234607,0.065553,0.304579,0.215225,0.29486,0.408024,0.305505,0.702884,0.173417,6.31368,0.310967,0.395825,1.18851,67.3638,-2.23815,97.2597,1.58434,1.21825,-0.36541008949279785,1.4432462006807327,2.15875,244.13999938964844,,,,,,,622.5,4.510869565,622.5,4.510869565,,,,,,,,,,,,,,,,,,,"Tyler Fitzgerald","26208",666149
"Logan O'Hoppe","LAA",115,461,413,100,63,15,1,21,55,59,37,0,120,7,3,1,,3,2,0.241841,0.0806444,0.260025,0.310141,0.314023,0.43248,0.324202,0.746503,0.190639,2.94545,0.288281,-0.293128,-1.13618,59.13,5.20314,110.069,-1.42931,-2.47861,3.8819682598114014,3.0963876247406006,2.15301,136.39999389648438,,,,,,,525.7,4.571304347,525.7,4.571304347,,,,,,,,,,,,,,,,,,,"Logan O'Hoppe","24729",681351
"Adolis García","TEX",143,616,558,133,76,27,1,29,77,89,46,1,172,6,5,0,,12,4,0.238694,0.0748754,0.279421,0.267966,0.301891,0.446454,0.321837,0.748345,0.20776,4.70369,0.288461,0.0174607,-0.129677,77.8383,5.77985,110.195,-0.112216,1.04608,7.073323480784893,-6.853919982910156,2.14676,150.50999450683594,,,,,,,711,4.972027972,711,4.972027972,,,,,,,,,,,,,,,,,,,"Adolis Garcia","19287",666969
"Joc Pederson","TEX",105,455,390,98,57,17,2,23,61,66,51,3,110,11,4,0,,5,2,0.251344,0.11151,0.242064,0.460662,0.350325,0.477195,0.355953,0.82752,0.225852,4.05051,0.289058,-0.306772,-0.783572,69.9879,16.7629,134.193,-1.09034,-0.00221273,16.710826516151428,-11.12721272627823,2.1456,314.239990234375,,,,,,,625.6,5.958095238,625.6,5.958095238,,,,,,,,,,,,,,,,,,,"Joc Pederson","11899",592626
"Garrett Mitchell","MIL",113,490,434,105,67,21,3,15,62,62,47,0,148,6,2,1,,21,6,0.243204,0.0964279,0.301525,0.319801,0.323865,0.409903,0.321494,0.733768,0.166699,6.32595,0.330754,0.176058,0.778541,61.7816,4.46236,105.682,0.954599,0.0908717,4.28386914730072,-0.15912816673517227,2.11211,247.4600067138672,,,,,,,555.1,4.91238938,555.1,4.91238938,,,,,,,,,,,,,,,,,,,"Garrett Mitchell","27555",669003
"Jake Meyers","HOU",104,448,404,96,63,19,2,12,50,51,33,0,109,7,3,2,,9,2,0.238724,0.0727442,0.243507,0.298735,0.303985,0.386241,0.302508,0.690226,0.147517,5.01635,0.29482,0.417713,0.0513433,49.64,-2.76616,98.1259,0.469056,4.23417,-0.49164003133773804,5.834169507026672,2.09656,459,,,,,,,444.4,4.273076923,444.4,4.273076923,,,,,,,,,,,,,,,,,,,"Jake Meyers","20308",676694
"Matt Shaw","CHC",115,497,445,110,74,17,3,16,59,61,41,0,108,7,4,0,,16,6,0.246106,0.0821201,0.217261,0.37798,0.31662,0.402119,0.314374,0.718739,0.156013,5.55495,0.288762,0,-0.0881828,59.816,1.67785,103.807,-0.0881828,-0.245769,2.1744056791067123,1.5292307436466217,2.09271,999,,,,,,,545.4,4.742608695,545.4,4.742608695,,,,,,,,,,,,,,,,,,,"Matt Shaw","33322",807713
"Ryan Jeffers","MIN",99,396,350,83,48,17,1,17,46,51,33,0,92,9,3,1,,2,0,0.235659,0.0836634,0.231224,0.361828,0.315205,0.431752,0.324789,0.746957,0.196093,3.37498,0.269491,-0.402152,-0.402292,51.0312,4.66114,112.93,-0.804445,-1.09408,5.059949636459351,3.5309154987335205,2.06428,234.05999755859375,,,,,,,459.4,4.64040404,459.4,4.64040404,,,,,,,,,,,,,,,,,,,"Ryan Jeffers","24618",680777
"Jake Cronenworth","SDP",134,581,512,123,79,27,4,14,66,65,52,1,109,11,5,1,,4,2,0.2409,0.0902048,0.186986,0.482414,0.321953,0.392099,0.313352,0.714052,0.151199,4.18613,0.276876,0.620677,-0.948235,69.4481,1.48386,104.251,-0.327557,-2.59156,2.6258253157138824,-2.0165610313415527,2.06218,284.32000732421875,,,,,,,600.5,4.481343283,600.5,4.481343283,,,,,,,,,,,,,,,,,,,"Jake Cronenworth","18036",630105
"Luis Arraez","SDP",146,630,584,179,140,29,3,8,78,58,36,4,36,5,3,2,,7,3,0.307248,0.0568062,0.0576624,0.985151,0.350942,0.404878,0.328946,0.75582,0.0976293,4.05945,0.316206,0.346163,-1.07766,83.2123,9.51614,114.747,-0.731493,1.39736,10.378106594085693,-11.552643656730652,2.04656,186.24000549316406,,,,,,,722.7,4.95,722.7,4.95,,,,,,,,,,,,,,,,,,,"Luis Arraez","18568",650333
"Salvador Perez","KCR",149,612,564,147,95,26,1,26,67,88,33,7,135,11,5,0,,0,0,0.261558,0.05338,0.219995,0.242642,0.312172,0.449476,0.324687,0.761648,0.187918,1.6776,0.297503,-1.48628,-1.02139,78.7625,7.14851,107.713,-2.50768,-2.24388,2.8954339027404785,-1.6438813209533691,2.04244,74.08000183105469,,,,,,,716.7,4.810067114,716.7,4.810067114,,,,,,,,,,,,,,,,,,,"Salvador Perez","7304",521692
"Parker Meadows","DET",102,441,394,93,58,17,5,12,54,48,39,1,102,3,3,2,,15,4,0.235297,0.0888838,0.231384,0.384139,0.307453,0.397493,0.30709,0.704946,0.162195,6.6797,0.284178,0.555739,0.493931,50.4909,-1.09638,100.995,1.04967,1.85939,1.5517067909240723,3.434394955635071,2.03561,265.6499938964844,,,,,,,460.7,4.516666666,460.7,4.516666666,,,,,,,,,,,,,,,,,,,"Parker Meadows","23800",678009
"Jose Trevino","CIN",70,275,253,63,44,10,1,8,30,31,17,0,47,2,2,1,,2,1,0.246593,0.0614665,0.172048,0.357264,0.297936,0.38657,0.299039,0.684506,0.139977,3.59786,0.273335,-0.317422,-0.454103,29.7249,-2.46747,84.4659,-0.771525,4.07993,-5.883588910102844,9.454933643341064,1.99944,603.8099975585938,,,,,,,267.7,3.824285714,267.7,3.824285714,,,,,,,,,,,,,,,,,,,"Jose Trevino","16725",624431
"George Springer","TOR",134,581,517,126,82,22,2,19,72,65,54,0,112,6,3,1,,13,3,0.242811,0.0925869,0.192663,0.480564,0.318822,0.405643,0.317181,0.724465,0.162832,4.97788,0.272739,-0.0604242,0.462789,71.2384,3.27417,108.25,0.402365,0.879213,5.886925965547562,-6.145787358283997,1.97668,240.47000122070312,,,,,,,638.7,4.76641791,638.7,4.76641791,,,,,,,,,,,,,,,,,,,"George Springer","12856",543807
"Heliot Ramos","SFG",139,602,547,138,87,26,3,22,72,78,45,1,158,5,4,0,,7,3,0.252097,0.0752783,0.262555,0.286714,0.313438,0.431633,0.322225,0.745071,0.179536,4.53394,0.312634,-0.319345,-0.746111,76.2573,5.83654,108.513,-1.06546,1.71193,5.062885522842407,-6.1380695104599,1.96047,204.5399932861328,,,,,,,680,4.89208633,680,4.89208633,,,,,,,,,,,,,,,,,,,"Heliot Ramos","22515",671218
"Otto Lopez","MIA",107,462,425,117,85,23,3,6,52,44,29,0,80,4,3,1,,15,4,0.276591,0.0638188,0.172442,0.370089,0.327444,0.387015,0.313169,0.714459,0.110425,5.65672,0.326714,0.166272,0.403058,55.1555,1.11167,97.8285,0.56933,2.42116,-0.6303339600563049,4.171164035797119,1.95546,326.07000732421875,,,,,,,486.7,4.54859813,486.7,4.54859813,,,,,,,,,,,,,,,,,,,"Otto Lopez","19608",672640
"Michael Massey","KCR",120,518,478,123,77,27,3,17,60,66,28,1,98,6,5,2,,4,1,0.257879,0.0537565,0.189832,0.28318,0.303644,0.429495,0.315472,0.733139,0.171616,4.22374,0.2897,0.309785,-0.467959,62.8015,2.2069,101.232,-0.158174,0.400545,0.5718966722488403,0.95054492354393,1.94341,383.739990234375,,,,,,,572.8,4.773333333,572.8,4.773333333,,,,,,,,,,,,,,,,,,,"Michael Massey","27684",686681
"Wilyer Abreu","BOS",105,455,400,98,58,23,1,16,58,57,48,0,123,3,3,1,,8,3,0.244202,0.106586,0.269646,0.395282,0.328256,0.425983,0.328881,0.75424,0.181782,4.56412,0.309894,-0.0586483,-0.253597,60.0739,6.84891,109.337,-0.312245,3.74563,4.548639535903931,-0.9293735027313232,1.94273,330.57000732421875,,,,,,,531.4,5.06095238,531.4,5.06095238,,,,,,,,,,,,,,,,,,,"Wilyer Abreu","23772",677800
"Kyle Isbel","KCR",125,539,489,119,76,24,7,12,69,57,37,0,112,6,3,4,,14,4,0.24278,0.0678658,0.208372,0.325695,0.301942,0.391238,0.302382,0.693179,0.148458,6.76062,0.290154,0.839581,0.346339,59.6687,-3.38252,92.0237,1.18592,2.54496,-3.733301043510437,4.469962120056152,1.93467,528.5599975585938,,,,,,,544.1,4.3528,544.1,4.3528,,,,,,,,,,,,,,,,,,,"Kyle Isbel","21614",664728
"Josh Naylor","ARI",141,609,547,146,90,32,0,23,72,93,50,7,95,6,5,0,,7,2,0.266846,0.0827371,0.155874,0.530795,0.332738,0.453982,0.336294,0.78672,0.187136,3.16528,0.282867,-1.00406,-0.539743,84.0401,12.8005,114.381,-1.5438,0.938272,8.928894281387329,-10.586727619171143,1.92439,100.80999755859375,,,,,,,755.3,5.356737588,755.3,5.356737588,,,,,,,,,,,,,,,,,,,"Josh Naylor","18839",647304
"Danny Jansen","TBR",91,359,314,71,41,15,0,15,43,44,36,0,72,6,3,0,,1,0,0.225782,0.100215,0.200657,0.499437,0.313573,0.417502,0.319126,0.731075,0.191719,2.00035,0.243795,-0.135484,-0.603205,44.5804,2.58523,112.321,-0.738689,-1.60034,4.322308599948883,5.099664330482483,1.91159,300.4200134277344,,,,,,,396,4.351648351,396,4.351648351,,,,,,,,,,,,,,,,,,,"Danny Jansen","16535",643376
"Jonny DeLuca","TBR",107,462,418,97,61,20,3,14,53,53,34,1,94,6,2,1,,16,4,0.233119,0.0739078,0.203678,0.362865,0.299437,0.394314,0.302402,0.693751,0.161195,5.93563,0.267774,-0.183591,0.838711,51.1521,-2.89182,100.557,0.655121,0.83808,0.9493829905986786,1.8880797624588013,1.88612,354.6499938964844,,,,,,,471.1,4.402803738,471.1,4.402803738,,,,,,,,,,,,,,,,,,,"Jonny DeLuca","26365",676356
"Jorge Polanco","SEA",125,539,476,107,70,18,0,19,58,61,55,2,145,4,4,0,,5,2,0.225037,0.102188,0.269739,0.378839,0.308431,0.384409,0.303725,0.69284,0.159373,2.8068,0.279636,0.0583955,-0.831687,60.2513,-2.79987,103.817,-0.773292,-3.3335,1.5804778337478638,-1.408499002456665,1.87635,414.8800048828125,,,,,,,534.9,4.2792,534.9,4.2792,,,,,,,,,,,,,,,,,,,"Jorge Polanco","13152",593871
"Miguel Vargas","CHW",128,553,478,111,68,24,2,16,71,55,63,0,117,6,4,1,,11,4,0.231273,0.113831,0.211726,0.537634,0.325847,0.393005,0.316906,0.718851,0.161732,4.75529,0.269768,0.151399,-0.416791,67.683,2.99413,106.198,-0.265392,-0.84146,3.6561765670776367,-4.016459941864014,1.86965,395.7099914550781,,,,,,,591.7,4.62265625,591.7,4.62265625,,,,,,,,,,,,,,,,,,,"Miguel Vargas","20178",678246
"Trevor Story","BOS",141,609,548,124,74,31,2,17,69,70,50,4,176,7,4,0,,23,6,0.22593,0.0818305,0.288274,0.283863,0.296498,0.381463,0.294659,0.677961,0.155533,5.51737,0.297097,0.331081,1.15905,63.6325,-7.60711,85.2646,1.49013,0.115931,-8.777867436408997,6.390930987894535,1.85344,253.6699981689453,,,,,,,605.4,4.293617021,605.4,4.293617021,,,,,,,,,,,,,,,,,,,"Trevor Story","12564",596115
"Luke Raley","SEA",118,511,453,106,64,19,2,21,62,66,35,0,154,19,3,1,,11,3,0.234781,0.0680041,0.301735,0.225377,0.314687,0.423385,0.322453,0.738072,0.188604,5.2625,0.304569,0.0250404,0.0946426,64.8239,5.04811,116.99,0.119683,-1.03424,10.053711660206318,-9.209241509437561,1.84925,299.7900085449219,,,,,,,579,4.906779661,579,4.906779661,,,,,,,,,,,,,,,,,,,"Luke Raley","19354",670042
"Michael Busch","CHC",128,553,485,116,68,26,2,20,70,69,58,1,152,7,4,0,,2,1,0.239455,0.104143,0.275306,0.378281,0.326181,0.423124,0.326796,0.749305,0.183669,3.63776,0.304374,-0.165898,-0.940492,72.0849,7.39599,112.168,-1.10639,1.93971,6.940226674079895,-7.485287666320801,1.84661,248.75999450683594,,,,,,,635.4,4.9640625,635.4,4.9640625,,,,,,,,,,,,,,,,,,,"Michael Busch","26319",683737
"Spencer Horwitz","PIT",100,434,372,101,66,24,1,10,53,47,53,2,79,6,3,0,,2,1,0.270996,0.121273,0.181961,0.666479,0.367376,0.418142,0.345233,0.785518,0.147146,3.00513,0.318553,-0.552864,-0.956707,63.0132,12.2447,119.445,-1.50957,2.29866,8.582142114639282,-5.6013383865356445,1.80127,380.4700012207031,,,,,,,540.9,5.409,540.9,5.409,,,,,,,,,,,,,,,,,,,"Spencer Horwitz","26477",687462
"Jake McCarthy","ARI",120,518,466,125,89,19,7,9,64,56,37,0,93,10,3,3,,26,6,0.267175,0.0711634,0.179168,0.397189,0.33209,0.396727,0.319849,0.728817,0.129552,7.17691,0.314295,0.729774,1.65919,64.6261,4.03149,103.312,2.38896,-3.64637,4.440500020980835,-4.296365320682526,1.79735,220.57000732421875,,,,,,,587.2,4.893333333,587.2,4.893333333,,,,,,,,,,,,,,,,,,,"Jake McCarthy","21622",664983
"Dylan Crews","WSN",134,581,526,130,84,26,5,16,71,65,40,0,128,9,5,1,,25,7,0.246947,0.0681393,0.220944,0.308401,0.308734,0.401824,0.309862,0.710559,0.154877,6.52862,0.295753,0.104163,1.10285,67.8161,-0.14818,98.5888,1.20701,3.40701,0.2265748381614685,-2.5179946422576904,1.7626,125.25,,,,,,,631.2,4.710447761,631.2,4.710447761,,,,,,,,,,,,,,,,,,,"Dylan Crews","33541",686611
"Jeff McNeil","NYM",99,427,386,103,73,22,1,8,48,44,28,1,54,9,3,1,,4,1,0.266608,0.0659732,0.126629,0.520996,0.328075,0.388592,0.314702,0.716667,0.121984,3.9505,0.290378,-0.540729,-0.231081,51.5042,1.55455,104.996,-0.771809,-0.0412286,1.7794387340545654,1.0337714366614819,1.75987,431.07000732421875,,,,,,,451.3,4.558585858,451.3,4.558585858,,,,,,,,,,,,,,,,,,,"Jeff McNeil","15362",643446
"Josh Smith","TEX",92,399,348,85,57,18,1,9,47,42,36,1,82,11,3,1,,7,2,0.245641,0.0906119,0.206234,0.439365,0.333598,0.384885,0.318058,0.718483,0.139245,4.5643,0.294295,-0.388503,-0.333027,49.2045,2.53024,107.537,-0.72153,0.702875,2.7192132472991943,0.9778748154640198,1.75766,400.8900146484375,,,,,,,419.2,4.556521739,419.2,4.556521739,,,,,,,,,,,,,,,,,,,"Josh Smith","26396",669701
"Tyler Stephenson","CIN",100,403,358,93,61,18,1,13,49,50,37,1,94,5,3,0,,1,0,0.258378,0.0916658,0.233485,0.392598,0.333835,0.420844,0.328721,0.754679,0.162466,2.80746,0.31424,-0.506533,-0.661585,53.2093,6.02033,104.444,-1.16812,-1.32782,0.9756430387496948,3.172183632850647,1.74823,176.3800048828125,,,,,,,470.8,4.708,470.8,4.708,,,,,,,,,,,,,,,,,,,"Tyler Stephenson","17988",663886
"Jake Burger","TEX",143,616,564,138,78,26,2,32,75,93,36,1,165,10,4,1,,2,1,0.244058,0.0587801,0.268203,0.219163,0.299579,0.466126,0.327736,0.765705,0.222068,2.99258,0.285154,-0.116324,-1.00953,80.763,8.70453,114.344,-1.12585,-1.527,8.984363317489624,-12.62700068950653,1.7479,110.88999938964844,,,,,,,735.4,5.142657342,735.4,5.142657342,,,,,,,,,,,,,,,,,,,"Jake Burger","22275",669394
"Connor Norby","MIA",122,525,474,118,75,25,1,16,69,60,42,0,145,4,3,1,,9,3,0.248744,0.0801657,0.275847,0.290617,0.3135,0.41198,0.315972,0.725479,0.163235,4.6403,0.320855,0.0307906,-0.642217,63.8612,2.44775,99.7152,-0.611426,-1.84818,-0.790191650390625,0.02681732177734375,1.72772,269.42999267578125,,,,,,,562.1,4.607377049,562.1,4.607377049,,,,,,,,,,,,,,,,,,,"Connor Norby","29592",681393
"Jonah Heim","TEX",84,333,305,71,47,13,1,11,35,40,23,0,62,2,2,1,,1,0,0.23328,0.069042,0.186484,0.37023,0.289338,0.386366,0.294589,0.675703,0.153086,3.26441,0.258527,-0.142051,-0.390223,34.7543,-4.17598,91.0278,-0.532274,1.60745,-3.948818862438202,8.10744559764862,1.72679,308,,,,,,,316.3,3.76547619,316.3,3.76547619,,,,,,,,,,,,,,,,,,,"Jonah Heim","16930",641680
"Colt Keith","DET",125,539,487,128,82,26,3,16,66,68,44,1,115,3,4,0,,3,1,0.262471,0.0815508,0.213048,0.382781,0.325296,0.428514,0.326524,0.75381,0.166044,4.12231,0.310257,0,-0.823043,70.1422,7.09098,114.665,-0.823043,0.299669,8.221558809280396,-9.575331389904022,1.71877,257.2799987792969,,,,,,,616.6,4.9328,616.6,4.9328,,,,,,,,,,,,,,,,,,,"Colt Keith","27899",690993
"Jurickson Profar","ATL",146,630,543,141,95,29,1,15,81,66,70,2,102,10,4,3,,7,2,0.259012,0.111253,0.162132,0.686183,0.351584,0.401255,0.331932,0.752839,0.142243,3.97712,0.291481,-0.463392,-0.707609,84.726,11.0298,111.886,-1.171,-5.36846,7.783649682998657,-12.368464946746826,1.69436,190.55999755859375,,,,,,,725.1,4.966438356,725.1,4.966438356,,,,,,,,,,,,,,,,,,,"Jurickson Profar","10815",595777
"Jacob Young","WSN",125,539,486,122,93,22,2,4,64,45,35,0,100,10,3,5,,30,7,0.250021,0.0641719,0.185315,0.346284,0.310932,0.33226,0.286904,0.643192,0.0822393,6.56244,0.304531,0.34071,2.18905,52.9538,-10.0974,83.1361,2.52976,4.84985,-8.339734315872192,6.774850606918335,1.69311,295.1099853515625,,,,,,,482.4,3.8592,482.4,3.8592,,,,,,,,,,,,,,,,,,,"Jacob Young","29931",696285
"Will Wagner","TOR",84,364,320,87,62,18,1,6,43,39,37,0,64,3,3,1,,3,1,0.272734,0.101576,0.175829,0.577696,0.351824,0.395619,0.330139,0.747443,0.122885,3.86689,0.321495,-0.0882152,-0.610845,48.4278,5.84779,117.366,-0.699061,0.158133,6.533549666404724,-2.5418673902750015,1.6674,525.6900024414062,,,,,,,404.4,4.814285714,404.4,4.814285714,,,,,,,,,,,,,,,,,,,"Will Wagner","29634",695238
"Jorge Soler","LAA",134,581,506,117,64,25,0,28,76,77,65,1,150,6,4,0,,1,0,0.231716,0.111882,0.25851,0.432794,0.323895,0.446826,0.333992,0.770721,0.21511,2.49258,0.269868,-1.22961,-0.893277,79.0997,11.1354,116.955,-2.12288,-0.101818,9.148805379867554,-12.526818588376045,1.65454,209.32000732421875,,,,,,,699.8,5.222388059,699.8,5.222388059,,,,,,,,,,,,,,,,,,,"Jorge Soler","14221",624585
"Kerry Carpenter","DET",113,490,445,114,67,21,4,22,59,73,35,2,122,7,3,0,,3,2,0.255744,0.0709223,0.249176,0.284627,0.317707,0.467503,0.336013,0.78521,0.211759,3.93315,0.301732,-0.567537,-1.2285,67.5079,10.1886,121.34,-1.79604,-0.137394,10.168612241744995,-10.5873943567276,1.64637,195.07000732421875,,,,,,,610,5.398230088,610,5.398230088,,,,,,,,,,,,,,,,,,,"Kerry Carpenter","25961",681481
"Zack Gelof","ATH",84,364,330,76,46,16,1,13,43,42,29,0,114,2,2,1,,14,3,0.229963,0.0786122,0.312809,0.251311,0.294461,0.400663,0.302564,0.695124,0.170699,5.90065,0.307169,0.409337,1.10486,40.349,-2.23098,100.591,1.51419,0.699441,1.760160654783249,1.9994409680366516,1.64343,224.07000732421875,,,,,,,381.1,4.536904761,381.1,4.536904761,,,,,,,,,,,,,,,,,,,"Zack Gelof","29766",680869
"Sal Frelick","MIL",105,455,411,110,80,21,3,6,54,44,36,0,67,5,3,1,,13,3,0.268312,0.0786805,0.147519,0.53336,0.331952,0.377033,0.31254,0.708985,0.108721,5.60831,0.306979,0.351238,0.249018,54.0895,0.864456,99.655,0.600256,4.88261,0.41255640983581543,0.30761241912841797,1.64006,356.8500061035156,,,,,,,478.7,4.559047619,478.7,4.559047619,,,,,,,,,,,,,,,,,,,"Sal Frelick","29622",686217
"Kyle Manzardo","CLE",109,469,408,100,55,25,1,18,60,62,51,1,102,4,5,0,,2,1,0.244141,0.10934,0.218138,0.501241,0.331468,0.444025,0.335281,0.775492,0.199884,2.83983,0.278123,-0.0231301,-0.888158,64.3383,9.47562,120.878,-0.911288,0.409337,10.29243928194046,-10.26566281914711,1.61998,359.44000244140625,,,,,,,565.4,5.187155963,565.4,5.187155963,,,,,,,,,,,,,,,,,,,"Kyle Manzardo","29794",700932
"Brooks Lee","MIN",102,441,404,101,66,23,1,10,47,50,31,2,73,2,3,1,,4,1,0.25051,0.0709784,0.164458,0.431589,0.305151,0.391571,0.302319,0.696722,0.141061,3.9522,0.280187,-0.0212913,-0.364528,48.7975,-2.78981,97.1241,-0.38582,0.163708,-1.8369913399219513,2.638707861304283,1.60346,405.7200012207031,,,,,,,431.8,4.233333333,431.8,4.233333333,,,,,,,,,,,,,,,,,,,"Brooks Lee","31595",686797
"Ernie Clement","TOR",84,364,342,91,63,17,2,9,40,42,15,0,35,2,2,2,,7,2,0.265485,0.0422471,0.0973273,0.434072,0.299837,0.40179,0.303918,0.701627,0.136305,5.01227,0.273988,-0.215316,0.00712077,40.7457,-1.83429,98.9208,-0.208196,2.36786,-0.6576643735170364,4.017862915992737,1.60218,372.42999267578125,,,,,,,371.6,4.423809523,371.6,4.423809523,,,,,,,,,,,,,,,,,,,"Ernie Clement","20352",676391
"Jonathan Aranda","TBR",92,399,348,90,58,17,1,14,51,52,40,1,101,7,3,0,,1,1,0.257335,0.100253,0.253385,0.395654,0.342869,0.42972,0.336999,0.772588,0.172384,2.77435,0.319873,0.119837,-0.868571,55.2871,8.61284,124.893,-0.748733,0.400787,10.61572378873825,-8.574213653802872,1.58668,316.9200134277344,,,,,,,482.7,5.24673913,482.7,5.24673913,,,,,,,,,,,,,,,,,,,"Jonathan Aranda","21837",666018
"Jesús Sánchez","MIA",94,406,366,94,58,19,2,16,48,53,34,1,104,3,2,1,,8,2,0.257054,0.0828681,0.255029,0.324936,0.323909,0.448098,0.333136,0.772007,0.191044,4.7343,0.314743,-0.4911,0.142818,54.9949,7.50179,111.268,-0.348282,0.520408,5.122332602739334,-3.329591751098633,1.58222,251,,,,,,,497.9,5.29680851,497.9,5.29680851,,,,,,,,,,,,,,,,,,,"Jesus Sanchez","19913",660821
"Chase Meidroth","CHW",81,350,294,72,54,12,1,5,40,30,47,0,60,6,2,0,,5,2,0.245743,0.134855,0.171584,0.785939,0.359368,0.34302,0.319088,0.702388,0.0972768,4.1079,0.291765,0,-0.528553,43.452,2.50972,107.733,-0.528553,-1.13802,2.5681556463241577,0.961983323097229,1.57146,999,,,,,,,359.6,4.439506172,359.6,4.439506172,,,,,,,,,,,,,,,,,,,"Chase Meidroth","sa3020011",805367
"Willi Castro","MIN",139,602,538,132,88,27,4,13,74,61,43,0,141,15,4,1,,19,6,0.244784,0.0718143,0.234672,0.30602,0.316514,0.383774,0.308368,0.700288,0.13899,6.18568,0.305486,0.660634,0.0247787,69.5432,-0.877586,101.379,0.685412,-5.02742,1.6351754665374756,-6.527416229248047,1.57056,232.94000244140625,,,,,,,617.8,4.444604316,617.8,4.444604316,,,,,,,,,,,,,,,,,,,"Willi Castro","17338",650489
"Jose Siri","NYM",97,420,384,81,46,16,2,17,51,54,27,0,152,5,3,1,,14,4,0.210818,0.0650966,0.361147,0.18025,0.269912,0.39459,0.288172,0.664502,0.183772,6.22408,0.293073,0.647132,0.438255,41.6916,-7.43915,87.14,1.08539,5.01494,-5.373399972915649,6.514936923980713,1.56314,437.7799987792969,,,,,,,398.6,4.10927835,398.6,4.10927835,,,,,,,,,,,,,,,,,,,"Jose Siri","17452",642350
"Jo Adell","LAA",107,462,417,95,52,19,2,22,57,65,34,1,138,7,3,1,,13,6,0.226711,0.0746606,0.299119,0.249602,0.293983,0.439525,0.315636,0.733507,0.212814,5.26502,0.278747,-0.021725,-0.411804,56.0729,2.02905,104.043,-0.433529,-2.65155,1.703898847103119,-2.001553177833557,1.56233,285.7200012207031,,,,,,,519.2,4.852336448,519.2,4.852336448,,,,,,,,,,,,,,,,,,,"Jo Adell","20220",666176
"Orlando Arcia","ATL",134,581,529,124,82,24,0,17,61,65,43,1,120,3,5,1,,2,0,0.234579,0.0746295,0.206916,0.360675,0.293958,0.378765,0.293757,0.672723,0.144186,2.45871,0.269597,-0.239628,-0.697335,60.2851,-7.67918,86.1925,-0.936963,0.0199286,-10.529926121234894,6.244928540661931,1.55671,459.260009765625,,,,,,,536.6,4.004477611,536.6,4.004477611,,,,,,,,,,,,,,,,,,,"Orlando Arcia","13185",606115
"Freddy Fermin","KCR",75,294,267,68,47,13,1,7,32,33,22,0,57,2,2,1,,1,0,0.2543,0.0762146,0.192226,0.396485,0.314453,0.389148,0.307848,0.703601,0.134847,2.9457,0.294986,-0.0410455,-0.424453,33.886,-0.55235,95.8686,-0.465498,1.12942,-1.8571900427341461,6.8794180154800415,1.55001,377.8900146484375,,,,,,,296.9,3.958666666,296.9,3.958666666,,,,,,,,,,,,,,,,,,,"Freddy Fermin","21840",666023
"Trevor Larnach","MIN",109,469,411,99,61,20,1,16,59,60,50,1,126,4,4,0,,3,1,0.241943,0.106966,0.269335,0.397148,0.327384,0.4169,0.32456,0.744284,0.174957,3.72098,0.305359,-0.45945,-0.67045,60.2911,5.42843,112.769,-1.1299,-0.563837,5.72216522693634,-6.588837027549744,1.5277,322.32000732421875,,,,,,,522.4,4.79266055,522.4,4.79266055,,,,,,,,,,,,,,,,,,,"Trevor Larnach","21501",663616
"Christopher Morel","TBR",115,497,441,102,60,18,3,22,61,66,47,2,136,5,3,1,,8,4,0.23211,0.0938121,0.274286,0.342023,0.311093,0.432672,0.321769,0.743765,0.200562,4.76903,0.281697,0.349493,-0.701712,62.7742,4.63612,114.18,-0.352219,-3.83563,7.711352646350861,-9.660628080368042,1.51244,268.3900146484375,,,,,,,566.3,4.924347826,566.3,4.924347826,,,,,,,,,,,,,,,,,,,"Christopher Morel","21897",666624
"Alan Roden","TOR",99,427,375,96,66,19,2,8,49,48,40,1,71,9,3,1,,7,2,0.255506,0.0933016,0.167073,0.558449,0.338408,0.384802,0.319073,0.723209,0.129296,4.75673,0.293528,-0.0475541,-0.129137,53.0062,3.05654,109.581,-0.176691,1.03515,4.504348516464233,-4.139847636222839,1.51003,999,,,,,,,459,4.636363636,459,4.636363636,,,,,,,,,,,,,,,,,,,"Alan Roden","sa3020212",702176
"Carson Kelly","CHC",76,301,267,61,42,11,0,8,32,33,27,0,60,4,3,0,,1,0,0.229906,0.089216,0.200038,0.445994,0.306365,0.367246,0.297771,0.67361,0.137339,2.80821,0.263929,-0.247847,-0.401566,32.183,-3.00402,92.6324,-0.649414,1.29488,-3.299533784389496,7.169875264167786,1.50985,527.3099975585938,,,,,,,276.6,3.639473684,276.6,3.639473684,,,,,,,,,,,,,,,,,,,"Carson Kelly","13620",608348
"Mike Yastrzemski","SFG",115,497,440,99,54,22,5,18,60,58,47,1,132,6,3,1,,4,1,0.224341,0.0941273,0.265403,0.354658,0.304929,0.415525,0.312596,0.720454,0.191184,5.17712,0.27643,0.0101311,-0.557266,59.1048,0.966679,102.032,-0.547135,2.60875,0.6604463458061218,-2.6162545680999756,1.50821,440.239990234375,,,,,,,539.7,4.693043478,539.7,4.693043478,,,,,,,,,,,,,,,,,,,"Mike Yastrzemski","14854",573262
"Dylan Moore","SEA",84,364,311,65,37,16,2,10,44,36,40,1,106,10,2,1,,22,6,0.20866,0.111052,0.290411,0.382395,0.316755,0.372638,0.306023,0.689394,0.163978,6.95459,0.277609,0.0985424,1.44874,41.3624,-1.21765,105.433,1.54728,-1.39813,3.8100048303604126,-1.3981295973062515,1.50424,349.57000732421875,,,,,,,379.8,4.521428571,379.8,4.521428571,,,,,,,,,,,,,,,,,,,"Dylan Moore","18042",664238
"LaMonte Wade Jr.","SFG",115,497,418,101,68,18,1,14,63,48,68,4,106,6,3,2,,3,1,0.242636,0.136857,0.213754,0.640255,0.354275,0.392592,0.329492,0.746867,0.149955,3.47561,0.290187,-0.321496,-0.91851,65.8634,7.72533,113.404,-1.24001,-0.104817,6.726226449012756,-8.729817099869251,1.50328,430.6700134277344,,,,,,,562,4.886956521,562,4.886956521,,,,,,,,,,,,,,,,,,,"LaMonte Wade Jr.","18126",664774
"Kyle Higashioka","TEX",79,315,290,63,36,12,0,14,33,42,19,0,85,1,3,1,,2,0,0.216122,0.061458,0.268505,0.22889,0.264737,0.408414,0.289596,0.673151,0.192292,3.05921,0.249223,-0.492551,-0.194162,31.6097,-5.21502,87.5161,-0.686714,0.135878,-5.183376729488373,5.660878568887711,1.49915,368.2900085449219,,,,,,,293,3.708860759,293,3.708860759,,,,,,,,,,,,,,,,,,,"Kyle Higashioka","5517",543309
"Leody Taveras","TEX",71,308,279,70,47,14,2,8,37,34,24,0,65,1,2,1,,12,3,0.252109,0.0783948,0.212592,0.368757,0.311348,0.399621,0.309992,0.710969,0.147512,5.95684,0.300481,0.225797,0.585592,35.983,-0.046278,101.863,0.811389,1.72296,1.4679536819458008,2.62296199798584,1.48455,450.57000732421875,,,,,,,329.6,4.642253521,329.6,4.642253521,,,,,,,,,,,,,,,,,,,"Leody Taveras","18900",665750
"Nolan Schanuel","LAA",128,553,474,122,87,20,1,14,68,57,65,0,92,8,4,2,,8,1,0.2567,0.11762,0.165832,0.709276,0.353044,0.391345,0.330453,0.744389,0.134645,4.03078,0.289104,-0.721237,-0.353558,73.7127,9.02387,114.466,-1.07479,-2.33862,8.07879364490509,-12.21361517906189,1.47983,305.7099914550781,,,,,,,635.9,4.96796875,635.9,4.96796875,,,,,,,,,,,,,,,,,,,"Nolan Schanuel","33189",694384
"Ceddanne Rafaela","BOS",97,420,395,100,64,20,4,12,52,53,15,1,101,6,3,2,,15,5,0.254259,0.0358239,0.240282,0.149091,0.289055,0.417069,0.303656,0.706124,0.16281,6.75796,0.30983,0.0655229,0.184766,46.9257,-2.20507,91.5929,0.250289,2.22132,-3.7898769676685333,4.021315217018127,1.47215,187.0399932861328,,,,,,,436.1,4.495876288,436.1,4.495876288,,,,,,,,,,,,,,,,,,,"Ceddanne Rafaela","24262",678882
"Travis d'Arnaud","LAA",65,257,233,54,32,12,1,10,29,32,17,0,65,4,2,0,,0,0,0.233396,0.0672114,0.254139,0.264467,0.295141,0.417495,0.309171,0.712636,0.184098,2.62373,0.27773,-0.412837,-0.382363,29.8085,-0.208121,99.4962,-0.795201,1.08726,-0.9431298822164536,5.787261962890625,1.4674,418.17999267578125,,,,,,,266.9,4.106153846,266.9,4.106153846,,,,,,,,,,,,,,,,,,,"Travis d'Arnaud","7739",518595
"Lourdes Gurriel Jr.","ARI",130,560,518,141,94,28,2,17,65,72,32,1,102,6,4,0,,5,1,0.272735,0.0576259,0.181691,0.317165,0.320109,0.431994,0.325002,0.752103,0.15926,3.94268,0.308588,-0.41725,-0.530147,72.1886,6.68086,106.78,-0.947398,0.195601,3.59297376871109,-8.2043986171484,1.45073,220.1300048828125,,,,,,,644.7,4.959230769,644.7,4.959230769,,,,,,,,,,,,,,,,,,,"Lourdes Gurriel Jr.","19238",666971
"Ryan O'Hearn","BAL",94,406,369,99,66,17,2,15,50,55,31,2,75,3,3,0,,3,1,0.268237,0.076411,0.183904,0.415494,0.327772,0.443564,0.332596,0.771336,0.175327,3.90149,0.298153,-0.381404,-0.563134,54.8185,7.32536,120.37,-0.944537,0.00431508,8.518318116664886,-8.145684536080807,1.43846,354.57000732421875,,,,,,,492,5.234042553,492,5.234042553,,,,,,,,,,,,,,,,,,,"Ryan O'Hearn","16442",656811
"Chas McCormick","HOU",79,343,306,74,50,12,1,11,41,42,27,0,92,5,4,1,,10,3,0.241818,0.0799,0.266937,0.299322,0.311685,0.396095,0.309814,0.707781,0.154277,5.09497,0.303832,-0.250365,0.124652,40.0226,-0.100899,103.265,-0.125713,2.98066,1.1556976586580276,1.3056591749191284,1.43694,419.17999267578125,,,,,,,358.9,4.543037974,358.9,4.543037974,,,,,,,,,,,,,,,,,,,"Chas McCormick","19599",676801
"Heston Kjerstad","BAL",92,399,356,91,59,16,2,14,50,53,30,2,102,9,3,0,,2,1,0.255795,0.0760949,0.255073,0.298326,0.327013,0.427408,0.327228,0.754422,0.171614,4.07502,0.317442,-0.0616224,-0.666554,52.1495,5.4752,116.594,-0.728176,0.371043,6.847670674324036,-6.353956460952759,1.42683,342.8900146484375,,,,,,,461,5.010869565,461,5.010869565,,,,,,,,,,,,,,,,,,,"Heston Kjerstad","31166",677008
"Oswaldo Cabrera","NYY",87,378,343,83,54,17,1,11,46,44,28,0,82,2,2,2,,7,2,0.241812,0.0746758,0.216981,0.344159,0.30227,0.395342,0.304412,0.697612,0.15353,4.5658,0.283887,0.174735,-0.00207238,42.4631,-1.75462,97.9138,0.172662,1.24393,-0.7296251207590103,1.8439255356788635,1.41851,539.3200073242188,,,,,,,377.9,4.34367816,377.9,4.34367816,,,,,,,,,,,,,,,,,,,"Oswaldo Cabrera","21707",665828
"Yoán Moncada","LAA",112,483,434,106,69,23,2,12,53,50,43,1,134,4,2,0,,4,1,0.244249,0.0889818,0.276475,0.321844,0.316001,0.386871,0.308438,0.702871,0.142622,3.76766,0.323899,0.0463854,-0.396614,55.8237,-0.676743,98.9805,-0.350228,-0.206914,-0.9136718213558197,-1.4819143861532211,1.41808,509.2799987792969,,,,,,,496.3,4.43125,496.3,4.43125,,,,,,,,,,,,,,,,,,,"Yoan Moncada","17232",660162
"Max Kepler","PHI",115,497,447,107,67,21,2,18,60,62,41,0,100,6,4,0,,3,0,0.240574,0.0822023,0.201202,0.408556,0.309857,0.414152,0.315359,0.724008,0.173577,3.70163,0.270353,-0.0710286,-0.465793,60.2103,2.07223,101.336,-0.536821,2.22494,0.2569180727005005,-3.1000614166259766,1.41657,352.1499938964844,,,,,,,540.4,4.699130434,540.4,4.699130434,,,,,,,,,,,,,,,,,,,"Max Kepler","12144",596146
"Michael Conforto","LAD",115,497,439,104,63,20,1,20,59,69,48,2,120,7,3,1,,2,1,0.237571,0.0956528,0.242314,0.394747,0.319588,0.425465,0.323482,0.745053,0.187894,2.99691,0.279343,-0.16508,-0.948194,63.4597,5.32156,109.091,-1.11327,-1.82416,4.289540648460388,-7.149155497550964,1.41487,275.010009765625,,,,,,,561.1,4.879130434,561.1,4.879130434,,,,,,,,,,,,,,,,,,,"Michael Conforto","16376",624424
"Alec Burleson","STL",100,434,399,110,75,19,1,15,51,57,28,0,60,3,3,1,,6,2,0.276287,0.0638927,0.137323,0.465274,0.325972,0.440488,0.331768,0.76646,0.164201,3.79524,0.290845,-0.474064,-0.439736,58.3096,7.54111,114.437,-0.9138,0.309354,6.5785985589027405,-7.440646469593048,1.40439,239.60000610351562,,,,,,,517.6,5.176,517.6,5.176,,,,,,,,,,,,,,,,,,,"Alec Burleson","27615",676475
"Luis Urías","ATH",81,350,303,68,45,13,1,10,39,37,35,0,81,9,2,1,,3,1,0.225475,0.100015,0.230694,0.43354,0.320696,0.366444,0.306354,0.68714,0.140968,3.6223,0.273255,-0.0376046,-0.428266,39.8649,-1.07745,103.257,-0.46587,-0.49558,0.8383605182170868,1.0544199049472809,1.40236,735.6099853515625,,,,,,,350.1,4.322222222,350.1,4.322222222,,,,,,,,,,,,,,,,,,,"Luis Urias","16622",649966
"Trey Sweeney","DET",87,378,341,76,49,16,2,9,42,39,31,1,102,3,2,1,,9,2,0.223908,0.0832162,0.269594,0.308672,0.2944,0.363076,0.289164,0.657476,0.139168,5.49415,0.289246,-0.108263,0.238111,37.8241,-6.39363,88.3851,0.129849,1.9489,-4.893708884716034,5.798899412155151,1.39691,503.239990234375,,,,,,,340.5,3.913793103,340.5,3.913793103,,,,,,,,,,,,,,,,,,,"Trey Sweeney","29575",700242
"Ryan Mountcastle","BAL",123,532,488,126,81,25,1,19,62,71,36,1,127,3,5,0,,3,1,0.258572,0.0669694,0.237923,0.281475,0.30931,0.433527,0.320093,0.742837,0.174955,3.16301,0.307361,-0.220559,-0.738994,66.4771,4.24481,111.575,-0.959553,0.277205,6.086116194725037,-10.372794687747955,1.39173,229.49000549316406,,,,,,,594.3,4.831707317,594.3,4.831707317,,,,,,,,,,,,,,,,,,,"Ryan Mountcastle","18373",663624
"Spencer Steer","CIN",118,511,447,111,65,26,2,17,62,66,53,1,106,8,3,0,,14,3,0.247241,0.103772,0.20818,0.498473,0.335114,0.431964,0.334455,0.767078,0.184723,5.17325,0.285352,0.194614,0.456618,69.7602,9.98438,108.303,0.651232,-1.35099,5.72503787279129,-9.52598762512207,1.36583,168.67999267578125,,,,,,,622.4,5.274576271,622.4,5.274576271,,,,,,,,,,,,,,,,,,,"Spencer Steer","26323",668715
"Gavin Lux","CIN",115,497,440,114,78,22,3,11,62,51,49,1,105,3,3,1,,7,2,0.259176,0.0995089,0.211197,0.471166,0.335554,0.400499,0.323059,0.736053,0.141322,4.76494,0.313728,0.580242,-0.517131,63.2903,5.1522,100.633,0.0631113,-0.294284,0.4392755404114723,-3.9692839682102203,1.34563,333.0799865722656,,,,,,,546.4,4.751304347,546.4,4.751304347,,,,,,,,,,,,,,,,,,,"Gavin Lux","19955",666158
"Carlos Santana","CLE",128,553,483,110,69,22,0,19,60,66,62,2,100,4,3,0,,3,0,0.228303,0.112874,0.180572,0.625091,0.31902,0.391697,0.312096,0.710717,0.163394,2.60132,0.248604,-0.46901,-0.597654,65.542,0.853136,104.569,-1.06666,2.68697,1.8240947723388672,-7.3880250453948975,1.33223,351.6300048828125,,,,,,,579.1,4.52421875,579.1,4.52421875,,,,,,,,,,,,,,,,,,,"Carlos Santana","2396",467793
"Andrew Vaughn","CHW",146,630,574,147,92,30,1,23,67,81,43,0,127,8,4,0,,1,0,0.255472,0.0684884,0.200965,0.340797,0.314622,0.432215,0.323875,0.746836,0.176743,2.40872,0.288527,-1.04761,-0.976757,80.6409,6.94467,111.1,-2.02437,-2.83054,5.9768760204315186,-14.330537557601929,1.30963,264.42999267578125,,,,,,,713,4.883561643,713,4.883561643,,,,,,,,,,,,,,,,,,,"Andrew Vaughn","26197",683734
"Nolan Gorman","STL",94,406,365,83,47,15,0,21,51,57,37,1,132,2,2,0,,5,1,0.227407,0.0900598,0.324792,0.277285,0.300024,0.43849,0.318792,0.738514,0.211083,3.4785,0.290597,0.0601315,-0.139696,50.3076,2.81453,105.703,-0.0795649,-1.07275,2.689400799572468,-3.622753381729126,1.30067,371.8900146484375,,,,,,,464.4,4.940425531,464.4,4.940425531,,,,,,,,,,,,,,,,,,,"Nolan Gorman","22263",669357
"Isiah Kiner-Falefa","PIT",128,553,512,135,104,21,3,7,58,50,28,1,86,8,4,2,,15,4,0.263568,0.050309,0.154749,0.325101,0.309224,0.355551,0.292532,0.664775,0.0919827,5.3059,0.302774,0.170361,0.38695,56.8344,-7.85447,83.9739,0.557311,-1.54375,-10.040442049503326,4.181250810623169,1.29778,370.4700012207031,,,,,,,513.1,4.00859375,513.1,4.00859375,,,,,,,,,,,,,,,,,,,"Isiah Kiner-Falefa","16512",643396
"Keibert Ruiz","WSN",122,480,446,112,74,23,0,15,49,57,25,0,54,5,3,1,,3,1,0.252137,0.0518406,0.111505,0.464916,0.297226,0.405623,0.304942,0.702849,0.153486,2.76585,0.255883,-0.878748,-0.577476,54.1262,-2.02323,95.2772,-1.45622,-4.52578,-4.167034268379211,4.849217414855957,1.28954,211.47000122070312,,,,,,,481.8,3.949180327,481.8,3.949180327,,,,,,,,,,,,,,,,,,,"Keibert Ruiz","19610",660688
"Mike Tauchman","CHW",86,371,316,77,53,15,1,8,49,34,48,1,80,4,2,1,,6,1,0.244794,0.128484,0.215675,0.595729,0.348739,0.377791,0.323669,0.72653,0.132997,4.70791,0.299795,0.0104597,-0.0625094,47.427,4.0281,110.955,-0.0520497,0.642659,4.598253656178713,-4.5323410630226135,1.28609,489.7200012207031,,,,,,,404.2,4.7,404.2,4.7,,,,,,,,,,,,,,,,,,,"Mike Tauchman","15274",643565
"Christian Vázquez","MIN",75,295,273,64,47,12,0,5,28,28,16,0,62,1,2,2,,2,1,0.235684,0.0549729,0.209138,0.262855,0.279883,0.340429,0.272337,0.620312,0.104745,3.15878,0.283054,-0.974489,-0.409907,25.5235,-8.98505,76.0338,-1.3844,2.21904,-9.473986029624939,7.7190446853637695,1.28236,642.239990234375,,,,,,,219.2,2.922666666,219.2,2.922666666,,,,,,,,,,,,,,,,,,,"Christian Vazquez","9774",543877
"Alek Thomas","ARI",71,308,283,72,47,15,3,8,38,37,20,0,57,2,2,1,,7,2,0.255885,0.06425,0.186591,0.344335,0.30756,0.413532,0.312468,0.721093,0.157647,5.71424,0.293128,0.366321,-0.0654515,36.5967,0.567422,98.3442,0.30087,1.31791,-0.3089755177497864,2.4179128408432007,1.27765,542.1400146484375,,,,,,,329.7,4.643661971,329.7,4.643661971,,,,,,,,,,,,,,,,,,,"Alek Thomas","23792",677950
"Jose Miranda","MIN",112,483,445,119,79,25,2,13,53,59,28,1,79,7,3,0,,3,1,0.268293,0.0579503,0.164037,0.353277,0.318969,0.423702,0.321839,0.742671,0.155409,3.57639,0.298649,-0.497153,-0.790498,61.0333,4.53289,110.855,-1.28765,-1.05667,4.711368203163147,-8.48166561126709,1.2761,368.5299987792969,,,,,,,535.4,4.780357142,535.4,4.780357142,,,,,,,,,,,,,,,,,,,"Jose Miranda","20538",669304
"Gio Urshela","ATH",89,385,359,96,70,17,1,8,36,40,21,1,65,2,3,0,,1,0,0.268288,0.0537111,0.169544,0.316798,0.308532,0.392868,0.30447,0.701399,0.124579,2.87558,0.305084,-0.529642,-0.560817,43.2676,-1.76897,101.932,-1.09046,0.044855,-0.239574134349823,-0.3301450163125992,1.26872,524.6500244140625,,,,,,,379.7,4.266292134,379.7,4.266292134,,,,,,,,,,,,,,,,,,,"Gio Urshela","10681",570482
"Dillon Dingler","DET",60,237,214,49,30,10,1,7,26,28,17,0,66,4,2,0,,2,1,0.226953,0.0710535,0.27865,0.254992,0.292763,0.384809,0.296418,0.677572,0.157856,4.1602,0.290546,-0.0678028,-0.249684,25.0778,-2.62264,93.4882,-0.317487,1.53965,-2.0818410217761993,6.1646482944488525,1.26619,582.510009765625,,,,,,,224.9,3.748333333,224.9,3.748333333,,,,,,,,,,,,,,,,,,,"Dillon Dingler","27464",693307
"Andrew Benintendi","CHW",126,546,491,129,88,25,2,14,62,61,48,2,92,3,4,0,,7,2,0.26172,0.0875801,0.167912,0.521585,0.328128,0.405818,0.319954,0.733945,0.144098,3.99971,0.293574,0.178287,-0.589745,68.1655,4.29545,108.341,-0.411458,-4.12408,4.799688816070557,-10.774081230163574,1.2657,408.0799865722656,,,,,,,607.6,4.822222222,607.6,4.822222222,,,,,,,,,,,,,,,,,,,"Andrew Benintendi","17901",643217
"Nolan Jones","CLE",66,287,248,61,38,13,1,9,35,34,34,2,87,3,2,1,,6,2,0.246522,0.118596,0.304474,0.38951,0.341343,0.412881,0.329465,0.754225,0.166359,4.67054,0.342053,-0.0223148,-0.200731,38.0276,4.45487,116.786,-0.223046,0.653007,5.289321467280388,-2.671993136405945,1.25995,259.07000732421875,,,,,,,338.4,5.127272727,338.4,5.127272727,,,,,,,,,,,,,,,,,,,"Nolan Jones","20529",666134
"Gabriel Arias","CLE",78,336,309,75,49,15,2,9,37,38,21,1,92,3,2,1,,8,2,0.244177,0.0623837,0.274554,0.227218,0.297621,0.396944,0.301533,0.694566,0.152767,5.6912,0.316625,-0.0623046,0.170245,36.9663,-2.33828,97.1382,0.10794,0.261165,-0.9922948330640793,1.9611652493476868,1.25866,690.4000244140625,,,,,,,332.1,4.257692307,332.1,4.257692307,,,,,,,,,,,,,,,,,,,"Gabriel Arias","22563",672356
"Edouard Julien","MIN",75,322,273,62,41,12,1,9,39,33,44,1,103,2,2,1,,5,1,0.228776,0.138151,0.320266,0.431363,0.340253,0.373166,0.318305,0.713418,0.14439,4.53261,0.330717,0.0384546,0.0523019,39.773,2.10607,108.369,0.0907565,-0.743753,3.17424875497818,-1.7937530279159546,1.2529,580.75,,,,,,,344,4.586666666,344,4.586666666,,,,,,,,,,,,,,,,,,,"Edouard Julien","27534",666397
"Miguel Andujar","ATH",96,413,384,104,73,20,1,10,46,46,24,1,59,2,2,0,,4,2,0.272165,0.0579108,0.143704,0.402987,0.317112,0.408622,0.31487,0.725733,0.136457,3.57972,0.298237,0,-0.620107,49.8714,1.55943,109.247,-0.620107,0.109477,3.749710500240326,-5.415523461997509,1.25207,543.489990234375,,,,,,,436.1,4.542708333,436.1,4.542708333,,,,,,,,,,,,,,,,,,,"Miguel Andujar","15878",609280
"Jordan Walker","STL",130,560,508,127,80,27,3,18,59,67,40,0,127,6,4,1,,6,3,0.2502,0.0718037,0.226921,0.316425,0.310943,0.417878,0.316711,0.728821,0.167678,4.04345,0.29765,0.0776163,-0.756341,68.4518,2.94406,104.303,-0.678724,-2.74733,2.202492117881775,-8.747333765029907,1.25106,291.2200012207031,,,,,,,608.8,4.683076923,608.8,4.683076923,,,,,,,,,,,,,,,,,,,"Jordan Walker","27475",691023
"Mauricio Dubón","HOU",87,378,353,94,68,19,1,7,43,39,17,0,52,3,3,2,,4,2,0.265776,0.0453478,0.136256,0.332814,0.302218,0.379288,0.297036,0.681506,0.113512,3.88584,0.292638,0.0123489,-0.560792,40.2192,-3.99856,94.2772,-0.548444,1.4141,-3.0236399173736572,2.364098012447357,1.23531,459.80999755859375,,,,,,,362,4.16091954,362,4.16091954,,,,,,,,,,,,,,,,,,,"Mauricio Dubon","16530",643289
"Thairo Estrada","COL",97,420,390,103,71,19,2,12,52,51,20,0,80,8,2,1,,8,3,0.265438,0.0465608,0.190729,0.244121,0.311462,0.418224,0.316805,0.729686,0.152786,5.06852,0.30393,0.461153,-0.382043,51.3707,2.23986,89.793,0.0791108,1.45755,-5.047223910689354,2.9575469493865967,1.22943,312.3599853515625,,,,,,,456.9,4.710309278,456.9,4.710309278,,,,,,,,,,,,,,,,,,,"Thairo Estrada","16426",642731
"Harrison Bader","MIN",84,364,336,81,55,16,1,9,43,40,20,1,77,5,3,1,,15,4,0.241477,0.0553688,0.210844,0.262606,0.291202,0.37942,0.291947,0.670622,0.137943,5.54356,0.283521,0.248096,0.623752,37.2387,-5.34135,89.8283,0.871848,3.80356,-3.36458957195282,3.103556513786316,1.22819,469.82000732421875,,,,,,,346.6,4.126190476,346.6,4.126190476,,,,,,,,,,,,,,,,,,,"Harrison Bader","18030",664056
"Miguel Amaya","CHC",83,326,289,69,47,13,1,9,34,38,26,0,67,7,3,2,,1,0,0.240196,0.078525,0.206473,0.380316,0.314392,0.382843,0.306947,0.697235,0.142647,3.04335,0.281997,-0.240419,-0.511801,37.3327,-0.848956,98.8088,-0.75222,-2.75071,-1.2171550989151,3.624288320541382,1.21606,344.2099914550781,,,,,,,326.3,3.931325301,326.3,3.931325301,,,,,,,,,,,,,,,,,,,"Miguel Amaya","21693",665804
"Victor Caratini","HOU",57,226,201,49,35,7,0,6,23,25,19,1,46,4,2,0,,1,1,0.24212,0.0846536,0.204705,0.413539,0.31698,0.373713,0.303625,0.690694,0.131593,2.41223,0.282364,-0.540178,-0.560096,25.2895,-1.19432,98.9117,-1.10027,0.566549,-1.3821901082992554,3.891548812389374,1.2107,565.9299926757812,,,,,,,218.2,3.828070175,218.2,3.828070175,,,,,,,,,,,,,,,,,,,"Victor Caratini","14968",605170
"Joey Bart","PIT",96,379,340,82,55,15,0,12,44,44,30,0,106,7,2,0,,1,0,0.240937,0.0782321,0.280698,0.278706,0.313547,0.390858,0.309967,0.704406,0.149921,2.37527,0.313157,-0.149088,-0.677642,44.2467,-0.0645753,95.709,-0.82673,-2.96509,-2.770430028438568,3.809905529022217,1.1795,262.3599853515625,,,,,,,388.4,4.045833333,388.4,4.045833333,,,,,,,,,,,,,,,,,,,"Joey Bart","21524",663698
"Matt Vierling","DET",107,462,418,106,72,20,4,11,55,45,36,1,99,4,3,1,,6,2,0.253675,0.0787948,0.213665,0.368777,0.316805,0.395421,0.311122,0.712226,0.141746,4.9325,0.306199,0.344241,-0.650557,54.3943,0.350471,103.831,-0.306316,-3.20416,1.7186908721923828,-5.95415997505188,1.15564,387.8999938964844,,,,,,,485.6,4.538317757,485.6,4.538317757,,,,,,,,,,,,,,,,,,,"Matt Vierling","21558",663837
"Hyeseong Kim","LAD",75,322,298,83,65,13,1,4,36,32,19,1,52,2,2,1,,12,3,0.27912,0.0593001,0.161925,0.36622,0.324366,0.374077,0.305727,0.698443,0.094957,5.48394,0.323797,-0.0750387,0.429489,36.5131,-1.15387,97.14,0.354451,0,-0.7467771768569946,1.2000000476837158,1.15483,457.07000732421875,,,,,,,325.2,4.336,325.2,4.336,,,,,,,,,,,,,,,,,,,"Hyeseong Kim","sa3012639",808975
"Ty France","MIN",105,455,404,105,71,22,0,12,50,51,32,1,85,15,3,1,,1,0,0.259323,0.0699214,0.18727,0.373371,0.33398,0.402549,0.323867,0.736529,0.143226,2.25221,0.299401,-0.82695,-0.790031,58.2376,5.0126,112.281,-1.61698,-0.311556,4.776756525039673,-8.936555743217468,1.13932,431.010009765625,,,,,,,503.5,4.795238095,503.5,4.795238095,,,,,,,,,,,,,,,,,,,"Ty France","17982",664034
"Jesse Winker","NYM",96,413,348,84,56,16,1,11,49,45,56,1,86,6,2,1,,7,2,0.241499,0.134624,0.208184,0.646656,0.354332,0.390306,0.331026,0.744638,0.148807,4.20942,0.288132,-0.949988,-0.367956,55.2416,6.92969,115.983,-1.31794,-1.08004,6.575762867927551,-9.305035829544067,1.13928,399.989990234375,,,,,,,471.6,4.9125,471.6,4.9125,,,,,,,,,,,,,,,,,,,"Jesse Winker","13590",608385
"Tyrone Taylor","NYM",78,336,308,72,43,17,2,10,42,40,19,1,78,6,2,0,,8,1,0.234213,0.0568163,0.232771,0.244087,0.289828,0.401574,0.299603,0.691403,0.167361,6.01789,0.279163,0.157456,0.425648,36.4445,-2.86015,94.8335,0.583103,1.14347,-1.492760419845581,1.1434729546308517,1.12012,682.4000244140625,,,,,,,337.3,4.324358974,337.3,4.324358974,,,,,,,,,,,,,,,,,,,"Tyrone Taylor","13675",621438
"Ramón Urías","BAL",57,245,222,57,38,10,1,7,28,28,18,0,54,4,1,0,,1,1,0.254999,0.0734427,0.220567,0.332973,0.319943,0.402492,0.316413,0.722435,0.147493,3.99412,0.307608,0.0442509,-0.443217,29.8889,1.22927,108.986,-0.398966,-0.235928,2.1201721131801605,0.48907171189785004,1.11429,708.0999755859375,,,,,,,262.8,4.610526315,262.8,4.610526315,,,,,,,,,,,,,,,,,,,"Ramon Urias","18795",602104
"Endy Rodríguez","PIT",89,364,329,81,52,19,2,8,43,40,28,0,73,3,2,0,,2,1,0.246107,0.0782025,0.199321,0.392346,0.310111,0.38994,0.30639,0.700052,0.143834,4.21674,0.290762,0.0125735,-0.544012,41.4698,-1.11018,93.301,-0.531439,0.289459,-3.4473288655281067,1.464459389448166,1.11205,421.32000732421875,,,,,,,360.3,4.048314606,360.3,4.048314606,,,,,,,,,,,,,,,,,,,"Endy Rodriguez","25332",682848
"José Caballero","TBR",66,287,254,57,39,12,1,6,33,28,23,0,72,7,2,1,,25,7,0.226191,0.0784929,0.251133,0.312556,0.305219,0.349338,0.290885,0.654557,0.123147,6.36166,0.289504,0.26138,1.41739,29.1158,-4.45693,92.455,1.67877,0.346392,-0.798924446105957,1.8713918626308441,1.1004,327.2799987792969,,,,,,,280,4.242424242,280,4.242424242,,,,,,,,,,,,,,,,,,,"Jose Caballero","23401",676609
"Nick Fortes","MIA",86,339,309,73,51,14,0,8,34,34,19,0,52,6,3,3,,3,1,0.235201,0.0558961,0.153266,0.3647,0.289042,0.356863,0.28409,0.645905,0.121662,3.3006,0.257663,0.0500781,-0.466411,32.5564,-7.12256,78.2565,-0.416333,0.196291,-9.235871613025665,6.821291208267212,1.09993,597.9000244140625,,,,,,,293.5,3.412790697,293.5,3.412790697,,,,,,,,,,,,,,,,,,,"Nick Fortes","21538",663743
"Jeimer Candelario","CIN",118,511,460,112,63,27,2,20,60,68,39,1,122,8,3,0,,4,2,0.242814,0.0771817,0.238505,0.323607,0.31083,0.437566,0.323233,0.748396,0.194752,4.00872,0.286064,-0.312666,-0.788939,65.1448,5.36905,100.75,-1.10161,-1.34267,-0.6431298553943634,-5.917666077613831,1.0808,310.010009765625,,,,,,,587.9,4.982203389,587.9,4.982203389,,,,,,,,,,,,,,,,,,,"Jeimer Candelario","13621",600869
"Will Brennan","CLE",75,322,298,82,58,17,1,6,34,34,19,1,47,3,2,0,,6,2,0.275892,0.0575969,0.145354,0.396252,0.322987,0.401057,0.314491,0.724044,0.125165,4.45785,0.308391,-0.0543115,-0.156692,38.7845,1.11756,106.254,-0.211003,-0.0758964,2.093020260334015,-2.4258963391184807,1.07595,658.6900024414062,,,,,,,344.4,4.592,344.4,4.592,,,,,,,,,,,,,,,,,,,"Will Brennan","25660",686823
"Trent Grisham","NYY",53,231,199,42,24,10,0,8,27,27,27,0,61,3,1,1,,4,1,0.212765,0.11487,0.265302,0.432979,0.312124,0.394104,0.310444,0.706228,0.181339,4.31078,0.259684,0.0960203,-0.0390428,27.0712,0.0492317,102.157,0.0569775,1.12152,0.6270763874053955,1.9465150237083435,1.06233,733.9400024414062,,,,,,,235.2,4.437735849,235.2,4.437735849,,,,,,,,,,,,,,,,,,,"Trent Grisham","18564",663757
"Ryan Bliss","SEA",75,322,289,64,42,13,2,7,37,33,26,0,85,4,2,1,,19,6,0.222094,0.0812,0.265049,0.306358,0.29352,0.355979,0.286959,0.649499,0.133885,6.60757,0.286664,-0.0203062,0.614404,31.6492,-6.01774,92.0232,0.594097,0.629175,-2.3448418378829956,1.879174530506134,1.06223,528.530029296875,,,,,,,293.6,3.914666666,293.6,3.914666666,,,,,,,,,,,,,,,,,,,"Ryan Bliss","29547",669208
"Javier Báez","DET",97,420,391,92,61,17,2,11,45,47,20,1,102,5,3,1,,9,2,0.233933,0.0467481,0.242955,0.192415,0.277671,0.373128,0.282522,0.650799,0.139194,5.36197,0.28568,0.0958398,0.509812,39.7817,-9.34907,83.7135,0.605652,-0.253667,-7.221115589141846,3.446333110332489,1.0584,624.739990234375,,,,,,,374.8,3.863917525,374.8,3.863917525,,,,,,,,,,,,,,,,,,,"Javier Baez","12979",595879
"Josh Rojas","CHW",73,315,279,67,46,14,1,6,36,28,30,1,68,2,2,1,,8,2,0.240381,0.0968072,0.215658,0.448892,0.316943,0.362799,0.300497,0.679742,0.122418,4.94877,0.293584,0.325711,0.168277,34.3934,-2.45473,94.6551,0.493987,-0.666134,-1.4324553608894348,1.1088656187057495,1.05277,566.1400146484375,,,,,,,304.5,4.171232876,304.5,4.171232876,,,,,,,,,,,,,,,,,,,"Josh Rojas","19734",668942
"Ben Rortvedt","TBR",65,256,226,49,34,10,0,5,25,25,25,0,69,3,1,0,,1,0,0.218705,0.0971577,0.268762,0.3615,0.303529,0.334209,0.285907,0.637738,0.115504,2.7808,0.288168,0.0174742,-0.338454,24.9452,-5.00117,88.9535,-0.32098,-1.0089,-3.556702435016632,3.9911025762557983,1.05273,708.9000244140625,,,,,,,210.3,3.235384615,210.3,3.235384615,,,,,,,,,,,,,,,,,,,"Ben Rortvedt","20287",666163
"Jace Jung","DET",57,245,212,48,29,11,1,7,26,26,29,0,63,2,2,0,,1,1,0.22462,0.119792,0.255284,0.469249,0.322238,0.377437,0.309843,0.699675,0.152817,3.08871,0.282823,-0.0753834,-0.512847,28.5934,-0.0662473,102.931,-0.58823,0.78724,0.23353374004364014,1.6622398495674133,1.0406,487.3800048828125,,,,,,,252.3,4.426315789,252.3,4.426315789,,,,,,,,,,,,,,,,,,,"Jace Jung","31437",690291
"Rhys Hoskins","MIL",144,623,545,122,67,25,1,29,73,84,66,1,174,7,5,0,,3,1,0.223141,0.105272,0.27924,0.376993,0.312131,0.431865,0.322893,0.743997,0.208725,2.88907,0.267407,-1.38548,-0.98174,79.2523,6.37497,106.623,-2.36722,-1.57636,2.5671017169952393,-13.301358699798584,1.03517,263.2900085449219,,,,,,,710.9,4.936805555,710.9,4.936805555,,,,,,,,,,,,,,,,,,,"Rhys Hoskins","16472",656555
"Tyler Soderstrom","ATH",115,494,448,102,60,19,2,22,53,66,37,2,131,5,3,0,,1,1,0.228556,0.0747307,0.264344,0.282702,0.292728,0.426439,0.309643,0.719166,0.197883,2.44608,0.268763,-0.350169,-0.953585,57.5738,-0.213327,105.57,-1.30375,-0.607186,1.8444945812225342,-8.382185816764832,1.02778,271.8500061035156,,,,,,,521.6,4.535652173,521.6,4.535652173,,,,,,,,,,,,,,,,,,,"Tyler Soderstrom","27467",691016
"Brendan Rodgers","HOU",62,266,245,62,42,13,1,7,30,30,17,0,60,3,1,1,,1,0,0.25473,0.0633881,0.227183,0.279018,0.307748,0.397666,0.307241,0.705414,0.142936,3.04465,0.310624,0.0281588,-0.398224,30.4872,-0.628977,101.456,-0.370065,-0.0253767,0.07295283675193787,0.924623241648078,1.02025,549.8300170898438,,,,,,,273.3,4.408064516,273.3,4.408064516,,,,,,,,,,,,,,,,,,,"Brendan Rodgers","17907",663898
"Richie Palacios","TBR",78,336,289,70,48,15,1,6,41,33,39,1,61,5,2,1,,11,2,0.241541,0.116263,0.180957,0.642491,0.338676,0.362087,0.312381,0.700763,0.120545,5.59041,0.284842,0.0715971,0.604362,39.9002,0.595539,107.576,0.67596,-2.28289,3.588648498058319,-5.182891368865967,0.99395,502.8900146484375,,,,,,,355.9,4.562820512,355.9,4.562820512,,,,,,,,,,,,,,,,,,,"Richie Palacios","24589",680700
"Derek Hill","MIA",86,371,342,86,59,14,4,9,44,42,22,0,102,3,2,2,,10,3,0.253043,0.0586758,0.273759,0.214334,0.301934,0.398663,0.304645,0.700597,0.14562,6.21903,0.330602,-0.0115758,0.244275,41.7464,-1.65251,92.0915,0.232699,-0.493878,-3.2758844047784805,0.5311223864555359,0.993159,580.3200073242188,,,,,,,373.2,4.339534883,373.2,4.339534883,,,,,,,,,,,,,,,,,,,"Derek Hill","16947",656537
"Lenyn Sosa","CHW",96,413,388,97,66,18,1,13,43,48,18,1,87,3,3,2,,3,1,0.250493,0.0439334,0.210986,0.208228,0.286738,0.397835,0.295741,0.684573,0.147341,2.96001,0.290338,-0.048142,-0.66921,43.5128,-4.79918,91.31,-0.717352,0.685387,-4.8238860964775085,0.510387122631073,0.978623,461.7200012207031,,,,,,,401.2,4.179166666,401.2,4.179166666,,,,,,,,,,,,,,,,,,,"Lenyn Sosa","22896",672820
"Austin Hays","CIN",117,504,462,119,72,30,1,17,61,62,31,1,124,7,3,1,,4,2,0.256951,0.060884,0.245483,0.248017,0.310762,0.432953,0.321092,0.743715,0.176002,3.56725,0.314167,-0.136131,-0.870693,63.3838,4.42682,99.309,-1.00682,-0.73706,-1.4233062267303467,-5.937060117721558,0.974131,369.8299865722656,,,,,,,572.9,4.896581196,572.9,4.896581196,,,,,,,,,,,,,,,,,,,"Austin Hays","19363",669720
"Christian Moore","LAA",55,238,221,57,38,10,0,8,35,30,14,0,66,1,1,0,,3,1,0.256886,0.0602225,0.277402,0.217095,0.304522,0.421433,0.314883,0.725955,0.164547,4.35013,0.32792,-0.0146675,-0.489084,28.7418,0.901029,103.514,-0.503752,0.105923,0.45310527086257935,0.9559231027960777,0.966196,999,,,,,,,250.3,4.55090909,250.3,4.55090909,,,,,,,,,,,,,,,,,,,"Christian Moore","sa3025168",695681
"Josh Bell","WSN",134,581,515,129,84,23,1,20,65,71,58,2,114,4,4,0,,1,1,0.250648,0.0993252,0.196771,0.504776,0.329026,0.419652,0.32608,0.748678,0.169004,2.02844,0.28289,-1.19046,-1.31279,75.4,7.43576,109.505,-2.50325,-0.139174,4.100260257720947,-14.314174681901932,0.944384,330.5799865722656,,,,,,,652.9,4.872388059,652.9,4.872388059,,,,,,,,,,,,,,,,,,,"Josh Bell","13145",605137
"Christian Encarnacion-Strand","CIN",102,441,405,105,62,21,1,20,55,67,27,1,119,6,2,1,,3,1,0.258335,0.0619124,0.269586,0.229657,0.31284,0.466464,0.334449,0.779304,0.208128,3.61451,0.314528,-0.188906,-0.540545,60.2017,8.61437,108.299,-0.729451,0.238353,3.6470248103141785,-9.236647844314575,0.940223,220.8800048828125,,,,,,,539.5,5.289215686,539.5,5.289215686,,,,,,,,,,,,,,,,,,,"Christian Encarnacion-Strand","30011",687952
"Gary Sánchez","BAL",63,257,227,49,30,9,1,10,28,32,24,0,68,4,2,0,,0,0,0.217656,0.0920585,0.265913,0.346197,0.300635,0.400112,0.306764,0.700747,0.182456,2.63496,0.259473,-0.361131,-0.417714,29.4028,-0.707403,102.199,-0.778845,-0.310682,-0.13109779357910156,0.6643174588680267,0.933918,521.8599853515625,,,,,,,257.2,4.082539682,257.2,4.082539682,,,,,,,,,,,,,,,,,,,"Gary Sanchez","11442",596142
"Kyle Stowers","MIA",99,427,381,88,51,19,2,16,47,53,36,0,130,6,3,1,,2,1,0.231825,0.0842543,0.303498,0.277611,0.305669,0.420384,0.315526,0.726053,0.188559,3.25158,0.302145,-0.0785744,-0.748558,51.7873,1.83768,99.4153,-0.827133,-0.0941481,-1.1256800591945648,-4.06914821267128,0.932821,540.1400146484375,,,,,,,455.7,4.603030303,455.7,4.603030303,,,,,,,,,,,,,,,,,,,"Kyle Stowers","26151",669065
"Roman Anthony","BOS",78,336,295,72,45,17,2,8,42,38,37,1,89,2,2,0,,7,2,0.24543,0.109552,0.264295,0.414505,0.331378,0.398634,0.32038,0.730012,0.153204,5.36482,0.322307,-0.0373729,-0.326598,42.0634,2.75874,103.357,-0.363971,0.377554,0.9266948103904724,-3.2224464118480682,0.921499,999,,,,,,,368.8,4.728205128,368.8,4.728205128,,,,,,,,,,,,,,,,,,,"Roman Anthony","sa3020211",701350
"Oliver Dunn","MIL",91,392,346,72,45,15,3,9,42,39,40,1,136,4,1,1,,8,2,0.20941,0.101558,0.347559,0.292202,0.29705,0.35266,0.288059,0.64971,0.14325,5.79963,0.312547,-0.00525063,0.131023,38.8764,-6.97905,83.1778,0.125772,2.76659,-7.759751081466675,3.616585850715637,0.920998,671.6500244140625,,,,,,,344,3.78021978,344,3.78021978,,,,,,,,,,,,,,,,,,,"Oliver Dunn","26295",686554
"Max Muncy","ATH",75,322,291,67,44,15,1,7,34,34,21,0,96,6,2,2,,5,1,0.229819,0.065622,0.29936,0.219208,0.293425,0.361066,0.28853,0.654492,0.131247,4.53405,0.315528,-0.0152948,-0.182332,32.0562,-5.61074,90.7186,-0.197627,0.0792766,-3.6172195225954056,1.6292766630649567,0.905014,999,,,,,,,286.9,3.825333333,286.9,3.825333333,,,,,,,,,,,,,,,,,,,"Max Muncy","sa3017290",691777
"Jake Fraley","CIN",100,434,386,98,67,18,1,12,50,50,40,1,85,5,3,1,,19,5,0.254692,0.0927296,0.195985,0.473146,0.330474,0.400676,0.32051,0.73115,0.145983,5.31473,0.296122,-0.16102,0.851824,54.377,3.60856,98.917,0.690804,-0.147838,0.12874406576156616,-5.897838264703751,0.8976,374.17999267578125,,,,,,,490.6,4.906,490.6,4.906,,,,,,,,,,,,,,,,,,,"Jake Fraley","19260",641584
"Drake Baldwin","ATL",52,205,181,43,28,9,0,5,22,23,20,0,49,2,1,0,,0,0,0.235403,0.0970876,0.238584,0.406933,0.317923,0.373814,0.306118,0.691737,0.138411,2.48523,0.292474,-0.0109966,-0.367159,23.2878,-0.669325,94.5124,-0.378155,-0.5184,-1.722080409526825,3.481600046157837,0.886448,999,,,,,,,198.9,3.825,198.9,3.825,,,,,,,,,,,,,,,,,,,"Drake Baldwin","sa3019920",686948
"Victor Scott II","STL",104,448,406,94,69,15,3,7,49,41,29,0,89,5,4,4,,27,5,0.230825,0.0642151,0.198036,0.32426,0.288073,0.334584,0.275462,0.622657,0.10376,6.84278,0.276138,0.122347,2.39346,39.8879,-12.5183,76.539,2.51581,2.05795,-10.052772521972656,3.6579450368881226,0.88115,347.1700134277344,,,,,,,386.1,3.7125,386.1,3.7125,,,,,,,,,,,,,,,,,,,"Victor Scott II","31349",687363
"Johan Rojas","PHI",66,287,266,66,47,12,3,4,35,28,13,0,56,3,1,3,,17,3,0.24831,0.0463842,0.196534,0.236011,0.29132,0.359879,0.285261,0.651199,0.111569,7.38694,0.299101,0.0812119,1.62441,27.8169,-5.75585,81.0775,1.70562,2.47037,-4.788512945175171,3.4953659772872925,0.85403,586.739990234375,,,,,,,265,4.015151515,265,4.015151515,,,,,,,,,,,,,,,,,,,"Johan Rojas","24336",679032
"Luis Torrens","NYM",60,237,216,50,32,10,0,7,25,27,17,0,62,2,2,0,,2,1,0.229952,0.0698955,0.260223,0.268598,0.288446,0.374565,0.289822,0.663011,0.144613,3.12371,0.286211,-0.20795,-0.349546,23.8205,-3.87995,88.25,-0.557496,-0.0125234,-3.884713053703308,4.612476645968854,0.852961,632.5399780273438,,,,,,,216.8,3.613333333,216.8,3.613333333,,,,,,,,,,,,,,,,,,,"Luis Torrens","15905",620443
"Alex Call","WSN",58,252,216,49,32,10,1,6,30,25,30,0,50,4,2,1,,6,2,0.226439,0.117675,0.198334,0.593317,0.328304,0.366677,0.310105,0.694981,0.140238,4.57112,0.263686,0.0365294,-0.0994582,29.4635,-0.0149526,98.7525,-0.0629288,2.10503,-0.4388602674007416,0.20502793788909912,0.842997,741.6400146484375,,,,,,,257.3,4.436206896,257.3,4.436206896,,,,,,,,,,,,,,,,,,,"Alex Call","19296",669743
"Mitch Garver","SEA",78,323,279,57,33,12,0,12,34,37,37,0,94,4,2,0,,0,0,0.204115,0.116156,0.292328,0.397347,0.305717,0.374407,0.301528,0.680124,0.170292,1.66299,0.258516,-0.2467,-0.561436,35.5128,-2.24767,102.271,-0.808136,-0.0884222,0.03063732385635376,-1.83842221647501,0.842909,437.1700134277344,,,,,,,310.8,3.984615384,310.8,3.984615384,,,,,,,,,,,,,,,,,,,"Mitch Garver","15161",641598
"Paul DeJong","WSN",91,392,358,76,45,14,0,16,41,45,24,0,121,6,3,0,,3,1,0.210823,0.0617623,0.307572,0.200806,0.269741,0.383392,0.284346,0.653133,0.17257,2.7444,0.265872,-0.368922,-0.663448,37.7048,-8.15056,81.4145,-1.03237,3.17929,-9.744447946548462,4.62929368019104,0.820613,433.739990234375,,,,,,,351.5,3.862637362,351.5,3.862637362,,,,,,,,,,,,,,,,,,,"Paul DeJong","18015",657557
"Jonah Bride","MIA",97,420,358,85,57,17,1,10,45,47,51,0,84,7,4,1,,1,1,0.238434,0.121996,0.20045,0.608613,0.341302,0.37808,0.320213,0.719382,0.139646,2.5886,0.280944,-0.496048,-0.924954,52.5227,3.3919,102.57,-1.421,1.12127,-0.1303086280822754,-5.928725719451904,0.819481,463.1099853515625,,,,,,,440.1,4.537113402,440.1,4.537113402,,,,,,,,,,,,,,,,,,,"Jonah Bride","24703",681146
"Blake Perkins","MIL",60,259,227,52,35,10,1,5,29,25,27,1,67,2,2,1,,10,3,0.227736,0.10483,0.258386,0.405711,0.311989,0.347298,0.29288,0.659287,0.119562,5.67445,0.297434,0.138587,0.466665,26.6912,-3.60611,86.4229,0.605251,1.91474,-3.5997803807258606,2.8397409319877625,0.812739,660.1699829101562,,,,,,,243.5,4.058333333,243.5,4.058333333,,,,,,,,,,,,,,,,,,,"Blake Perkins","19921",663368
"Kyle Teel","CHW",45,179,159,38,28,7,0,4,21,17,18,0,45,2,1,0,,3,1,0.239506,0.0978331,0.252773,0.387039,0.318957,0.352083,0.298778,0.67104,0.112576,3.79264,0.309852,0,-0.226008,19.3181,-1.64433,93.4463,-0.226008,-0.100354,-1.5698012560606003,3.3996460139751434,0.806902,999,,,,,,,174.6,3.88,174.6,3.88,,,,,,,,,,,,,,,,,,,"Kyle Teel","sa3022886",691019
"Rob Refsnyder","BOS",52,224,195,51,33,11,1,6,27,27,23,1,56,4,1,0,,3,1,0.261515,0.10268,0.251544,0.408199,0.348775,0.418939,0.336197,0.767714,0.157424,3.99349,0.334855,-0.184542,-0.28698,30.8938,4.69068,114.483,-0.471521,-0.340891,3.2404366731643677,-2.9908908903598785,0.798172,736.530029296875,,,,,,,268.5,5.163461538,268.5,5.163461538,,,,,,,,,,,,,,,,,,,"Rob Refsnyder","13770",608701
"Pedro Pagés","STL",62,243,220,50,34,8,1,6,23,27,19,0,63,2,2,1,,2,0,0.225819,0.0762197,0.258291,0.295092,0.289606,0.356826,0.284509,0.646432,0.131007,3.71112,0.2846,-0.102126,-0.222851,23.4243,-5.02474,82.6283,-0.324977,0.888651,-5.377014487981796,5.638651371002197,0.793503,564.9000244140625,,,,,,,212.1,3.420967741,212.1,3.420967741,,,,,,,,,,,,,,,,,,,"Pedro Pages","25782",686780
"Dane Myers","MIA",78,336,305,76,53,13,2,9,41,38,23,0,93,5,2,0,,8,2,0.248914,0.0682162,0.277094,0.246184,0.310524,0.386067,0.305559,0.696591,0.137153,5.35298,0.327641,-0.0908722,0.158294,38.0552,-1.24946,92.7066,0.0674216,0.747193,-2.863010458648205,-0.6528075933456421,0.793089,656.2899780273438,,,,,,,347.9,4.46025641,347.9,4.46025641,,,,,,,,,,,,,,,,,,,"Dane Myers","22054",667472
"MJ Melendez","KCR",117,504,449,106,60,23,3,20,59,63,48,1,124,3,3,1,,5,3,0.236102,0.0956837,0.24664,0.387949,0.311935,0.432785,0.322083,0.74472,0.196683,4.45497,0.280375,-0.236012,-1.10419,63.7859,4.82896,105.882,-1.3402,-5.59541,2.0518405437469482,-11.295409679412842,0.783244,378.32000732421875,,,,,,,570.5,4.876068376,570.5,4.876068376,,,,,,,,,,,,,,,,,,,"MJ Melendez","22197",669004
"Wenceel Pérez","DET",75,322,291,70,46,13,4,6,40,31,26,0,66,2,2,1,,8,2,0.240049,0.0809149,0.206087,0.392626,0.305627,0.378841,0.300077,0.684468,0.138792,6.49089,0.288143,0.31474,0.0600169,35.0489,-2.61802,96.062,0.374757,0.157744,-1.0761610567569733,-2.1922556310892105,0.77277,494.3900146484375,,,,,,,311.5,4.153333333,311.5,4.153333333,,,,,,,,,,,,,,,,,,,"Wenceel Perez","22857",672761
"DJ LeMahieu","NYY",68,294,260,64,48,10,1,5,31,28,30,1,53,2,2,1,,1,1,0.246272,0.100471,0.181093,0.5548,0.32534,0.351086,0.301119,0.676426,0.104814,2.84638,0.289192,-0.482207,-0.75459,32.2478,-2.1438,95.5978,-1.2368,1.17227,-2.71767520904541,0.22226691246032715,0.756054,652.8599853515625,,,,,,,275.2,4.047058823,275.2,4.047058823,,,,,,,,,,,,,,,,,,,"DJ LeMahieu","9874",518934
"Seth Brown","ATH",66,287,263,63,38,11,1,13,31,38,20,0,78,2,2,0,,3,1,0.238383,0.0704388,0.271191,0.259739,0.295119,0.434157,0.31414,0.729276,0.195774,4.13869,0.287209,-0.294795,-0.133663,34.4878,0.915072,108.734,-0.428458,-1.10731,2.4395945370197296,-4.782312393188477,0.747686,485.25,,,,,,,318.5,4.825757575,318.5,4.825757575,,,,,,,,,,,,,,,,,,,"Seth Brown","18171",664913
"Yasmani Grandal",,36,141,123,29,20,5,0,4,14,14,16,0,30,1,1,0,,1,0,0.234204,0.111875,0.210391,0.531748,0.324033,0.374417,0.309855,0.69845,0.140213,2.40872,0.273948,-0.519705,-0.213965,16.4338,-0.0366958,99.8332,-0.733669,-1.2422,-0.761141424998641,1.5078020095825195,0.741511,743.530029296875,,,,,,,144.4,4.011111111,144.4,4.011111111,,,,,,,,,,,,,,,,,,,"Yasmani Grandal","11368",518735
"Colson Montgomery","CHW",87,378,332,68,45,13,2,9,38,38,35,1,110,8,2,1,,3,1,0.20385,0.0936896,0.290315,0.322717,0.294813,0.330662,0.279475,0.625475,0.126812,3.9844,0.273771,0,-0.548549,34.8763,-9.34142,79.8676,-0.548549,-0.29405,-9.256023824214935,3.755949765443802,0.735389,550.469970703125,,,,,,,314.4,3.613793103,314.4,3.613793103,,,,,,,,,,,,,,,,,,,"Colson Montgomery","sa3017170",695657
"Andy Pages","LAD",39,168,150,37,22,8,1,7,22,22,13,0,41,3,1,0,,1,1,0.246813,0.0788772,0.245938,0.32072,0.317871,0.442374,0.328726,0.760245,0.195561,3.9557,0.293207,-0.00195112,-0.309101,22.1601,2.50783,112.62,-0.311053,-0.129716,2.2242469489574432,-0.7297156453132629,0.732449,395.8599853515625,,,,,,,199,5.102564102,199,5.102564102,,,,,,,,,,,,,,,,,,,"Andy Pages","24816",681624
"Jordan Lawlar","ARI",45,196,175,41,28,8,1,4,23,21,16,0,48,3,1,1,,6,2,0.234462,0.0828011,0.245026,0.337928,0.308951,0.361342,0.296616,0.670293,0.12688,5.92949,0.297861,-0.00276136,0.169554,20.7881,-2.1396,87.6748,0.166792,2.04704,-2.7219750434160233,3.24704110622406,0.728675,387.7900085449219,,,,,,,183.9,4.086666666,183.9,4.086666666,,,,,,,,,,,,,,,,,,,"Jordan Lawlar","29976",691783
"Curtis Mead","TBR",63,273,248,64,43,14,1,6,31,32,18,1,51,5,2,0,,4,1,0.259675,0.0665,0.185286,0.358904,0.320362,0.402611,0.315325,0.722972,0.142936,4.56183,0.300848,-0.0932618,-0.310206,33.0658,1.13074,109.647,-0.403468,0.0976663,2.6099520921707153,-4.727333948016167,0.722684,553.5599975585938,,,,,,,286.9,4.553968253,286.9,4.553968253,,,,,,,,,,,,,,,,,,,"Curtis Mead","23986",678554
"Mickey Moniak","LAA",70,301,281,66,40,12,2,11,34,37,15,1,88,3,2,0,,5,2,0.234326,0.0489734,0.290985,0.168303,0.278011,0.416278,0.298489,0.694289,0.181952,5.36862,0.296004,-0.11485,-0.183877,32.3784,-2.83199,91.9822,-0.298727,-0.441278,-3.06011039018631,-0.06627830862998962,0.715026,585.780029296875,,,,,,,296.1,4.23,296.1,4.23,,,,,,,,,,,,,,,,,,,"Mickey Moniak","19956",666160
"Edgar Quero","CHW",39,154,136,32,23,6,0,4,15,17,14,0,31,2,1,0,,1,0,0.236635,0.0893413,0.199568,0.447674,0.31534,0.366094,0.302217,0.681434,0.12946,2.36213,0.27526,-0.00820045,-0.306348,16.9836,-0.984266,95.8654,-0.314548,-0.169864,-1.0412106812000275,2.830135926604271,0.714402,999,,,,,,,148.1,3.797435897,148.1,3.797435897,,,,,,,,,,,,,,,,,,,"Edgar Quero","sa3015239",700337
"Dairon Blanco","KCR",37,161,145,38,27,7,1,3,24,18,11,0,39,3,1,1,,21,5,0.259743,0.0691115,0.239724,0.288296,0.322008,0.389201,0.312266,0.711209,0.129458,8.11132,0.330335,0.0350416,1.89131,19.1039,0.270389,98.9761,1.92635,0.623683,1.7377255856990814,-0.20131713151931763,0.713839,668.9299926757812,,,,,,,189.9,5.132432432,189.9,5.132432432,,,,,,,,,,,,,,,,,,,"Dairon Blanco","19779",680118
"Giancarlo Stanton","NYY",68,294,263,60,33,10,0,17,34,46,28,1,88,2,2,0,,0,0,0.229782,0.0937272,0.298097,0.314418,0.304754,0.469258,0.330928,0.774012,0.239476,1.51387,0.269164,-0.826406,-0.452264,39.3014,4.90983,116.566,-1.27867,0,4.2940850257873535,-7.349999904632568,0.698166,543.8200073242188,,,,,,,351.8,5.173529411,351.8,5.173529411,,,,,,,,,,,,,,,,,,,"Giancarlo Stanton","4949",519317
"Spencer Torkelson","DET",83,357,314,71,39,17,1,14,43,43,37,0,96,4,3,0,,1,0,0.22515,0.102395,0.267948,0.382146,0.310807,0.415336,0.316365,0.726143,0.190185,2.93346,0.274246,-0.0802311,-0.474409,43.5386,1.77739,107.519,-0.55464,-0.0413033,2.5167108178138733,-7.866303130984306,0.678518,396.1700134277344,,,,,,,395.1,4.760240963,395.1,4.760240963,,,,,,,,,,,,,,,,,,,"Spencer Torkelson","27465",679529
"Juan Brito","CLE",50,217,190,44,28,11,0,5,25,23,22,0,41,2,1,1,,3,1,0.23154,0.10357,0.188597,0.549159,0.317489,0.365668,0.302779,0.683157,0.134129,3.53309,0.26958,0,-0.41808,24.0919,-1.29238,98.0152,-0.41808,-0.354745,-0.9108870923519135,0.22025546431541443,0.676935,999,,,,,,,210.2,4.204,210.2,4.204,,,,,,,,,,,,,,,,,,,"Juan Brito","sa3009808",682877
"Ramón Laureano","BAL",47,203,184,43,27,9,1,6,24,25,13,0,59,5,1,0,,5,1,0.236252,0.0664833,0.291484,0.228086,0.30303,0.400655,0.307689,0.703685,0.164403,5.45384,0.310501,-0.0264208,-0.0316495,23.3397,-0.40683,102.85,-0.0580703,0.347839,0.6038477271795273,-0.8271612226963043,0.676924,614.2100219726562,,,,,,,205.7,4.376595744,205.7,4.376595744,,,,,,,,,,,,,,,,,,,"Ramon Laureano","17128",657656
"Connor Wong","BOS",102,403,370,93,60,21,1,11,46,46,24,0,106,6,2,1,,6,3,0.250998,0.0595198,0.261918,0.227246,0.304969,0.400945,0.307686,0.705914,0.149947,4.37258,0.32083,0.252454,-0.662544,46.3565,-0.809056,94.4277,-0.41009,-4.76643,-2.9808409214019775,3.108567714691162,0.676334,229.19000244140625,,,,,,,413.8,4.056862745,413.8,4.056862745,,,,,,,,,,,,,,,,,,,"Connor Wong","19896",657136
"Brett Baty","NYM",41,175,156,37,25,6,0,6,20,21,16,0,44,2,1,0,,1,0,0.239145,0.0898416,0.251807,0.356787,0.313948,0.396697,0.311591,0.710646,0.157553,2.72263,0.292631,0.0243646,-0.305993,20.67,0.198846,102.902,-0.281629,-0.35394,0.3257003426551819,0.3210603594779968,0.668981,506.7200012207031,,,,,,,180.9,4.412195121,180.9,4.412195121,,,,,,,,,,,,,,,,,,,"Brett Baty","26123",683146
"Taylor Walls","TBR",57,245,213,44,30,9,1,4,28,21,29,0,61,1,2,1,,11,3,0.208272,0.116583,0.24784,0.470396,0.302986,0.32426,0.282279,0.627246,0.115988,6.22066,0.268106,0.230629,0.643532,23.158,-5.5016,86.4017,0.874161,-0.851599,-2.9378551840782166,1.2234011888504028,0.667747,707.260009765625,,,,,,,205.3,3.601754385,205.3,3.601754385,,,,,,,,,,,,,,,,,,,"Taylor Walls","22458",670764
"Jose Iglesias","SDP",73,315,295,78,57,16,1,5,33,31,13,0,52,4,2,0,,3,1,0.263617,0.042147,0.165633,0.25446,0.30253,0.36855,0.293706,0.67108,0.104934,3.67642,0.304928,-0.272575,-0.536596,32.6717,-4.17638,91.0278,-0.80917,0.142399,-4.188816249370575,0.01739870011806488,0.653118,644.1300048828125,,,,,,,294.8,4.038356164,294.8,4.038356164,,,,,,,,,,,,,,,,,,,"Jose Iglesias","10231",578428
"Jorge Mateo","BAL",39,168,155,36,23,8,1,4,21,17,9,0,41,1,1,1,,11,2,0.2337,0.0529643,0.245973,0.215325,0.279069,0.377952,0.285242,0.657021,0.144252,7.94745,0.292145,0.150131,1.07845,16.2804,-3.37191,87.06,1.22858,1.33798,-1.2588456869125366,1.8879840970039368,0.644276,706.5399780273438,,,,,,,158.4,4.061538461,158.4,4.061538461,,,,,,,,,,,,,,,,,,,"Jorge Mateo","17273",622761
"Pavin Smith","ARI",76,329,288,72,46,14,1,10,40,40,37,1,69,2,2,1,,2,1,0.248983,0.111056,0.210818,0.526787,0.334715,0.41034,0.325556,0.745055,0.161357,3.5426,0.292737,-0.363007,-0.587833,42.5575,4.07169,107.153,-0.95084,0.0183343,1.863309919834137,-6.60666573420167,0.642225,383.6400146484375,,,,,,,373.5,4.914473684,373.5,4.914473684,,,,,,,,,,,,,,,,,,,"Pavin Smith","19892",656976
"Austin Slater","CHW",53,231,201,47,33,8,1,6,27,21,25,0,66,3,2,0,,5,1,0.235022,0.106101,0.285818,0.371218,0.325696,0.365454,0.307911,0.691151,0.130432,4.68305,0.317383,0.204966,-0.08578,26.6003,-0.421667,99.8704,0.119186,0.82162,0.08492913842201233,-1.6533800959587097,0.634551,750.510009765625,,,,,,,238.2,4.494339622,238.2,4.494339622,,,,,,,,,,,,,,,,,,,"Austin Slater","16153",596103
"Davis Schneider","TOR",47,203,175,38,22,9,1,7,24,23,23,0,59,3,2,0,,3,1,0.219321,0.115613,0.289014,0.400025,0.317682,0.399621,0.315488,0.717303,0.1803,4.48733,0.282761,-0.112411,-0.0929151,24.614,0.867417,107.059,-0.205326,0.853348,1.4343962520360947,-2.1216518878936768,0.629009,680.7100219726562,,,,,,,216.3,4.602127659,216.3,4.602127659,,,,,,,,,,,,,,,,,,,"Davis Schneider","23565",676914
"Justin Turner","CHC",83,357,313,79,55,16,0,8,40,39,34,1,67,6,3,0,,1,1,0.252651,0.0943171,0.188653,0.499952,0.333756,0.383207,0.316417,0.716962,0.130555,2.26108,0.293751,-0.918069,-0.761238,43.5536,1.79238,105.182,-1.67931,0.0253471,0.5330941677093506,-6.349652906879783,0.627736,527.719970703125,,,,,,,370.1,4.459036144,370.1,4.459036144,,,,,,,,,,,,,,,,,,,"Justin Turner","5235",457759
"Oswald Peraza","NYY",42,182,164,38,26,6,0,5,22,21,14,0,43,3,1,0,,6,2,0.23275,0.0754583,0.23666,0.318847,0.303095,0.375305,0.298619,0.678399,0.142555,5.20151,0.281483,-0.03539,0.158486,19.5966,-1.69342,93.8388,0.123096,0.38097,-1.1599437594413757,1.130969524383545,0.624582,723.7899780273438,,,,,,,170,4.047619047,170,4.047619047,,,,,,,,,,,,,,,,,,,"Oswald Peraza","22823",672724
"Carlos Narvaez","BOS",53,211,184,40,27,9,0,5,22,21,22,1,63,3,2,0,,2,1,0.216608,0.104196,0.296073,0.351927,0.30786,0.339701,0.289104,0.647561,0.123093,3.48298,0.297545,-0.0449794,-0.198001,21.1233,-3.5825,81.3567,-0.24298,0.0330641,-4.748273462057114,4.158064115792513,0.62309,742.219970703125,,,,,,,189.1,3.567924528,189.1,3.567924528,,,,,,,,,,,,,,,,,,,"Carlos Narvaez","19722",665966
"Donovan Solano","SEA",84,364,329,84,62,16,0,6,34,33,25,1,82,7,2,0,,1,0,0.253743,0.0693745,0.225919,0.307077,0.318053,0.356485,0.298654,0.674538,0.102742,2.60149,0.319188,-0.668037,-0.549809,39.2035,-3.3765,100.249,-1.21785,-0.309616,-1.1139609441161156,-5.009615778923035,0.62272,630.8900146484375,,,,,,,342.1,4.072619047,342.1,4.072619047,,,,,,,,,,,,,,,,,,,"Donovan Solano","8623",456781
"Tyler Freeman","COL",65,280,247,64,46,12,1,5,34,30,19,0,38,11,2,1,,8,3,0.261391,0.069148,0.136904,0.505085,0.339018,0.381458,0.319136,0.720476,0.120067,5.24932,0.288727,0.111435,-0.0646848,34.7723,2.01848,91.3617,0.0467498,0.291522,-2.845572017133236,-0.4584783911705017,0.622261,674.510009765625,,,,,,,295.7,4.549230769,295.7,4.549230769,,,,,,,,,,,,,,,,,,,"Tyler Freeman","22532",671289
"Jared Triolo","PIT",53,231,204,50,36,10,1,4,24,23,22,0,58,2,2,0,,5,1,0.245118,0.097396,0.253185,0.384683,0.324159,0.356698,0.303031,0.680857,0.11158,4.82006,0.322311,-0.0632552,0.0159164,25.693,-1.3289,91.0407,-0.0473388,1.32066,-2.5221665911376476,0.7956587076187134,0.616574,627.9199829101562,,,,,,,227,4.283018867,227,4.283018867,,,,,,,,,,,,,,,,,,,"Jared Triolo","25807",669707
"Jack Suwinski","PIT",58,252,219,50,28,10,1,10,30,32,28,1,75,2,2,1,,6,1,0.226147,0.109342,0.296037,0.369353,0.31633,0.425749,0.321466,0.742079,0.199602,5.19451,0.286836,0.0443828,0.165124,31.7677,2.28927,103.448,0.209507,-1.4754,1.2486712485551834,-3.775402307510376,0.606191,608.3499755859375,,,,,,,288.3,4.970689655,288.3,4.970689655,,,,,,,,,,,,,,,,,,,"Jack Suwinski","22244",669261
"Chris Taylor","LAD",63,273,240,53,34,11,1,7,32,28,28,1,87,3,2,1,,6,1,0.221274,0.102359,0.319322,0.320549,0.308167,0.363098,0.296861,0.671265,0.141824,5.53931,0.313317,-0.135412,0.27894,29.0088,-2.92626,91.173,0.143529,-0.298862,-2.738100215792656,-0.5238624513149261,0.60252,718.6400146484375,,,,,,,261.8,4.155555555,261.8,4.155555555,,,,,,,,,,,,,,,,,,,"Chris Taylor","13757",621035
"Starling Marte","NYM",66,287,261,69,50,12,2,6,35,31,18,1,61,5,1,1,,12,2,0.264496,0.0637501,0.213612,0.298438,0.324079,0.390309,0.313149,0.714389,0.125814,6.29388,0.323033,0.212473,0.846499,34.2587,0.685956,103.951,1.05897,-0.247932,2.414841055870056,-6.222932159900665,0.594292,454.55999755859375,,,,,,,314.2,4.76060606,314.2,4.76060606,,,,,,,,,,,,,,,,,,,"Starling Marte","9241",516782
"Jason Heyward","SDP",75,322,290,66,41,15,1,10,37,37,26,1,69,4,2,1,,4,1,0.229,0.0807163,0.21315,0.378683,0.298282,0.386198,0.298315,0.68448,0.157199,4.35233,0.26573,-0.143258,-0.169805,34.5923,-3.07463,94.1301,-0.313063,0.810711,-2.5732610523700714,-2.4392890334129333,0.590336,686.5800170898438,,,,,,,317.6,4.234666666,317.6,4.234666666,,,,,,,,,,,,,,,,,,,"Jason Heyward","4940",518792
"Rowdy Tellez","SEA",81,350,315,75,48,13,0,14,35,44,30,2,77,2,3,0,,1,0,0.236853,0.0859372,0.219997,0.39063,0.305006,0.409112,0.309124,0.714118,0.172259,1.88634,0.268772,-0.486586,-0.490322,40.645,-0.297322,107.614,-0.976908,-0.331509,2.0722899436950684,-8.081509083509445,0.586256,705.7899780273438,,,,,,,372.2,4.595061728,372.2,4.595061728,,,,,,,,,,,,,,,,,,,"Rowdy Tellez","15679",642133
"Austin Hedges","CLE",49,192,173,32,24,5,0,3,16,16,11,0,54,3,2,3,,2,0,0.187113,0.0585841,0.282902,0.207083,0.244414,0.273864,0.23234,0.518278,0.0867511,3.7286,0.248214,-0.174013,-0.010109,10.4311,-12.0287,48.467,-0.184122,2.50281,-11.50532341003418,6.25281023979187,0.584546,746.8099975585938,,,,,,,94.7,1.932653061,94.7,1.932653061,,,,,,,,,,,,,,,,,,,"Austin Hedges","12976",595978
"Liam Hicks","MIA",45,180,155,37,28,7,0,2,18,16,19,0,30,4,2,0,,1,0,0.240712,0.104334,0.169172,0.616732,0.335232,0.329432,0.300755,0.664664,0.0887195,3.0664,0.284443,-0.0297231,-0.347987,19.6689,-1.36376,89.4734,-0.37771,-1.01289,-2.640991359949112,2.2371068000793457,0.57699,745.8900146484375,,,,,,,162.2,3.604444444,162.2,3.604444444,,,,,,,,,,,,,,,,,,,"Liam Hicks","sa3017400",689414
"Edmundo Sosa","PHI",41,175,161,40,26,8,2,4,21,19,7,0,42,5,1,1,,3,1,0.246615,0.041648,0.240506,0.173168,0.29892,0.396457,0.302936,0.695376,0.149841,6.3915,0.306153,0.189427,-0.0574353,19.451,-1.02017,92.9738,0.131992,0.270765,-1.3383536636829376,1.0457647740840912,0.571967,533.0599975585938,,,,,,,174.1,4.246341463,174.1,4.246341463,,,,,,,,,,,,,,,,,,,"Edmundo Sosa","17022",624641
"José Tena","WSN",53,231,214,55,38,11,1,5,25,25,13,0,61,2,1,1,,5,2,0.254665,0.0562861,0.264375,0.212902,0.300406,0.387847,0.300058,0.688253,0.133182,4.80794,0.329771,-0.0933926,-0.247653,25.1403,-1.88166,91.9902,-0.341046,-0.640938,-2.5536063611507416,0.3840615749359131,0.570818,521.489990234375,,,,,,,227.5,4.29245283,227.5,4.29245283,,,,,,,,,,,,,,,,,,,"Jose Tena","23691",677588
"Luis Campusano","SDP",49,192,176,45,31,8,0,6,23,24,12,0,31,2,1,0,,0,0,0.255029,0.0648859,0.161711,0.401247,0.307949,0.407156,0.311337,0.715105,0.152127,2.6798,0.27735,-0.130721,-0.32191,22.6387,0.178905,102.894,-0.452631,-2.0616,0.21190032362937927,1.6883952617645264,0.566631,406.55999755859375,,,,,,,197.6,4.032653061,197.6,4.032653061,,,,,,,,,,,,,,,,,,,"Luis Campusano","22217",669134
"Tyler Heineman","TOR",36,141,122,26,20,4,1,2,14,12,13,0,30,2,1,2,,2,1,0.21292,0.095565,0.211575,0.451683,0.301562,0.296158,0.27213,0.59772,0.0832378,4.79099,0.266709,-0.143125,-0.0432586,12.1586,-4.31186,76.5606,-0.186384,0.874485,-3.9625806659460068,3.624485433101654,0.561822,746.8499755859375,,,,,,,105.7,2.936111111,105.7,2.936111111,,,,,,,,,,,,,,,,,,,"Tyler Heineman","13897",623168
"Eguy Rosario","SDP",42,182,164,38,22,9,1,6,21,22,15,0,47,2,1,0,,4,2,0.230992,0.082025,0.258253,0.317615,0.300556,0.406054,0.307209,0.70661,0.175062,5.08089,0.283761,-0.0675173,-0.148814,20.855,-0.435002,100.116,-0.216331,0.582021,-0.19100099615752697,-0.46797943115234375,0.558214,683.2899780273438,,,,,,,190,4.523809523,190,4.523809523,,,,,,,,,,,,,,,,,,,"Eguy Rosario","19964",666703
"Caleb Durbin","MIL",39,168,147,35,23,8,1,3,20,18,15,0,21,4,1,1,,8,2,0.237448,0.0871625,0.126356,0.689817,0.321691,0.359178,0.302816,0.680869,0.12173,5.90997,0.258429,-0.0177495,0.488637,18.6567,-0.995649,93.1102,0.470887,-0.163705,-0.9132495224475861,0.5362947285175323,0.539167,382.0799865722656,,,,,,,172.7,4.428205128,172.7,4.428205128,,,,,,,,,,,,,,,,,,,"Caleb Durbin","sa3017183",702332
"Zach McKinstry","DET",53,231,208,49,32,10,3,4,26,20,19,0,49,2,1,1,,8,2,0.234067,0.0811484,0.212292,0.38225,0.302423,0.367542,0.294845,0.669965,0.133475,6.70721,0.284402,0.125381,0.465576,24.171,-2.85097,92.3814,0.590958,-1.11751,-1.4227455258369446,-1.0925076063722372,0.536767,570.25,,,,,,,222.7,4.201886792,222.7,4.201886792,,,,,,,,,,,,,,,,,,,"Zach McKinstry","19392",656716
"Nick Castellanos","PHI",147,637,588,151,96,30,2,22,73,84,38,2,148,6,4,1,,6,1,0.25616,0.0596113,0.232909,0.255942,0.306287,0.42923,0.317113,0.735517,0.17307,4.04576,0.304502,-0.970682,-0.405177,78.0702,3.55516,102.516,-1.37586,-9.44744,0.5406697988510132,-16.57243537902832,0.536229,171.5,,,,,,,703.4,4.785034013,703.4,4.785034013,,,,,,,,,,,,,,,,,,,"Nick Castellanos","11737",592206
"Amed Rosario","WSN",47,203,191,51,37,9,2,3,22,20,8,0,38,2,1,0,,6,1,0.266501,0.041583,0.186063,0.223489,0.300879,0.379609,0.296158,0.680488,0.113108,6.27271,0.316497,0.0420763,0.268514,21.4557,-2.29085,89.365,0.31059,0.223875,-2.271044611930847,0.5988751798868179,0.525837,564.9600219726562,,,,,,,198.9,4.231914893,198.9,4.231914893,,,,,,,,,,,,,,,,,,,"Amed Rosario","15518",642708
"Hunter Renfroe","KCR",87,378,342,81,49,19,0,14,42,46,31,0,80,2,3,0,,1,1,0.238104,0.0812447,0.211661,0.383843,0.303223,0.414188,0.311892,0.717411,0.176084,2.44204,0.270392,-0.420622,-0.676813,44.7389,0.521147,98.7132,-1.09744,-1.62833,-1.6539754271507263,-5.878329753875732,0.525505,516.4400024414062,,,,,,,396.4,4.556321839,396.4,4.556321839,,,,,,,,,,,,,,,,,,,"Hunter Renfroe","15464",592669
"Rafael Marchán","PHI",36,141,125,29,21,6,1,3,15,14,12,0,24,3,1,1,,1,0,0.235587,0.0830408,0.168613,0.492493,0.311295,0.352882,0.295253,0.664177,0.117296,3.32736,0.269207,-0.0599281,-0.224224,14.779,-1.69154,87.8022,-0.284152,0.877136,-2.33788600564003,3.627135992050171,0.511455,713.6099853515625,,,,,,,135.6,3.766666666,135.6,3.766666666,,,,,,,,,,,,,,,,,,,"Rafael Marchan","21646",665561
"Santiago Espinal","CIN",49,210,191,50,37,9,0,3,21,21,15,0,30,1,1,1,,4,1,0.262221,0.0701403,0.144113,0.486703,0.317532,0.367718,0.301265,0.68525,0.105497,3.73771,0.293763,0.020525,-0.0216512,23.0587,-1.50669,85.9639,-0.00112625,0.51485,-3.5258633696939796,1.3648503422737122,0.499437,655.75,,,,,,,196.1,4.002040816,196.1,4.002040816,,,,,,,,,,,,,,,,,,,"Santiago Espinal","19997",669289
"Enrique Hernández","LAD",65,280,254,59,38,12,1,8,32,32,21,0,55,2,2,1,,1,1,0.231054,0.0738548,0.197991,0.373021,0.291562,0.375787,0.29182,0.66735,0.144733,3.32423,0.26417,0.130157,-0.496213,28.6165,-4.13735,87.78,-0.366056,0.215904,-4.457623898983002,-0.08409583568572998,0.494437,598.6300048828125,,,,,,,260.2,4.003076923,260.2,4.003076923,,,,,,,,,,,,,,,,,,,"Enrique Hernandez","10472",571771
"Luis Matos","SFG",55,238,218,54,36,11,1,7,26,27,14,0,31,3,2,1,,3,1,0.246786,0.0594373,0.131281,0.452748,0.300061,0.393246,0.301844,0.693308,0.14646,4.0882,0.259806,-0.0632966,-0.131644,26.2442,-1.59655,94.7956,-0.194941,0.71064,-1.6761261522769928,-1.5393604636192322,0.486883,580.219970703125,,,,,,,241.7,4.394545454,241.7,4.394545454,,,,,,,,,,,,,,,,,,,"Luis Matos","26467",682641
"Ben Rice","NYY",42,179,156,35,20,6,0,8,23,25,19,0,44,3,1,0,,2,1,0.226411,0.106305,0.245833,0.432427,0.318242,0.428569,0.325643,0.746811,0.202158,3.54679,0.257258,-0.0181325,-0.225767,23.167,2.22793,112.849,-0.243899,-0.890033,2.387649789452553,-3.6900328397750854,0.482723,424.44000244140625,,,,,,,199.6,4.752380952,199.6,4.752380952,,,,,,,,,,,,,,,,,,,"Ben Rice","29576",700250
"James Outman","LAD",28,119,103,23,14,4,0,4,15,15,13,0,37,2,1,0,,2,1,0.221248,0.106458,0.313706,0.339357,0.316626,0.392728,0.312249,0.709355,0.17148,5.21347,0.297574,0.0784301,0.00688029,14.1187,0.198286,101.53,0.0853104,-0.0251701,0.3030521124601364,0.2998298481106758,0.47175,672.6400146484375,,,,,,,121,4.321428571,121,4.321428571,,,,,,,,,,,,,,,,,,,"James Outman","24770",681546
"Jhonny Pereda","ATH",28,109,97,24,18,5,0,1,10,9,10,0,24,1,1,0,,0,0,0.243679,0.096009,0.223976,0.428658,0.319583,0.337786,0.294233,0.657369,0.0941068,2.45365,0.308988,-0.047854,-0.18896,11.3308,-1.39639,94.7303,-0.236814,-0.269589,-0.8928450345993042,1.855410873889923,0.456219,749.989990234375,,,,,,,94.3,3.367857142,94.3,3.367857142,,,,,,,,,,,,,,,,,,,"Jhonny Pereda","19802",640902
"Jon Berti","CHC",36,154,138,34,25,5,1,2,18,13,13,0,34,2,1,0,,7,2,0.244475,0.0820699,0.222109,0.369503,0.312789,0.344673,0.291461,0.657462,0.100198,6.13445,0.306152,0.143961,0.365203,15.6946,-2.32005,88.3855,0.509164,0.470367,-1.6297022700309753,0.8703665137290955,0.4515,642.1300048828125,,,,,,,144.1,4.002777777,144.1,4.002777777,,,,,,,,,,,,,,,,,,,"Jon Berti","12037",542932
"Agustin Ramírez","MIA",45,185,167,39,25,8,0,6,21,21,15,0,39,2,1,0,,3,1,0.236657,0.0817252,0.210842,0.387613,0.305179,0.39464,0.305517,0.699819,0.157983,4.45149,0.273652,0,0.0385651,20.9695,-0.694877,92.6786,0.0385651,-0.716644,-1.5828466713428497,-0.21664410829544067,0.451436,999,,,,,,,184.9,4.108888888,184.9,4.108888888,,,,,,,,,,,,,,,,,,,"Agustin Ramirez","sa3009276",682663
"J.C. Escarra","NYY",42,169,151,34,21,8,1,3,19,18,15,0,31,3,1,0,,1,0,0.224055,0.0858162,0.181088,0.473891,0.300789,0.35608,0.290972,0.656869,0.132025,4.08789,0.257898,-0.0639794,-0.248205,17.1973,-2.61881,88.4597,-0.312184,-0.609632,-2.5490246415138245,1.190368413925171,0.443808,999,,,,,,,152.4,3.628571428,152.4,3.628571428,,,,,,,,,,,,,,,,,,,"J.C. Escarra","sa738605",641555
"Jake Mangum","TBR",32,140,131,35,25,7,1,2,15,15,6,0,28,2,1,0,,4,1,0.264448,0.0442766,0.200169,0.221196,0.304784,0.370216,0.295396,0.675,0.105767,5.54248,0.323799,-0.0413673,-0.0628916,14.7112,-1.66572,95.6287,-0.104259,0.425455,-0.804497741162777,0.4254545122385025,0.443603,999,,,,,,,138.6,4.33125,138.6,4.33125,,,,,,,,,,,,,,,,,,,"Jake Mangum","sa3011255",663968
"Mark Canha","KCR",52,224,192,48,33,10,0,4,25,22,22,1,44,7,2,0,,3,1,0.248947,0.0989,0.194433,0.508658,0.34637,0.370303,0.319698,0.716673,0.121356,4.072,0.298796,-0.105729,-0.148055,27.9193,1.71624,104.204,-0.253784,-0.460038,0.8238257467746735,-4.010037958621979,0.443335,628.4400024414062,,,,,,,233.3,4.486538461,233.3,4.486538461,,,,,,,,,,,,,,,,,,,"Mark Canha","11445",592192
"Nick Allen","ATL",34,147,132,33,24,6,0,2,16,15,11,0,24,1,1,1,,3,1,0.249837,0.0780679,0.160866,0.485297,0.312458,0.344965,0.292018,0.657423,0.0951277,4.42575,0.290092,-0.0164379,-0.136406,15.0471,-2.1487,85.0219,-0.152844,0.701468,-2.785756528377533,1.9764676094055176,0.422254,747.6099853515625,,,,,,,127.9,3.761764705,127.9,3.761764705,,,,,,,,,,,,,,,,,,,"Nick Allen","22277",669397
"Luisangel Acuña","NYM",39,168,156,39,29,6,1,3,21,16,10,0,34,1,1,1,,8,3,0.247391,0.0568678,0.199571,0.28495,0.292592,0.353211,0.283577,0.645804,0.10582,6.49438,0.297672,0.00620086,0.242292,16.0552,-3.59709,84.0467,0.248493,0.786901,-2.956448882818222,1.4369010925292969,0.421162,411.7900085449219,,,,,,,153.5,3.935897435,153.5,3.935897435,,,,,,,,,,,,,,,,,,,"Luisangel Acuna","26548",682668
"Chandler Simpson","TBR",21,91,83,24,20,3,0,0,12,8,6,0,11,0,0,1,,9,2,0.284532,0.0676889,0.115403,0.586543,0.335095,0.347657,0.302882,0.682752,0.0631251,6.78542,0.319803,-0.00398217,0.765317,10.1106,-0.53443,100.894,0.761335,-0.157026,0.8544668406248093,0.16797366738319397,0.419383,999,,,,,,,89.6,4.266666666,89.6,4.266666666,,,,,,,,,,,,,,,,,,,"Chandler Simpson","sa3020219",802415
"Jhonkensy Noel","CLE",66,287,261,58,33,12,1,13,34,40,18,0,78,5,2,0,,1,0,0.223447,0.0642315,0.270679,0.237298,0.287046,0.422372,0.307269,0.709417,0.198925,3.13442,0.264567,-0.137525,-0.463279,32.9006,-0.672142,101.173,-0.600804,-0.429317,-0.21544557809829712,-5.354316741228104,0.414405,385.739990234375,,,,,,,297.4,4.506060606,297.4,4.506060606,,,,,,,,,,,,,,,,,,,"Jhonkensy Noel","24257",678877
"Michael A. Taylor","CHW",50,217,197,43,30,6,1,6,23,21,15,0,70,1,2,1,,6,1,0.216897,0.0712696,0.322159,0.221225,0.276292,0.346947,0.27437,0.623239,0.13005,5.11023,0.298747,0.0945497,0.239083,19.1301,-6.25418,76.2771,0.333632,3.0185,-5.556617766618729,2.2935010194778442,0.411255,725.8599853515625,,,,,,,179.9,3.598,179.9,3.598,,,,,,,,,,,,,,,,,,,"Michael A. Taylor","11489",572191
"Tommy Pham","PIT",97,420,378,94,64,19,2,9,50,40,35,0,96,3,3,1,,9,3,0.248479,0.084256,0.229237,0.36755,0.315554,0.384202,0.307301,0.699757,0.135723,5.07594,0.30679,-0.00944791,-0.026984,48.158,-0.972748,93.9147,-0.0364319,-2.56987,-3.092686280608177,-6.969865322113037,0.406006,425.8800048828125,,,,,,,422.2,4.352577319,422.2,4.352577319,,,,,,,,,,,,,,,,,,,"Tommy Pham","2967",502054
"Connor Joe","SDP",39,168,146,34,21,8,1,4,19,16,18,0,39,2,1,0,,1,1,0.230112,0.108047,0.233029,0.463664,0.323084,0.375243,0.309713,0.698327,0.145131,3.8297,0.284915,0.0410912,-0.36163,19.5893,-0.0630377,101.801,-0.320539,0.365013,0.04134625196456909,-1.7349867820739746,0.403182,633.469970703125,,,,,,,170,4.358974358,170,4.358974358,,,,,,,,,,,,,,,,,,,"Connor Joe","16572",656582
"Javier Sanoja","MIA",50,217,200,53,39,10,2,2,21,20,14,0,19,1,1,1,,5,2,0.265099,0.0628502,0.0864421,0.727079,0.313101,0.367092,0.298334,0.680193,0.101993,4.77096,0.28169,-0.0181743,-0.443971,23.3154,-2.0688,87.8437,-0.462145,-0.143963,-3.616575002670288,0.2810373455286026,0.402223,744.469970703125,,,,,,,204.9,4.098,204.9,4.098,,,,,,,,,,,,,,,,,,,"Javier Sanoja","28253",691594
"Brett Wisely","SFG",32,140,126,30,20,7,1,3,16,14,11,0,32,1,1,1,,3,1,0.24042,0.0790995,0.231567,0.341584,0.304749,0.365816,0.295382,0.670565,0.125396,4.71926,0.300328,-0.0349311,-0.277651,14.7096,-1.66736,90.4458,-0.312582,0.445569,-1.9120824337005615,1.0955685675144196,0.39742,749.1300048828125,,,,,,,135.1,4.221875,135.1,4.221875,,,,,,,,,,,,,,,,,,,"Brett Wisely","27735",689172
"Masataka Yoshida","BOS",31,133,120,34,23,7,0,4,16,17,10,0,17,2,1,0,,1,0,0.283369,0.0751818,0.131285,0.57266,0.347478,0.435404,0.340271,0.782882,0.152035,3.34252,0.304654,-0.227596,-0.157748,18.7793,3.22124,117.349,-0.385344,-0.0271034,2.254781424999237,-2.8521034941077232,0.396922,459.0799865722656,,,,,,,166.2,5.361290322,166.2,5.361290322,,,,,,,,,,,,,,,,,,,"Masataka Yoshida","31837",807799
"Nick Yorke","PIT",39,168,152,38,27,8,0,3,19,17,13,0,38,1,1,0,,4,1,0.252104,0.0792746,0.224346,0.353359,0.315974,0.373535,0.302987,0.689509,0.121431,4.41401,0.312224,0.0119343,-0.130757,18.6798,-0.97248,91.0108,-0.118823,0.580313,-1.9247060343623161,0.1303127408027649,0.392777,540.5,,,,,,,159,4.076923076,159,4.076923076,,,,,,,,,,,,,,,,,,,"Nick Yorke","27504",694377
"Thomas Saggese","STL",41,175,162,39,26,8,1,5,20,21,9,0,43,3,1,0,,2,1,0.242809,0.0502226,0.247924,0.202573,0.291049,0.387564,0.295353,0.678613,0.144754,4.79642,0.301163,0,-0.191206,18.383,-2.0882,89.9275,-0.191206,-0.0738279,-2.2990415543317795,0.2011720985174179,0.385522,677.280029296875,,,,,,,169.3,4.129268292,169.3,4.129268292,,,,,,,,,,,,,,,,,,,"Thomas Saggese","27883",695336
"Brooks Baldwin","CHW",31,133,122,30,22,6,0,3,14,14,9,0,29,1,1,1,,3,1,0.249555,0.0666169,0.216539,0.307644,0.302929,0.372857,0.296523,0.675786,0.123302,4.51609,0.302562,0.0395846,0.0506909,14.0963,-1.46178,91.8601,0.0902756,-0.329516,-1.1484526097774506,0.39548367261886597,0.380847,715.5599975585938,,,,,,,124.5,4.016129032,124.5,4.016129032,,,,,,,,,,,,,,,,,,,"Brooks Baldwin","31394",681460
"Austin Barnes","LAD",36,141,125,27,20,4,0,2,14,12,13,0,32,2,1,1,,2,0,0.219853,0.0896927,0.225462,0.397818,0.297396,0.315755,0.275767,0.613151,0.0959018,3.94019,0.273532,-0.161632,0.00502254,12.5708,-3.8997,76.9752,-0.15661,-0.612891,-4.033287778496742,2.13710880279541,0.370735,745.3300170898438,,,,,,,105.4,2.927777777,105.4,2.927777777,,,,,,,,,,,,,,,,,,,"Austin Barnes","12158",605131
"Randal Grichuk","ARI",60,259,239,60,38,13,1,8,30,32,16,0,54,3,2,0,,1,1,0.252672,0.0605173,0.208435,0.290341,0.30425,0.418634,0.313204,0.722884,0.165962,3.51234,0.29277,-0.121547,-0.470425,30.9279,0.630586,98.8396,-0.591972,-0.1215,-0.9513607025146484,-4.096500135958195,0.369902,571.3599853515625,,,,,,,271.7,4.528333333,271.7,4.528333333,,,,,,,,,,,,,,,,,,,"Randal Grichuk","10243",545341
"David Fry","CLE",39,168,148,36,22,8,1,5,19,21,15,1,39,3,1,0,,1,0,0.244939,0.0903415,0.233483,0.386929,0.326124,0.417194,0.323024,0.743317,0.172254,4.02097,0.295184,-0.0362425,-0.204281,21.3892,1.73688,112.256,-0.240523,0,2.115379735827446,-4.199999809265137,0.364005,505.7200012207031,,,,,,,185.4,4.753846153,185.4,4.753846153,,,,,,,,,,,,,,,,,,,"David Fry","24934",681807
"Nathan Lukes","TOR",19,84,76,21,15,4,0,1,10,9,6,0,15,1,1,0,,1,0,0.269703,0.0754167,0.179773,0.419511,0.329978,0.388408,0.314845,0.718387,0.118705,4.48783,0.318256,0,-0.107462,10.1416,0.315433,106.607,-0.107462,0.474532,0.5275461599230766,0.1745319664478302,0.362159,741.75,,,,,,,85.5,4.5,85.5,4.5,,,,,,,,,,,,,,,,,,,"Nathan Lukes","18123",664770
"Wilmer Flores","SFG",84,364,324,77,49,16,0,11,39,43,32,1,57,5,3,0,,0,0,0.238923,0.087657,0.155334,0.564314,0.31347,0.396101,0.310248,0.709571,0.157178,2.06119,0.254953,-0.556721,-0.632161,42.6002,0.0201363,100.452,-1.18888,0.248938,-0.9923104494810104,-7.651061832904816,0.359877,639.1099853515625,,,,,,,368,4.38095238,368,4.38095238,,,,,,,,,,,,,,,,,,,"Wilmer Flores","5827",527038
"Vinny Capra","MIL",40,175,156,37,27,8,1,2,18,17,16,0,39,2,1,0,,2,1,0.239871,0.0893294,0.221888,0.402587,0.314746,0.344784,0.293367,0.659529,0.104913,4.18183,0.302264,-0.0422641,-0.173644,18.1031,-2.36805,86.7503,-0.215908,-0.191555,-2.988628923892975,0.6334454715251923,0.358947,999,,,,,,,153.9,3.8475,153.9,3.8475,,,,,,,,,,,,,,,,,,,"Vinny Capra","25040",681962
"Esteury Ruiz","ATH",16,70,63,16,11,3,0,2,9,7,5,0,16,2,0,1,,6,2,0.251063,0.0655341,0.225524,0.290587,0.319391,0.387498,0.310985,0.706889,0.136435,7.16217,0.309809,0.0185053,0.487141,8.23386,0.0453973,106.514,0.505646,0.38265,1.0273799300193787,0.03265008330345154,0.350852,560.7899780273438,,,,,,,80.9,5.05625,80.9,5.05625,,,,,,,,,,,,,,,,,,,"Esteury Ruiz","21780",665923
"David Hamilton","BOS",26,112,101,23,15,5,1,2,14,11,10,0,28,1,1,0,,9,2,0.229298,0.0877342,0.248768,0.352675,0.300491,0.361274,0.29223,0.661766,0.131977,7.43983,0.291454,0.0752811,0.786289,11.4836,-1.61799,83.5558,0.86157,0.33993,-1.245783269405365,0.8899300396442413,0.349448,390.3299865722656,,,,,,,111.3,4.28076923,111.3,4.28076923,,,,,,,,,,,,,,,,,,,"David Hamilton","27531",666152
"Orelvis Martinez","TOR",36,154,139,30,17,7,0,6,17,20,11,1,41,2,1,0,,1,0,0.216021,0.0725755,0.264729,0.27415,0.28213,0.405222,0.296694,0.687352,0.189201,3.09009,0.253876,-0.00568377,-0.167138,16.3432,-1.67147,93.8392,-0.172822,-0.709256,-1.2584040313959122,-0.5592558830976486,0.343301,600.3800048828125,,,,,,,146.6,4.072222222,146.6,4.072222222,,,,,,,,,,,,,,,,,,,"Orelvis Martinez","25967",682619
"Jerar Encarnacion","SFG",52,224,202,49,31,8,1,9,25,29,19,0,75,1,2,0,,2,1,0.240696,0.0829243,0.334197,0.24813,0.306529,0.417416,0.31455,0.723945,0.17672,3.46917,0.331562,-0.0466188,-0.286821,26.9911,0.787982,103.347,-0.33344,-0.0117676,0.5631173849105835,-4.711767363362014,0.342334,416.7099914550781,,,,,,,246.9,4.748076923,246.9,4.748076923,,,,,,,,,,,,,,,,,,,"Jerar Encarnacion","21871",666464
"Michael Toglia","COL",128,553,490,111,63,20,3,25,68,73,56,1,166,3,4,0,,7,2,0.227061,0.101572,0.300469,0.338044,0.308567,0.434278,0.321208,0.742845,0.207217,4.66773,0.284831,0.310545,-0.387388,69.5976,4.90873,92.7563,-0.0768437,-0.378519,-4.866947114467621,-10.253519415855408,0.341297,181.10000610351562,,,,,,,626.4,4.89375,626.4,4.89375,,,,,,,,,,,,,,,,,,,"Michael Toglia","25845",669911
"Sean Bouchard","COL",49,210,183,45,26,10,2,7,27,26,22,1,57,3,1,1,,4,1,0.245308,0.10457,0.271024,0.385832,0.332946,0.435427,0.333565,0.768373,0.190118,6.01366,0.315978,-0.091969,-0.0269576,28.5182,3.95276,101.074,-0.118927,-0.101847,0.15073247253894806,-3.851846605539322,0.340379,655.8900146484375,,,,,,,255,5.204081632,255,5.204081632,,,,,,,,,,,,,,,,,,,"Sean Bouchard","21270",656248
"Miguel Rojas","LAD",23,98,90,23,16,5,0,2,10,10,6,0,12,1,1,0,,2,1,0.255319,0.0605972,0.120854,0.501409,0.307176,0.364025,0.295403,0.671201,0.108706,4.38687,0.277679,-0.0752684,-0.0205138,10.2983,-1.16552,90.1911,-0.0957822,0.837264,-1.245275303721428,1.2372636497020721,0.336396,697.6099853515625,,,,,,,94.1,4.091304347,94.1,4.091304347,,,,,,,,,,,,,,,,,,,"Miguel Rojas","7802",500743
"Daniel Schneemann","CLE",41,175,155,34,22,8,1,4,18,17,18,0,48,1,1,0,,3,1,0.22165,0.103004,0.272049,0.378624,0.303722,0.350135,0.290542,0.653857,0.128485,4.57606,0.292997,-0.15551,-0.13141,17.7053,-2.76583,89.4075,-0.286921,-0.379716,-2.407931238412857,-0.2047155350446701,0.333609,735.6799926757812,,,,,,,161.8,3.946341463,161.8,3.946341463,,,,,,,,,,,,,,,,,,,"Daniel Schneemann","25180",682177
"Nick Loftin","KCR",29,126,112,28,19,6,0,2,14,13,11,0,21,1,1,0,,2,1,0.248466,0.0902587,0.163272,0.552812,0.323538,0.369533,0.306893,0.693071,0.121067,4.23679,0.282646,0.0206365,-0.16492,14.406,-0.333208,95.1971,-0.144283,-0.445644,-0.8367208987474442,-0.14564365148544312,0.333018,999,,,,,,,118,4.068965517,118,4.068965517,,,,,,,,,,,,,,,,,,,"Nick Loftin","27630",679845
"Manuel Margot","DET",26,112,102,27,19,6,1,2,12,11,7,0,18,1,1,0,,2,1,0.263939,0.0657579,0.164415,0.399949,0.31686,0.382518,0.306503,0.699378,0.118578,4.78224,0.303349,0.0362069,-0.0584622,12.7702,-0.331355,100.582,-0.0222552,-0.273855,0.052338121458888054,-0.5738551914691925,0.332339,747.3800048828125,,,,,,,116.1,4.465384615,116.1,4.465384615,,,,,,,,,,,,,,,,,,,"Manuel Margot","14712",622534
"Drew Romo","COL",52,205,191,47,32,9,1,5,21,23,9,0,42,2,2,1,,2,1,0.247895,0.0461444,0.203756,0.226469,0.288861,0.383129,0.291794,0.67199,0.135234,4.37964,0.291984,0,-0.380024,20.9266,-3.03053,72.9588,-0.380024,-0.845824,-7.0024493634700775,3.1541755199432373,0.328318,694.1500244140625,,,,,,,185,3.557692307,185,3.557692307,,,,,,,,,,,,,,,,,,,"Drew Romo","27763",691011
"Gage Workman","CHC",36,154,140,31,20,7,1,3,18,17,12,0,53,1,1,0,,4,2,0.222182,0.0765641,0.341755,0.224032,0.28558,0.361524,0.283362,0.647104,0.139342,6.21946,0.326109,-0.0151264,-0.0596439,14.6907,-3.32391,82.9343,-0.0747703,1.01415,-3.217492401599884,1.264146327972412,0.328186,714.0800170898438,,,,,,,128.8,3.577777777,128.8,3.577777777,,,,,,,,,,,,,,,,,,,"Gage Workman","sa3014441",669398
"Coby Mayo","BAL",19,84,75,18,10,4,0,3,10,11,7,0,24,1,1,0,,1,0,0.23612,0.0874392,0.280579,0.311639,0.311252,0.419517,0.316952,0.730769,0.183397,3.87309,0.299863,0.00321893,-0.165816,10.2841,0.457909,109.365,-0.162597,0.0358815,0.7375517189502716,-0.4141184501349926,0.323053,421.5400085449219,,,,,,,91.5,4.815789473,91.5,4.815789473,,,,,,,,,,,,,,,,,,,"Coby Mayo","28312",691723
"Jarred Kelenic","ATL",26,112,101,24,15,5,0,4,14,14,10,0,31,1,1,0,,2,1,0.242967,0.0861605,0.280407,0.30727,0.311003,0.416302,0.314837,0.727305,0.173335,4.98565,0.31316,0.0500684,-0.0416451,13.5215,0.419923,100.381,0.00842329,0.0853072,0.05942455679178238,-0.7146927714347839,0.317724,485.1499938964844,,,,,,,119.5,4.596153846,119.5,4.596153846,,,,,,,,,,,,,,,,,,,"Jarred Kelenic","22558",672284
"Max Acosta","MIA",34,147,136,34,24,7,1,2,16,14,8,0,27,1,1,0,,5,2,0.249977,0.0567166,0.1804,0.314395,0.29765,0.358756,0.28813,0.656406,0.108779,5.11101,0.293342,-0.00678857,-0.0752598,14.5871,-2.6087,80.9759,-0.0820483,0.475054,-3.4261748120188713,1.6000540554523468,0.317238,999,,,,,,,130.1,3.826470588,130.1,3.826470588,,,,,,,,,,,,,,,,,,,"Max Acosta","sa3014711",691185
"Hunter Goodman","COL",84,353,325,78,41,19,1,17,43,52,21,0,93,4,3,1,,2,1,0.238885,0.0586978,0.263595,0.222682,0.290514,0.460654,0.321372,0.751169,0.221769,3.89315,0.279178,-0.118396,-0.408195,44.4987,3.18201,92.8672,-0.526592,-2.01872,-3.5392065048217773,-4.818715572357178,0.316893,323.1700134277344,,,,,,,408.4,4.861904761,408.4,4.861904761,,,,,,,,,,,,,,,,,,,"Hunter Goodman","29715",696100
"Tirso Ornelas","SDP",52,224,203,49,33,10,0,6,24,25,17,0,47,2,1,0,,2,1,0.241442,0.0766439,0.211834,0.361811,0.30363,0.378306,0.298586,0.681936,0.136865,3.46363,0.28653,-0.0228457,-0.320573,24.113,-2.09014,94.3121,-0.343419,0.812592,-1.8669905364513397,-2.587408125400543,0.310757,999,,,,,,,214.8,4.13076923,214.8,4.13076923,,,,,,,,,,,,,,,,,,,"Tirso Ornelas","sa3004048",672359
"Stuart Fairchild","CIN",49,210,186,43,26,8,1,7,26,25,17,0,58,5,1,1,,8,2,0.229524,0.0801942,0.274636,0.292002,0.308061,0.394063,0.308276,0.702124,0.164539,6.25211,0.292707,-0.0120423,0.483021,24.2437,-0.321728,90.6826,0.470979,-0.989988,-1.8687929809093475,-2.2399877309799194,0.298276,748.1300048828125,,,,,,,225.1,4.593877551,225.1,4.593877551,,,,,,,,,,,,,,,,,,,"Stuart Fairchild","20321",656413
"Andy Ibáñez","DET",41,175,161,39,26,9,1,4,19,18,12,0,36,2,1,0,,1,1,0.242233,0.0661858,0.204764,0.323229,0.297917,0.375421,0.295167,0.673337,0.133187,3.73569,0.287482,-0.013888,-0.334643,18.3568,-2.1144,92.6082,-0.348531,-0.402061,-1.8286415934562683,-1.1270614564418793,0.298179,746.8900146484375,,,,,,,167.9,4.095121951,167.9,4.095121951,,,,,,,,,,,,,,,,,,,"Andy Ibanez","18819",628451
"Isaac Collins","MIL",28,119,103,23,15,5,1,2,14,12,13,0,28,2,1,0,,4,1,0.222834,0.111143,0.23914,0.464759,0.318727,0.350377,0.298351,0.669104,0.127543,5.95759,0.284383,-0.0272864,0.0643069,12.7875,-1.13289,90.105,0.0370205,0.559886,-1.371049851179123,0.28488585352897644,0.297309,999,,,,,,,114.6,4.092857142,114.6,4.092857142,,,,,,,,,,,,,,,,,,,"Isaac Collins","25477",686555
"Romy Gonzalez","BOS",21,91,84,22,14,4,1,3,11,12,5,0,25,1,1,0,,4,1,0.256051,0.0584637,0.279173,0.209418,0.303318,0.426968,0.315009,0.730286,0.170917,6.59293,0.329772,-0.00088005,0.179199,10.9987,0.353737,99.5787,0.178319,0.0609566,0.13445139303803444,-0.31404343247413635,0.295239,662.3300170898438,,,,,,,107.5,5.119047619,107.5,5.119047619,,,,,,,,,,,,,,,,,,,"Romy Gonzalez","21562",663853
"Tyler Black","MIL",31,133,115,26,17,5,1,3,16,15,15,0,31,2,1,0,,4,1,0.229154,0.110216,0.232464,0.474121,0.327432,0.374057,0.311241,0.701489,0.144903,6.26511,0.284151,-0.0217798,0.16633,15.6718,0.113722,98.7813,0.14455,-0.0502546,-0.04928150773048401,-1.525254551321268,0.295046,636.9600219726562,,,,,,,134.8,4.348387096,134.8,4.348387096,,,,,,,,,,,,,,,,,,,"Tyler Black","29949",672012
"Jordan Beck","COL",117,504,456,112,72,24,2,14,56,55,42,1,140,2,3,1,,11,3,0.245707,0.0842286,0.27789,0.3031,0.311437,0.397764,0.309319,0.709201,0.152057,4.97432,0.322669,0.0310448,0.253775,58.608,-0.348963,84.7543,0.284819,0.609824,-8.90358281135559,-5.090175449848175,0.289049,398.7200012207031,,,,,,,528.3,4.515384615,528.3,4.515384615,,,,,,,,,,,,,,,,,,,"Jordan Beck","31431",687597
"Darell Hernaiz","ATH",18,77,70,18,13,3,0,1,8,8,5,0,13,1,1,0,,1,0,0.253456,0.0654868,0.173802,0.376789,0.306381,0.366061,0.295591,0.672442,0.112605,4.54063,0.293476,-0.0050985,-0.053547,8.10324,-0.904076,95.6857,-0.0586455,0.152028,-0.4387512058019638,0.5770280063152313,0.279793,750.469970703125,,,,,,,68.8,3.822222222,68.8,3.822222222,,,,,,,,,,,,,,,,,,,"Darell Hernaiz","26224",687231
"Cole Young","SEA",23,98,87,20,14,4,0,1,11,9,9,0,19,1,1,0,,2,1,0.229029,0.0907742,0.19484,0.465892,0.308395,0.333821,0.28748,0.642216,0.104792,4.59769,0.276047,-0.00961637,-0.164363,9.67344,-1.79041,92.3895,-0.173979,0.0610615,-1.0273665487766266,0.4610615149140358,0.279438,999,,,,,,,77,3.347826086,77,3.347826086,,,,,,,,,,,,,,,,,,,"Cole Young","sa3020459",702284
"Luke Keaschall","MIN",18,77,67,17,11,4,0,2,10,9,7,0,17,2,1,0,,2,1,0.249717,0.0960803,0.218816,0.439091,0.338249,0.386378,0.320536,0.724627,0.136661,5.02195,0.306252,-0.0035274,-0.0233628,9.64916,0.641845,109.938,-0.0268902,0,0.8486859668046236,-0.7249999642372131,0.278286,999,,,,,,,86.6,4.811111111,86.6,4.811111111,,,,,,,,,,,,,,,,,,,"Luke Keaschall","sa3022614",807712
"Kevin Newman","LAA",55,238,220,54,40,11,1,3,25,20,13,1,39,2,2,2,,5,1,0.24571,0.0542643,0.165574,0.327735,0.290591,0.34014,0.276682,0.63073,0.0944302,5.07091,0.28541,0.252185,0.225525,21.4241,-6.41668,76.6422,0.47771,-0.0531823,-5.883136510848999,0.5968176797032356,0.274716,648.469970703125,,,,,,,199.9,3.634545454,199.9,3.634545454,,,,,,,,,,,,,,,,,,,"Kevin Newman","17696",621028
"Christian Bethancourt","TOR",19,77,72,17,11,4,0,3,9,9,3,0,20,0,0,0,,1,0,0.233515,0.0447683,0.257559,0.173818,0.270768,0.387841,0.285142,0.658608,0.154325,4.36235,0.285094,-0.0586565,0.0536283,7.4363,-1.54761,85.7135,-0.00502817,0.25234,-1.2604585140943527,1.7523404359817505,0.274618,749.1699829101562,,,,,,,73.9,3.889473684,73.9,3.889473684,,,,,,,,,,,,,,,,,,,"Christian Bethancourt","10028",542194
"Alex Verdugo","ATL",29,126,114,29,20,6,0,3,15,13,10,0,20,1,1,0,,1,0,0.256552,0.077933,0.155455,0.501321,0.316974,0.391452,0.309609,0.708425,0.1349,3.40947,0.285087,0.0116297,-0.230106,14.6814,-0.0578092,96.8617,-0.218476,0.225261,-0.6913226395845413,-0.9247393310070038,0.26667,564.4199829101562,,,,,,,128.9,4.444827586,128.9,4.444827586,,,,,,,,,,,,,,,,,,,"Alex Verdugo","17027",657077
"Griffin Conine","MIA",84,364,326,72,45,13,1,13,38,44,32,1,127,3,2,0,,0,0,0.221316,0.0877383,0.348758,0.251573,0.295892,0.388452,0.299367,0.684343,0.167136,2.76311,0.314349,-0.197477,-0.597864,39.4125,-3.16755,88.5392,-0.795341,1.13465,-5.783942401409149,-3.7653467655181885,0.266316,637.8900146484375,,,,,,,347.8,4.14047619,347.8,4.14047619,,,,,,,,,,,,,,,,,,,"Griffin Conine","21626",665052
"Mickey Gasper","MIN",11,48,41,10,7,2,0,1,6,5,5,0,9,1,0,0,,0,0,0.249512,0.112505,0.180372,0.623739,0.348282,0.381753,0.325306,0.730036,0.132241,3.59202,0.292044,-0.0268098,-0.0741077,6.17354,0.581987,113.294,-0.100917,0.24613,0.6261648237705231,0.32112954556941986,0.262659,999,,,,,,,48.2,4.381818181,48.2,4.381818181,,,,,,,,,,,,,,,,,,,"Mickey Gasper","24759",681508
"Max Schuemann","ATH",28,119,103,23,16,4,0,2,13,11,12,0,32,3,1,1,,4,1,0.218973,0.0980952,0.265911,0.368903,0.311073,0.319907,0.285257,0.630981,0.100934,5.61993,0.293832,0.00410347,0.149231,11.5334,-2.38699,88.4165,0.153335,-0.61445,-1.423884555697441,-0.03945046663284302,0.259207,628.3599853515625,,,,,,,106,3.785714285,106,3.785714285,,,,,,,,,,,,,,,,,,,"Max Schuemann","24488",680474
"Elias Díaz","SDP",84,333,307,70,47,14,0,8,31,36,21,1,76,2,2,0,,1,0,0.227293,0.0642852,0.228318,0.28156,0.280819,0.356732,0.278665,0.63755,0.129438,2.22538,0.273571,-0.615621,-0.487767,30.489,-8.4413,80.904,-1.10339,-2.67848,-8.702940583229065,3.821521759033203,0.255038,497.1000061035156,,,,,,,271.7,3.234523809,271.7,3.234523809,,,,,,,,,,,,,,,,,,,"Elias Diaz","11680",553869
"Ezequiel Duran","TEX",23,98,91,23,15,5,1,3,11,11,5,0,24,1,1,0,,2,1,0.250477,0.0516989,0.241777,0.213829,0.294542,0.399918,0.300769,0.69446,0.149442,4.87886,0.309185,-0.0816633,-0.134457,10.7217,-0.742193,95.3755,-0.216121,0.336083,-0.7346821576356888,-0.16391658782958984,0.24512,713.969970703125,,,,,,,105.2,4.573913043,105.2,4.573913043,,,,,,,,,,,,,,,,,,,"Ezequiel Duran","23733",677649
"Colby Thomas","ATH",18,77,71,17,9,4,0,3,9,10,4,0,22,1,0,0,,1,0,0.235528,0.0507134,0.282854,0.179292,0.286277,0.421349,0.30547,0.707626,0.185821,5.20136,0.298121,-0.00330599,-0.00901093,8.71547,-0.291841,102.635,-0.0123169,0.40129,0.21981209609657526,-0.4237099885940552,0.244454,999,,,,,,,80.9,4.494444444,80.9,4.494444444,,,,,,,,,,,,,,,,,,,"Colby Thomas","sa3020713",687515
"Whit Merrifield",,32,140,127,32,23,6,0,2,16,13,10,0,24,1,1,1,,5,1,0.247765,0.0730369,0.169698,0.430394,0.305022,0.351121,0.288962,0.656143,0.103356,5.60353,0.286446,0.0224956,0.308934,13.9862,-2.39075,85.4605,0.33143,-0.00887143,-2.050151288509369,-0.3088714452460408,0.238614,731.6699829101562,,,,,,,128.1,4.003125,128.1,4.003125,,,,,,,,,,,,,,,,,,,"Whit Merrifield","11281",593160
"Emmanuel Rodriguez","MIN",13,56,47,10,6,2,0,2,8,6,9,0,19,1,0,0,,1,0,0.21144,0.153081,0.347279,0.440802,0.338333,0.383486,0.32097,0.721818,0.172045,6.05457,0.318881,-0.00242084,-0.0520031,7.03714,0.486371,110.243,-0.054424,0.12096,0.6019330024719238,-0.17904001474380493,0.236775,999,,,,,,,65.5,5.038461538,65.5,5.038461538,,,,,,,,,,,,,,,,,,,"Emmanuel Rodriguez","sa3014693",691181
"Eric Haase","MIL",32,128,117,26,16,4,0,5,14,17,9,0,43,1,1,0,,1,0,0.217423,0.0672634,0.339416,0.198174,0.272782,0.379083,0.283783,0.651865,0.161661,2.87256,0.29503,-0.145894,-0.202177,12.2538,-2.71934,80.3001,-0.348071,-0.532978,-3.3634055852890015,1.9670217633247375,0.227019,707.9299926757812,,,,,,,119.1,3.721875,119.1,3.721875,,,,,,,,,,,,,,,,,,,"Eric Haase","14111",606992
"Anthony Rizzo",,49,210,185,43,28,8,0,7,23,23,18,1,43,6,1,0,,1,0,0.230668,0.0847886,0.203534,0.416582,0.316653,0.381587,0.307599,0.69824,0.150919,2.5303,0.263066,-0.298732,-0.431557,24.1292,-0.436155,98.2809,-0.730289,0.0928878,-1.1526871919631958,-3.65711223334074,0.226628,730.7100219726562,,,,,,,218.7,4.463265306,218.7,4.463265306,,,,,,,,,,,,,,,,,,,"Anthony Rizzo","3473",519203
"Cooper Hummel","HOU",34,147,125,27,17,6,1,3,17,15,18,0,40,2,1,0,,3,1,0.215727,0.125011,0.270096,0.462841,0.324254,0.343448,0.299596,0.667702,0.127722,5.58999,0.291636,-0.0384094,-0.0202235,15.9437,-1.25212,96.0778,-0.0586329,-0.0263096,-0.7183350846171379,-2.0013096630573273,0.226008,999,,,,,,,140.4,4.129411764,140.4,4.129411764,,,,,,,,,,,,,,,,,,,"Cooper Hummel","19458",669450
"J.D. Martinez",,65,280,250,59,35,14,1,10,31,35,25,0,81,2,2,0,,0,0,0.23668,0.0908117,0.288968,0.314262,0.310913,0.412231,0.31463,0.723144,0.175551,2.44167,0.307037,-0.71359,-0.476191,33.7569,1.00301,103.118,-1.18978,0,-0.16843163967132568,-7,0.224158,690.9400024414062,,,,,,,301.7,4.641538461,301.7,4.641538461,,,,,,,,,,,,,,,,,,,"J.D. Martinez","6184",502110
"Adrian Del Castillo","ARI",23,93,84,20,12,5,0,3,11,11,8,0,23,1,1,0,,0,0,0.240657,0.0867534,0.244305,0.355103,0.311402,0.403106,0.3108,0.714509,0.162449,3.41927,0.29657,-0.0442146,-0.16167,10.9489,0.0465711,97.2215,-0.205884,-0.393109,-0.51555135846138,-0.44310903549194336,0.220453,488.4200134277344,,,,,,,97.7,4.247826086,97.7,4.247826086,,,,,,,,,,,,,,,,,,,"Adrian Del Castillo","29554",680728
"Andruw Monasterio","MIL",19,84,74,18,13,4,0,1,10,8,8,0,21,1,1,0,,3,1,0.239535,0.101115,0.246098,0.410872,0.32259,0.340757,0.297089,0.663348,0.101222,5.1865,0.314041,-0.0301107,0.0639681,8.94117,-0.884992,89.2558,0.0338573,0.0265578,-1.0453785881400108,0.3765578046441078,0.219974,750.0399780273438,,,,,,,77.7,4.089473684,77.7,4.089473684,,,,,,,,,,,,,,,,,,,"Andruw Monasterio","19455",655316
"Angel Martínez","CLE",18,77,69,16,11,4,0,2,8,8,6,0,15,1,1,1,,1,0,0.238217,0.0768259,0.201034,0.382155,0.303819,0.365866,0.294838,0.669685,0.127649,4.48778,0.283674,0.0103352,-0.12698,8.05657,-0.95074,92.4292,-0.116645,-0.0148154,-0.7836657837033272,0.3101846054196358,0.216612,745.030029296875,,,,,,,73.9,4.105555555,73.9,4.105555555,,,,,,,,,,,,,,,,,,,"Angel Martinez","26540",682657
"Pablo Reyes","NYY",18,77,69,17,12,3,0,2,9,8,6,0,15,1,0,0,,2,1,0.239819,0.0830473,0.194903,0.426095,0.306931,0.364019,0.296055,0.67095,0.124199,4.9788,0.280984,0.0047141,-0.0471781,8.13196,-0.875354,92.0352,-0.042464,0.0500087,-0.7441957257688046,0.17500873655080795,0.206728,750.989990234375,,,,,,,75.7,4.205555555,75.7,4.205555555,,,,,,,,,,,,,,,,,,,"Pablo Reyes","16357",622569
"Jacob Stallings","COL",81,320,283,65,43,14,0,7,31,33,29,0,74,5,2,1,,1,0,0.23051,0.0908129,0.231824,0.391732,0.312255,0.358223,0.29792,0.670478,0.127714,2.62426,0.286366,-0.975342,-0.521371,34.2756,-3.15738,77.0821,-1.49671,-1.11055,-10.266437768936157,5.139447927474976,0.192983,442.1499938964844,,,,,,,291.3,3.596296296,291.3,3.596296296,,,,,,,,,,,,,,,,,,,"Jacob Stallings","13723",607732
"Yuli Gurriel","SDP",37,161,145,37,25,8,0,3,17,16,13,0,27,1,1,0,,2,0,0.254919,0.0808751,0.17025,0.475038,0.318832,0.381747,0.306997,0.700579,0.126829,4.05278,0.291698,-0.138028,0.0268077,18.4212,-0.412283,99.9737,-0.11122,-0.185702,-0.11628538416698575,-3.410702094435692,0.189751,749.489990234375,,,,,,,159.4,4.308108108,159.4,4.308108108,,,,,,,,,,,,,,,,,,,"Yuli Gurriel","19198",493329
"Addison Barger","TOR",11,49,44,11,6,3,0,2,6,6,4,0,12,0,0,0,,0,0,0.240748,0.0869082,0.241624,0.359683,0.312795,0.406511,0.313864,0.719306,0.165763,3.70291,0.293508,-0.002513,-0.0580622,5.87725,0.145321,105.917,-0.0605752,0.0545414,0.2711644284427166,-0.07045862078666687,0.189691,650.75,,,,,,,57.1,5.19090909,57.1,5.19090909,,,,,,,,,,,,,,,,,,,"Addison Barger","24598",680718
"Tim Anderson","LAA",32,140,133,35,27,5,0,2,14,11,6,0,34,1,1,0,,3,1,0.260396,0.040997,0.241271,0.169921,0.294505,0.341291,0.279722,0.635796,0.0808947,4.75917,0.336569,0.122008,-0.056107,12.945,-3.43188,78.7811,0.0659011,-0.330684,-3.333141952753067,0.4693163335323334,0.18698,650.75,,,,,,,120.2,3.75625,120.2,3.75625,,,,,,,,,,,,,,,,,,,"Tim Anderson","15172",641313
"DaShawn Keirsey Jr.","MIN",15,63,57,14,10,2,1,1,7,7,4,0,17,1,0,0,,3,1,0.244264,0.0678934,0.266596,0.254667,0.302171,0.369866,0.294679,0.672037,0.125602,6.48286,0.321717,-0.0143053,0.143581,6.58368,-0.785938,91.75,0.129276,0.446824,-0.4654277563095093,0.17182374000549316,0.186915,999,,,,,,,60.2,4.013333333,60.2,4.013333333,,,,,,,,,,,,,,,,,,,"DaShawn Keirsey Jr.","24496",680577
"Austin Martin","MIN",18,77,66,16,12,4,0,1,9,7,8,0,14,2,0,0,,2,1,0.244357,0.106065,0.18084,0.586509,0.34169,0.339128,0.306957,0.680818,0.0947711,5.53235,0.297343,0.0536957,0.0425961,8.80763,-0.199682,100.386,0.0962918,-0.418291,0.13034062087535858,-0.9432910084724426,0.181553,749.0800170898438,,,,,,,75.6,4.2,75.6,4.2,,,,,,,,,,,,,,,,,,,"Austin Martin","27462",668885
"Adam Frazier","PIT",52,224,202,50,36,10,1,3,24,20,16,0,36,3,1,1,,3,1,0.244577,0.0718946,0.161703,0.444608,0.307766,0.347519,0.290653,0.655285,0.102943,4.73164,0.282816,0.0943068,-0.203732,22.6828,-3.52028,82.7094,-0.109425,-0.597754,-4.740904584527016,-0.9977538585662842,0.178121,746.1900024414062,,,,,,,200.8,3.861538461,200.8,3.861538461,,,,,,,,,,,,,,,,,,,"Adam Frazier","15223",624428
"Drew Millas","WSN",11,45,40,10,7,2,0,1,5,5,4,0,9,0,0,0,,1,0,0.242771,0.0843485,0.195134,0.43226,0.310435,0.363476,0.296679,0.673911,0.120705,4.91464,0.2877,0.00114323,0.033253,4.75385,-0.486764,89.716,0.0343962,0.0928981,-0.5165413841605186,0.9678980857133865,0.177361,999,,,,,,,45.1,4.1,45.1,4.1,,,,,,,,,,,,,,,,,,,"Drew Millas","25643",686452
"Matt Thaiss","CHW",31,123,106,23,16,4,0,3,12,11,15,0,33,1,1,0,,1,0,0.213901,0.121356,0.264694,0.458478,0.315784,0.337577,0.293129,0.653361,0.123676,3.87055,0.278161,-0.124707,-0.0670173,12.7417,-1.69337,89.4726,-0.191724,-1.34178,-1.6781418174505234,0.28322434425354004,0.172776,749.25,,,,,,,112.5,3.629032258,112.5,3.629032258,,,,,,,,,,,,,,,,,,,"Matt Thaiss","19318",642136
"Matt Mervis","MIA",99,427,381,87,53,19,1,15,45,51,36,1,119,6,3,0,,2,1,0.228113,0.0853755,0.279129,0.305864,0.303237,0.395623,0.305275,0.69886,0.16751,2.95646,0.289158,-0.261169,-0.66308,48.2642,-1.68546,92.5154,-0.924249,0.833865,-4.745936751365662,-7.841135323047638,0.169367,586.5700073242188,,,,,,,435,4.393939393,435,4.393939393,,,,,,,,,,,,,,,,,,,"Matt Mervis","27845",670223
"Tyler Locklear","SEA",19,84,74,17,10,4,0,2,10,10,7,0,24,2,1,0,,1,0,0.223939,0.0849573,0.290578,0.292374,0.308117,0.378073,0.302078,0.686191,0.154135,4.55712,0.296708,-0.0125902,-0.0491141,9.27848,-0.547676,102.658,-0.0617043,0.115841,0.1937849298119545,-1.3841590732336044,0.166711,723.3099975585938,,,,,,,80.5,4.236842105,80.5,4.236842105,,,,,,,,,,,,,,,,,,,"Tyler Locklear","31396",682988
"Will Benson","CIN",23,98,84,18,10,4,1,3,12,11,12,0,33,1,1,0,,4,1,0.210574,0.123533,0.340267,0.363048,0.314815,0.391564,0.31091,0.706378,0.18099,6.85368,0.301018,-0.0870788,0.130434,11.5215,0.0576765,92.456,0.0433551,-0.068556,-0.8407218419015408,-0.8185560181736946,0.165857,669.3599853515625,,,,,,,106.1,4.613043478,106.1,4.613043478,,,,,,,,,,,,,,,,,,,"Will Benson","21853",666181
"Drew Waters","KCR",16,70,63,15,9,4,1,2,9,8,6,0,21,1,0,0,,2,1,0.237188,0.0879646,0.293838,0.299364,0.310691,0.394723,0.308615,0.705414,0.157535,6.66707,0.323675,0.00178744,0.0325643,8.10037,-0.0880985,96.4084,0.0343518,0.0528104,-0.2533184438943863,-0.49718959629535675,0.163864,999,,,,,,,79.1,4.94375,79.1,4.94375,,,,,,,,,,,,,,,,,,,"Drew Waters","20505",671221
"Eric Wagaman","MIA",39,168,155,38,25,8,1,4,18,19,11,0,34,1,1,0,,2,1,0.248882,0.0676114,0.205092,0.329664,0.302529,0.399523,0.305708,0.702052,0.150642,4.30863,0.291568,-0.0510375,-0.169998,19.0478,-0.604497,92.8073,-0.221036,-0.750418,-1.6660180538892746,-2.350417971611023,0.163289,745.1300048828125,,,,,,,161.3,4.135897435,161.3,4.135897435,,,,,,,,,,,,,,,,,,,"Eric Wagaman","23395",676572
"Tom Murphy","SFG",32,132,117,26,17,5,0,4,14,14,13,0,38,1,1,0,,1,0,0.222979,0.0957356,0.288957,0.331315,0.30204,0.368079,0.296036,0.670119,0.1451,2.8296,0.29357,-0.108676,-0.199523,13.9596,-1.50487,90.886,-0.3082,-0.939796,-1.7489909827709198,-0.5397959351539612,0.162376,749.7899780273438,,,,,,,124.6,3.89375,124.6,3.89375,,,,,,,,,,,,,,,,,,,"Tom Murphy","13499",608596
"Everson Pereira","NYY",31,133,121,28,18,5,1,5,16,17,9,0,43,2,1,0,,3,1,0.234668,0.0695303,0.324189,0.214474,0.296693,0.407609,0.306463,0.704302,0.172941,5.55101,0.320572,-0.0147877,-0.086207,15.1603,-0.3978,99.3566,-0.100995,-0.347194,-0.1989012435078621,-2.6721942126750946,0.162092,746.8800048828125,,,,,,,138.9,4.480645161,138.9,4.480645161,,,,,,,,,,,,,,,,,,,"Everson Pereira","23695",677592
"Billy Cook","PIT",23,98,89,21,13,4,1,3,11,11,7,0,27,1,1,0,,3,1,0.231385,0.0700413,0.279958,0.250185,0.294528,0.385241,0.296676,0.679768,0.153856,5.71798,0.29931,-0.00942887,0.122779,10.3988,-1.06507,86.7631,0.11335,0.781784,-1.4378691762685776,-0.26821577548980713,0.161023,705.9600219726562,,,,,,,101,4.391304347,101,4.391304347,,,,,,,,,,,,,,,,,,,"Billy Cook","29573",695257
"Michael Siani","STL",45,196,174,38,28,6,1,3,21,16,17,0,49,1,1,2,,9,2,0.215558,0.0874443,0.249459,0.350536,0.289301,0.305654,0.267309,0.594955,0.0900965,6.25763,0.282149,0.0101748,0.434549,16.1648,-6.76286,71.0517,0.444724,1.26859,-6.340137243270874,1.3685888946056366,0.160997,658.469970703125,,,,,,,155.6,3.457777777,155.6,3.457777777,,,,,,,,,,,,,,,,,,,"Michael Siani","22557",672279
"David Peralta",,47,203,185,46,30,10,1,5,21,22,15,0,43,2,2,0,,1,1,0.247129,0.0730881,0.211273,0.345941,0.306838,0.385456,0.302069,0.692295,0.138327,3.72445,0.295731,-0.294034,-0.30737,22.4215,-1.32502,94.4772,-0.601405,-0.328951,-1.913122534751892,-3.303950935602188,0.160453,999,,,,,,,204.4,4.34893617,204.4,4.34893617,,,,,,,,,,,,,,,,,,,"David Peralta","2136",444482
"Logan Driscoll","TBR",8,32,29,7,5,2,0,1,3,3,2,0,8,0,0,0,,0,0,0.233936,0.0652921,0.252397,0.258687,0.293826,0.357958,0.28608,0.651784,0.124023,3.40849,0.298574,-0.00572497,-0.0569393,3.1226,-0.620694,89.0751,-0.0626643,0.202227,-0.46267781406641006,0.827227309346199,0.159197,999,,,,,,,31.4,3.925,31.4,3.925,,,,,,,,,,,,,,,,,,,"Logan Driscoll","25475",686482
"Korey Lee","CHW",47,186,174,39,25,8,0,6,20,19,10,0,55,1,1,0,,3,1,0.221927,0.0523985,0.294449,0.177954,0.266611,0.366644,0.275997,0.633256,0.144717,4.70959,0.288871,0.0448709,-0.00442945,16.6049,-5.10619,77.4214,0.0404414,-1.24132,-4.754476651549339,2.383675217628479,0.159182,528.969970703125,,,,,,,159.9,3.402127659,159.9,3.402127659,,,,,,,,,,,,,,,,,,,"Korey Lee","25543",686676
"Sam Huff","SFG",13,51,47,10,7,2,0,1,5,6,4,0,17,0,0,0,,0,0,0.221766,0.0693579,0.325988,0.212762,0.280244,0.365845,0.28264,0.64609,0.144079,2.16922,0.307911,-0.00727437,-0.0752629,4.85444,-1.13484,81.8699,-0.0825373,-0.0075554,-1.1925579532980919,0.9924446009099483,0.157884,737.989990234375,,,,,,,36.2,2.784615384,36.2,2.784615384,,,,,,,,,,,,,,,,,,,"Sam Huff","22209",669087
"José Fermín","STL",16,70,61,14,10,3,0,1,8,7,7,0,9,1,0,1,,2,1,0.236966,0.0951711,0.130679,0.728281,0.323483,0.348703,0.300905,0.672186,0.111737,5.13732,0.25882,-0.0123472,-0.00239481,7.66595,-0.522516,93.6639,-0.014742,-0.547141,-0.5451136250048876,-0.2971407175064087,0.153888,999,,,,,,,60.5,3.78125,60.5,3.78125,,,,,,,,,,,,,,,,,,,"Jose Fermin","21746",665877
"Henry Davis","PIT",16,66,57,13,8,3,0,2,7,8,6,0,18,2,0,0,,1,0,0.229394,0.0930822,0.267082,0.348515,0.319526,0.385982,0.310442,0.705507,0.156587,4.26161,0.292754,-0.0130189,-0.0894302,7.71106,0.0139034,96.0283,-0.102449,-0.410546,-0.41496167331933975,-0.06054574251174927,0.152298,526.3200073242188,,,,,,,69.2,4.325,69.2,4.325,,,,,,,,,,,,,,,,,,,"Henry Davis","29617",680779
"Kyle Farmer","COL",58,252,229,58,39,11,1,6,28,28,15,1,50,6,2,0,,3,2,0.251471,0.0593117,0.19691,0.301212,0.311186,0.392579,0.307264,0.703764,0.141108,4.14836,0.293356,-0.120095,-0.713556,28.8873,-0.591188,83.3714,-0.833651,0.316509,-5.844558119773865,-1.08349147439003,0.151633,648.1300048828125,,,,,,,252.9,4.360344827,252.9,4.360344827,,,,,,,,,,,,,,,,,,,"Kyle Farmer","14813",571657
"Justyn-Henry Malloy","DET",16,70,60,14,9,3,0,2,8,7,9,0,21,1,1,0,,0,0,0.228296,0.127538,0.296446,0.430223,0.334959,0.378883,0.317697,0.713843,0.150587,3.0267,0.311116,-0.0211791,-0.13997,8.61203,0.423564,108.456,-0.161149,-0.000113964,0.5161320865154266,-1.4001139402826084,0.150079,669.75,,,,,,,75.9,4.74375,75.9,4.74375,,,,,,,,,,,,,,,,,,,"Justyn-Henry Malloy","29606",669234
"Miles Mastrobuoni","SEA",16,70,63,15,11,3,0,1,8,6,7,0,15,0,0,0,,2,0,0.235286,0.0929932,0.220257,0.422203,0.30738,0.327254,0.283228,0.634634,0.0919684,5.33311,0.297758,0.0170711,0.144813,6.67006,-1.5184,89.3988,0.161884,-0.407053,-0.6872136294841766,-0.20705267786979675,0.149017,999,,,,,,,63.9,3.99375,63.9,3.99375,,,,,,,,,,,,,,,,,,,"Miles Mastrobuoni","20017",670156
"Chadwick Tromp","ATL",11,45,41,9,6,2,0,1,5,5,3,0,11,0,0,0,,0,0,0.229166,0.0749868,0.246461,0.304254,0.289081,0.360009,0.285382,0.64909,0.130843,2.44738,0.284951,-0.0152267,-0.0670237,4.34651,-0.894112,80.5556,-0.0822504,-0.00315588,-1.1239314079284668,0.8718441247474402,0.147015,737.8599853515625,,,,,,,33.6,3.054545454,33.6,3.054545454,,,,,,,,,,,,,,,,,,,"Chadwick Tromp","16953",644433
"Grant McCray","SFG",28,119,108,24,15,5,1,3,14,13,9,0,39,1,1,0,,4,1,0.224262,0.0731144,0.330571,0.221176,0.287584,0.368106,0.287491,0.65569,0.143844,6.76481,0.322471,-0.00149747,0.162728,11.7473,-2.17305,85.1346,0.161231,0.284216,-1.954135000705719,-0.5907844603061676,0.146652,733.5999755859375,,,,,,,109.6,3.914285714,109.6,3.914285714,,,,,,,,,,,,,,,,,,,"Grant McCray","25690",687529
"Casey Schmitt","SFG",11,49,45,11,7,2,0,1,5,6,3,0,11,1,0,0,,1,0,0.243832,0.0558263,0.227966,0.244889,0.292841,0.387563,0.29575,0.680404,0.143731,4.11911,0.293223,-0.022032,-0.0472096,5.16286,-0.569061,90.6935,-0.0692416,0.213884,-0.6145517528057098,0.38888369500637054,0.145305,739.75,,,,,,,45.7,4.154545454,45.7,4.154545454,,,,,,,,,,,,,,,,,,,"Casey Schmitt","27577",669477
"Deyvison De Los Santos","MIA",79,343,322,81,52,13,1,14,40,44,16,1,92,3,2,1,,1,1,0.250348,0.0457973,0.268344,0.170666,0.290047,0.430902,0.309279,0.720949,0.180553,3.0825,0.304886,-0.0174661,-0.544129,39.8749,-0.248608,95.2102,-0.561595,0.366882,-2.5261926651000977,-7.508117645978928,0.143962,476.1099853515625,,,,,,,362.7,4.59113924,362.7,4.59113924,,,,,,,,,,,,,,,,,,,"Deyvison De Los Santos","sa3015168",691277
"Eloy Jiménez","TBR",15,63,58,15,10,3,0,2,7,8,4,0,13,0,0,0,,0,0,0.26338,0.0693981,0.205187,0.338219,0.31737,0.423391,0.32097,0.740761,0.160011,2.34828,0.303514,-0.0639464,-0.0764422,7.91681,0.547191,113.618,-0.140389,0,0.841268002986908,-1.5750000476837158,0.141459,619.6900024414062,,,,,,,65.5,4.366666666,65.5,4.366666666,,,,,,,,,,,,,,,,,,,"Eloy Jimenez","17484",650391
"Joey Loperfido","TOR",15,63,57,13,8,3,0,2,7,7,5,0,20,1,0,0,,1,0,0.224772,0.072742,0.315058,0.230884,0.291005,0.382732,0.293121,0.673737,0.15796,5.90621,0.307694,-0.0531283,0.0332872,6.50465,-0.864971,91.3257,-0.0198412,0.382952,-0.6451314482837915,-0.09204757213592529,0.141103,568.989990234375,,,,,,,63.2,4.213333333,63.2,4.213333333,,,,,,,,,,,,,,,,,,,"Joey Loperfido","29630",694388
"Sam Hilliard","COL",31,133,118,28,17,5,1,5,17,16,12,0,42,1,1,1,,3,1,0.234504,0.0936982,0.312106,0.300212,0.308068,0.424635,0.317059,0.732703,0.190131,6.1802,0.310444,0.00546934,0.150043,16.2946,0.736482,89.964,0.155512,-0.308646,-1.440635085105896,-1.6336462497711182,0.140156,674.5599975585938,,,,,,,147.9,4.770967741,147.9,4.770967741,,,,,,,,,,,,,,,,,,,"Sam Hilliard","17954",656541
"Kevin Pillar","TEX",31,133,122,28,18,6,0,4,16,15,7,0,31,3,1,0,,3,1,0.229701,0.0502551,0.230737,0.217803,0.28162,0.384146,0.289899,0.665766,0.154445,5.35167,0.270529,-0.0695516,0.0407936,13.3872,-2.17085,87.7293,-0.028758,-0.492935,-1.8961110785603523,-1.2179353833198547,0.137001,750.9000244140625,,,,,,,122.7,3.958064516,122.7,3.958064516,,,,,,,,,,,,,,,,,,,"Kevin Pillar","12434",607680
"Nick Maton","CHW",18,77,67,15,9,3,0,2,8,8,8,0,19,1,1,0,,0,0,0.219954,0.108685,0.247863,0.438488,0.312992,0.366486,0.300956,0.679478,0.146531,3.37454,0.272288,0.0074091,-0.128047,8.4357,-0.571615,94.9778,-0.120638,-0.733411,-0.5631158649921417,-0.7084114905446768,0.134192,999,,,,,,,71.5,3.972222222,71.5,3.972222222,,,,,,,,,,,,,,,,,,,"Nick Maton","21635",665155
"Leo Rivas","SEA",10,42,36,8,6,1,0,0,5,3,5,0,11,0,0,0,,2,0,0.217186,0.127713,0.25407,0.502669,0.322822,0.295134,0.283552,0.617956,0.0779482,5.75695,0.294822,-0.0212965,0.0785303,4.01298,-0.9001,89.6265,0.0572338,-0.0135414,-0.4412839561700821,0.3364585880190134,0.133999,999,,,,,,,30.5,3.05,30.5,3.05,,,,,,,,,,,,,,,,,,,"Leo Rivas","21009",660844
"Marcelo Mayer","BOS",11,49,45,11,7,3,0,1,6,5,3,0,11,0,0,0,,1,0,0.244283,0.0675732,0.231076,0.292428,0.298681,0.380633,0.295811,0.679315,0.136351,4.89784,0.303059,-0.00231021,-0.00436763,5.16529,-0.566631,86.075,-0.00667785,0.105,-0.7874034456908703,0.4299999922513962,0.132051,999,,,,,,,45.6,4.145454545,45.6,4.145454545,,,,,,,,,,,,,,,,,,,"Marcelo Mayer","sa3017114",691785
"Ji Hwan Bae","PIT",10,42,38,10,7,2,0,1,5,4,4,0,10,0,0,0,,2,1,0.25834,0.0894782,0.228467,0.391647,0.327491,0.368993,0.306899,0.696484,0.110653,6.44111,0.330019,0.0249981,0.0554082,4.8022,-0.110877,93.6439,0.0804063,-0.0489858,-0.23882117122411728,0.10101423412561417,0.130292,740.739990234375,,,,,,,46.2,4.62,46.2,4.62,,,,,,,,,,,,,,,,,,,"Ji Hwan Bae","23818",678225
"Ronny Mauricio","NYM",10,42,39,9,6,2,0,1,5,5,2,0,9,0,0,0,,1,0,0.240991,0.0512271,0.223698,0.229001,0.2847,0.395775,0.294124,0.680475,0.154784,5.2348,0.283075,0.00662345,-0.0180804,4.37035,-0.54273,91.1458,-0.0114569,0.111034,-0.4561511240899563,0.3110336586833,0.129537,629.510009765625,,,,,,,34.5,3.45,34.5,3.45,,,,,,,,,,,,,,,,,,,"Ronny Mauricio","23698",677595
"Zach Dezenzo","HOU",11,49,45,11,7,2,0,2,6,6,4,0,14,0,0,0,,1,0,0.246214,0.0725948,0.292923,0.247829,0.306204,0.403661,0.309537,0.709865,0.157447,3.95426,0.325664,-0.00600058,-0.0422147,5.7066,-0.0253253,103.07,-0.0482153,-0.385309,0.12393217906355858,-0.5103094577789307,0.129058,547.0599975585938,,,,,,,55.1,5.009090909,55.1,5.009090909,,,,,,,,,,,,,,,,,,,"Zach Dezenzo","31562",701305
"Nasim Nuñez","WSN",18,77,67,15,12,2,0,1,9,5,9,0,17,0,0,1,,4,1,0.220658,0.111371,0.220436,0.505233,0.31135,0.281861,0.272216,0.593212,0.061203,5.66742,0.285981,-0.0110628,0.253681,6.65456,-2.35275,73.2502,0.242618,0.183814,-2.220431685447693,0.85881407558918,0.124337,746.9600219726562,,,,,,,64,3.555555555,64,3.555555555,,,,,,,,,,,,,,,,,,,"Nasim Nunez","25979",683083
"Leo Jiménez","TOR",6,28,24,6,4,1,0,1,3,3,2,0,6,1,0,0,,0,0,0.236021,0.081089,0.215522,0.376244,0.329807,0.362693,0.310046,0.692499,0.126672,3.80936,0.287717,-0.0174725,-0.0425398,3.27239,-0.00299321,103.232,-0.0600123,0.0092922,0.04351940378546715,0.20929220132529736,0.12266,750.8800048828125,,,,,,,30.9,5.15,30.9,5.15,,,,,,,,,,,,,,,,,,,"Leo Jimenez","23782",677870
"Jose Herrera","ARI",26,102,90,20,15,3,0,1,10,9,10,0,23,1,1,1,,0,0,0.223153,0.0937874,0.222365,0.421771,0.30006,0.305659,0.273216,0.605719,0.0825063,3.43254,0.284862,-0.0880494,-0.234206,8.93214,-3.04642,71.9249,-0.322255,-0.147341,-3.7600741386413574,1.8526591211557388,0.119742,750.4199829101562,,,,,,,73.1,2.811538461,73.1,2.811538461,,,,,,,,,,,,,,,,,,,"Jose Herrera","17040",645444
"Dylan Carlson","BAL",8,35,31,7,5,2,0,1,4,4,3,0,8,1,0,0,,0,0,0.239487,0.0927672,0.229913,0.403489,0.321869,0.372566,0.307572,0.694435,0.133079,4.13983,0.296938,0.0197823,-0.0448056,4.0208,-0.0734312,102.768,-0.0250234,0.152451,0.0858122892677784,-0.12254881858825684,0.116893,742.5800170898438,,,,,,,35.4,4.425,35.4,4.425,,,,,,,,,,,,,,,,,,,"Dylan Carlson","20126",666185
"Myles Straw","TOR",16,70,63,14,11,3,0,0,7,5,6,0,14,0,1,0,,3,0,0.227932,0.0838999,0.195698,0.42872,0.29405,0.299093,0.265569,0.593143,0.0711609,6.206,0.283624,0.0780327,0.224171,5.67515,-2.51332,71.9456,0.302203,0.461999,-1.9448025822639465,0.7119987607002258,0.114054,746.8900146484375,,,,,,,47.8,2.9875,47.8,2.9875,,,,,,,,,,,,,,,,,,,"Myles Straw","17620",664702
"Luis Guillorme","HOU",10,42,37,9,7,2,0,0,4,3,5,0,8,0,0,0,,1,0,0.244458,0.109177,0.183116,0.596215,0.330221,0.327888,0.295121,0.658109,0.0834302,4.55323,0.300723,-0.0235222,-0.0424447,4.40407,-0.509012,92.9303,-0.0659669,-0.0986703,-0.40571609139442444,0.10132969170808792,0.113389,999,,,,,,,36.1,3.61,36.1,3.61,,,,,,,,,,,,,,,,,,,"Luis Guillorme","16451",641645
"Jacob Melton","HOU",13,56,52,11,7,2,0,2,6,6,3,0,15,0,0,0,,2,1,0.220659,0.061584,0.266122,0.231412,0.272233,0.363597,0.277978,0.635829,0.142938,5.8358,0.275952,-0.00248247,0.146051,5.09941,-1.45136,80.8714,0.143568,0.106951,-1.0821090787649155,0.30695146322250366,0.113043,999,,,,,,,44.2,3.4,44.2,3.4,,,,,,,,,,,,,,,,,,,"Jacob Melton","sa3019988",689200
"Johnathan Rodriguez","CLE",8,35,31,8,5,1,0,1,4,4,3,0,11,0,0,0,,0,0,0.245057,0.0875333,0.300949,0.290857,0.315415,0.414814,0.317922,0.730229,0.169758,3.53722,0.325418,0.000269242,-0.0536869,4.31236,0.218127,108.667,-0.0534176,-0.00338104,0.2936732769012451,-0.3783810376189649,0.111939,650.9199829101562,,,,,,,35.1,4.3875,35.1,4.3875,,,,,,,,,,,,,,,,,,,"Johnathan Rodriguez","22530",671286
"Joey Wiemer","KCR",32,140,125,27,18,6,0,3,15,13,13,0,40,1,1,0,,3,1,0.217902,0.0929112,0.285087,0.325904,0.297373,0.343672,0.284802,0.641046,0.125771,5.18057,0.294496,-0.0222171,-0.00208709,13.5175,-2.85948,79.6577,-0.0243042,0.463318,-3.282925194129348,-0.3366822302341461,0.108925,749.3300170898438,,,,,,,116.7,3.646875,116.7,3.646875,,,,,,,,,,,,,,,,,,,"Joey Wiemer","27690",686894
"Vidal Bruján","CHC",23,98,88,20,14,4,1,2,11,9,8,1,20,1,0,0,,4,2,0.227285,0.0844145,0.19941,0.42332,0.300389,0.340646,0.283225,0.641034,0.113361,5.74797,0.272716,0.0527375,-0.212509,9.33783,-2.12602,82.8421,-0.159772,-0.446664,-2.1704880446195602,-0.04666438698768616,0.108241,672.6300048828125,,,,,,,89.1,3.873913043,89.1,3.873913043,,,,,,,,,,,,,,,,,,,"Vidal Brujan","20536",660644
"Noelvi Marte","CIN",29,126,116,28,20,5,0,3,14,13,8,0,32,1,1,0,,4,1,0.242957,0.0616619,0.250904,0.245758,0.295514,0.374136,0.29322,0.66965,0.131179,4.91858,0.305119,0.063856,0.0469342,13.0194,-1.71983,80.5494,0.11079,-0.785102,-2.819866955280304,-0.3351017236709595,0.107735,475.9700012207031,,,,,,,115.3,3.975862068,115.3,3.975862068,,,,,,,,,,,,,,,,,,,"Noelvi Marte","26517",682622
"Blake Dunn","CIN",23,98,86,20,14,3,0,2,12,10,8,0,29,2,1,1,,4,1,0.229387,0.0802206,0.29947,0.267876,0.309572,0.354234,0.295521,0.663806,0.124847,6.16869,0.317365,-0.0130711,0.267014,10.3077,-1.1562,82.0977,0.253943,0.423313,-1.8440092504024506,-0.4266872704029083,0.102711,748.469970703125,,,,,,,88.3,3.839130434,88.3,3.839130434,,,,,,,,,,,,,,,,,,,"Blake Dunn","29487",694362
"Brandon Lockridge","SDP",13,56,50,12,9,2,0,1,6,5,5,0,16,1,0,0,,3,1,0.236266,0.0833753,0.282014,0.295642,0.306386,0.331818,0.285045,0.638204,0.0955526,6.38069,0.328827,-0.0107658,0.288614,5.41792,-1.13285,85.1981,0.277848,0.239796,-0.7133623659610748,-0.16020385921001434,0.102479,748.719970703125,,,,,,,53.3,4.1,53.3,4.1,,,,,,,,,,,,,,,,,,,"Brandon Lockridge","21496",663604
"Jacob Amaya","CHW",15,63,57,12,9,2,0,1,7,6,5,0,16,0,0,0,,1,0,0.216713,0.0860806,0.249526,0.344976,0.286963,0.32302,0.271961,0.609983,0.106308,4.23511,0.27636,0.00876673,-0.0363305,5.43172,-1.9379,74.5823,-0.0275638,0.073493,-1.859801484271884,0.7484929636120796,0.102464,750.2899780273438,,,,,,,42.3,2.82,42.3,2.82,,,,,,,,,,,,,,,,,,,"Jacob Amaya","23296",676070
"Adam Duvall",,31,133,122,26,14,5,0,6,14,17,8,0,42,2,1,0,,1,0,0.209972,0.0637223,0.315591,0.201914,0.269307,0.398333,0.289221,0.667641,0.188361,3.29536,0.265708,-0.107239,-0.12609,13.3146,-2.24351,85.6386,-0.233329,0.438651,-2.4681235551834106,-0.986348569393158,0.101366,999,,,,,,,126.4,4.077419354,126.4,4.077419354,,,,,,,,,,,,,,,,,,,"Adam Duvall","10950",594807
"Luken Baker","STL",37,161,142,31,18,6,0,7,17,21,16,0,44,1,1,0,,0,0,0.215951,0.0999584,0.272316,0.367067,0.297739,0.407226,0.306416,0.704966,0.191276,2.22889,0.255178,-0.130747,-0.218469,18.3458,-0.487661,97.3732,-0.349216,-0.0548401,-0.8549453318119049,-3.529840014874935,0.101159,721.9299926757812,,,,,,,165.8,4.481081081,165.8,4.481081081,,,,,,,,,,,,,,,,,,,"Luken Baker","21497",663609
"Nick Martini","COL",34,147,130,32,21,6,1,4,18,18,13,0,34,3,1,0,,1,1,0.244793,0.0889603,0.234213,0.379826,0.323708,0.408654,0.320624,0.732362,0.163861,4.19163,0.296428,-0.108197,-0.379113,18.4316,1.23579,92.3634,-0.48731,-0.130594,-1.829694241285324,-2.1055941730737686,0.0994077,742.75,,,,,,,157,4.617647058,157,4.617647058,,,,,,,,,,,,,,,,,,,"Nick Martini","12005",605361
"Oscar Colás","CHW",44,189,172,41,28,7,1,5,20,20,14,1,49,2,1,0,,3,1,0.237399,0.0719352,0.25901,0.277731,0.298076,0.371855,0.291836,0.669931,0.134456,4.01186,0.301699,0.0882114,-0.395087,19.3186,-2.79028,88.563,-0.306875,0.249776,-2.7801860868930817,-2.575224295258522,0.0986175,743.9199829101562,,,,,,,181.5,4.125,181.5,4.125,,,,,,,,,,,,,,,,,,,"Oscar Colas","30162",693049
"Jeferson Quero","MIL",6,26,23,5,4,1,0,1,3,3,2,0,6,0,0,0,,0,0,0.229254,0.0747504,0.224097,0.333563,0.291653,0.369567,0.290406,0.66122,0.140312,3.46161,0.269618,-0.00111692,-0.014229,2.58723,-0.407406,84.7578,-0.0153459,0.0784421,-0.48195059411227703,0.5784421041607857,0.0980565,746.75,,,,,,,23.3,3.883333333,23.3,3.883333333,,,,,,,,,,,,,,,,,,,"Jeferson Quero","sa3015407",691620
"Juan Yepez","WSN",21,91,82,21,13,4,0,3,10,11,7,0,18,1,1,0,,0,0,0.248599,0.0776222,0.193936,0.400245,0.310087,0.421594,0.317517,0.731682,0.172996,2.91572,0.277084,-0.0837558,-0.178475,11.1825,0.537477,103.741,-0.26223,-0.0650205,0.1448928415775299,-2.240020453929901,0.0967562,669.3800048828125,,,,,,,99.4,4.733333333,99.4,4.733333333,,,,,,,,,,,,,,,,,,,"Juan Yepez","18400",660766
"Alex Jackson","NYY",5,19,17,4,2,1,0,1,2,2,1,0,6,0,0,0,,0,0,0.206877,0.0722147,0.30246,0.238758,0.275477,0.390718,0.289197,0.666195,0.183841,3.9161,0.26138,-0.00589109,-0.0127098,1.92174,-0.32424,87.2116,-0.0186009,0.0481165,-0.29954764246940613,0.423116497695446,0.0960815,750.1500244140625,,,,,,,20.7,4.14,20.7,4.14,,,,,,,,,,,,,,,,,,,"Alex Jackson","17276",656577
"Robbie Grossman",,28,119,102,23,15,5,0,2,13,11,15,0,30,1,1,0,,1,0,0.22171,0.126757,0.249565,0.507913,0.325207,0.347061,0.301828,0.672268,0.125351,3.94518,0.284493,-0.0711849,-0.100474,13.1206,-0.799837,94.3113,-0.171659,-0.107824,-0.9637003242969513,-2.0828236266970634,0.0952734,999,,,,,,,110,3.928571428,110,3.928571428,,,,,,,,,,,,,,,,,,,"Robbie Grossman","5254",543257
"Eli White","ATL",11,49,44,10,7,2,0,1,6,5,4,0,14,1,0,0,,2,0,0.228503,0.0853631,0.291915,0.292425,0.304111,0.349281,0.290617,0.653392,0.120779,6.38568,0.311776,0.00532627,0.119286,4.96043,-0.771495,84.0788,0.124612,0.0623392,-0.8082853928208351,0.08733917213976383,0.0941541,999,,,,,,,46,4.181818181,46,4.181818181,,,,,,,,,,,,,,,,,,,"Eli White","19346",642201
"Weston Wilson","PHI",19,84,75,16,10,3,0,3,10,10,8,0,25,0,1,0,,2,1,0.220303,0.094685,0.291761,0.32453,0.29704,0.395214,0.301565,0.692254,0.174911,5.11618,0.278292,-0.0171572,0.0831096,9.24374,-0.582415,92.0506,0.0659524,-0.459256,-0.7325457781553268,-1.1592562794685364,0.0936678,999,,,,,,,76.5,4.026315789,76.5,4.026315789,,,,,,,,,,,,,,,,,,,"Weston Wilson","19358",642215
"Victor Mesa Jr.","MIA",19,84,77,18,12,4,0,2,9,9,5,0,20,1,1,0,,1,0,0.229654,0.0616702,0.234213,0.263308,0.281285,0.356081,0.279478,0.637366,0.126426,4.23892,0.281736,0,-0.0624517,7.75052,-2.07564,75.1525,-0.0624517,0.333,-2.558330859988928,0.6330000162124634,0.090205,999,,,,,,,74.1,3.9,74.1,3.9,,,,,,,,,,,,,,,,,,,"Victor Mesa Jr.","sa3010700",683748
"Cal Stevenson","PHI",10,42,36,8,5,2,0,1,5,4,6,0,9,0,0,0,,2,0,0.226996,0.131685,0.220091,0.598322,0.331083,0.345282,0.302853,0.676364,0.118285,5.74983,0.283852,-0.0155098,0.0765234,4.66544,-0.247644,92.918,0.0610135,-0.00501042,-0.2946719825267792,-0.2550104218535125,0.0877544,999,,,,,,,45.8,4.58,45.8,4.58,,,,,,,,,,,,,,,,,,,"Cal Stevenson","22411",670276
"Dominic Canzone","SEA",6,28,25,6,4,1,0,1,3,4,2,0,7,0,0,0,,0,0,0.241999,0.0753199,0.232258,0.324295,0.301947,0.420282,0.311907,0.722229,0.178283,3.70777,0.281061,-0.012155,-0.0232184,3.31433,0.0389404,109.572,-0.0353734,-0.0628111,0.2712886109948158,-0.3628111481666565,0.0870977,749.8900146484375,,,,,,,26.9,4.483333333,26.9,4.483333333,,,,,,,,,,,,,,,,,,,"Dominic Canzone","26438",686527
"Cam Smith","HOU",100,434,396,85,52,15,6,12,50,55,29,3,102,5,3,1,,4,2,0.214327,0.066911,0.23589,0.283654,0.275372,0.375195,0.280869,0.650567,0.160868,5.5876,0.255202,-0.0273889,-0.793282,40.5304,-10.2381,82.9052,-0.820671,0.800471,-9.309742629528046,-4.349529445171356,0.0858255,999,,,,,,,374.5,3.745,374.5,3.745,,,,,,,,,,,,,,,,,,,"Cam Smith","sa3025358",701358
"Hao-Yu  Lee","DET",5,21,19,5,3,1,0,0,2,2,1,0,4,0,0,0,,0,0,0.253495,0.068033,0.202934,0.335247,0.310016,0.393056,0.306773,0.703072,0.139561,5.9756,0.300956,-0.000976196,0.0148645,2.39896,-0.0575752,100.772,0.0138883,0,0.03242829628288746,0.07500000298023224,0.0835074,999,,,,,,,14.9,2.98,14.9,2.98,,,,,,,,,,,,,,,,,,,"Hao-Yu  Lee","sa3017863",701678
"Drew Avans","ATH",21,91,81,18,13,3,1,1,11,7,9,0,26,1,0,0,,3,1,0.221044,0.0949411,0.289278,0.328201,0.298831,0.321406,0.277662,0.620237,0.100362,6.62968,0.310735,-0.0254275,0.131884,8.26335,-2.38166,83.0737,0.106456,0.28793,-1.6559621766209602,-0.5870703160762787,0.082132,999,,,,,,,76.5,3.642857142,76.5,3.642857142,,,,,,,,,,,,,,,,,,,"Drew Avans","sa3006937",682183
"Austin Wynns","CIN",10,38,35,8,6,2,0,1,4,4,3,0,10,1,0,0,,0,0,0.230415,0.0728448,0.264813,0.275081,0.295455,0.348678,0.285342,0.644133,0.118262,2.74912,0.299729,-0.0457196,-0.0532992,3.72433,-0.767626,75.2468,-0.0990188,-0.0330388,-1.235658898949623,0.7169612273573875,0.0793427,999,,,,,,,37,3.7,37,3.7,,,,,,,,,,,,,,,,,,,"Austin Wynns","15271",642851
"Kevin Alcántara","CHC",11,49,45,11,8,2,0,1,5,5,3,0,14,0,0,0,,1,0,0.238212,0.0671507,0.289414,0.232023,0.293485,0.361714,0.288106,0.655199,0.123502,4.42272,0.320022,-0.0003719,-0.0138792,4.86141,-0.870511,86.1274,-0.0142511,-0.116391,-0.8271114230155945,-0.04139067232608795,0.0789149,690.9299926757812,,,,,,,42.7,3.881818181,42.7,3.881818181,,,,,,,,,,,,,,,,,,,"Kevin Alcantara","25971",682634
"Garrett Hampson","ARI",16,70,64,15,11,3,0,1,7,6,5,0,18,1,0,0,,2,1,0.238198,0.0724837,0.254798,0.284475,0.297686,0.329824,0.278589,0.62751,0.0916264,5.97819,0.319072,0.0207113,0.0504288,6.40867,-1.77979,75.5413,0.0711402,0.0896154,-1.976213313639164,0.38961535692214966,0.0770138,750.3200073242188,,,,,,,57.1,3.56875,57.1,3.56875,,,,,,,,,,,,,,,,,,,"Garrett Hampson","19262",641658
"David Bote","LAD",6,28,25,6,4,1,0,1,3,3,2,0,7,0,0,0,,0,0,0.228942,0.07237,0.250489,0.288915,0.295014,0.372793,0.293416,0.667807,0.143851,3.70698,0.28638,-0.0139931,-0.038969,2.89761,-0.37778,88.8539,-0.0529622,0.131591,-0.42616400495171547,0.23159059137105942,0.0762545,999,,,,,,,26.9,4.483333333,26.9,4.483333333,,,,,,,,,,,,,,,,,,,"David Bote","14593",623520
"J.D. Davis","LAA",23,98,87,20,13,4,0,3,10,10,9,0,32,1,1,0,,0,0,0.224382,0.0881445,0.32983,0.267242,0.301326,0.373499,0.297748,0.674824,0.149117,2.08908,0.315202,-0.0762724,-0.166627,10.4834,-0.980488,91.461,-0.242899,-0.0361831,-1.2003991454839706,-1.3361830040812492,0.0759524,738.25,,,,,,,94.8,4.12173913,94.8,4.12173913,,,,,,,,,,,,,,,,,,,"J.D. Davis","16219",605204
"Shay Whitcomb","HOU",5,21,19,4,3,1,0,1,2,3,1,0,6,0,0,0,,1,0,0.230853,0.0669768,0.283404,0.23633,0.289183,0.393386,0.296713,0.682569,0.162533,4.87512,0.292352,-0.00538556,0.00570372,2.22894,-0.2276,94.05,0.000318155,0.0811463,-0.14265069292741828,0.15614628791809082,0.0738063,708.7899780273438,,,,,,,20.6,4.12,20.6,4.12,,,,,,,,,,,,,,,,,,,"Shay Whitcomb","27789",694376
"Luke Maile",,16,64,57,12,8,3,0,1,6,6,5,0,19,1,0,0,,1,0,0.210521,0.084867,0.292052,0.290589,0.290941,0.320069,0.274329,0.61101,0.109548,3.61619,0.290371,-0.0666409,-0.00659384,5.63995,-1.84665,75.3947,-0.0732347,-0.0841932,-1.9156924709677696,1.165806770324707,0.0713704,999,,,,,,,48.2,3.0125,48.2,3.0125,,,,,,,,,,,,,,,,,,,"Luke Maile","13355",571912
"Jacob Hurtubise","CIN",11,49,42,10,8,1,0,1,6,4,5,0,11,2,0,1,,2,0,0.241062,0.104467,0.215718,0.484277,0.343444,0.328978,0.304585,0.672422,0.0879157,6.896,0.309236,-0.000394195,0.113566,5.51129,-0.220635,88.1984,0.113172,-0.0503331,-0.5783395320177078,-0.37533313035964966,0.0701186,999,,,,,,,51.1,4.645454545,51.1,4.645454545,,,,,,,,,,,,,,,,,,,"Jacob Hurtubise","27599",674441
"Taylor Trammell","HOU",5,21,18,4,2,1,0,1,3,3,2,0,7,0,0,0,,1,0,0.216374,0.110056,0.309678,0.355387,0.309923,0.397121,0.310003,0.707043,0.180746,4.89642,0.285926,-0.00246148,-0.0034891,2.45357,-0.00297129,103.398,-0.00595058,0.117352,0.07570931548252702,-0.10764758288860321,0.0691139,999,,,,,,,24.6,4.92,24.6,4.92,,,,,,,,,,,,,,,,,,,"Taylor Trammell","19960",666211
"Riley Adams","WSN",29,115,103,23,14,5,0,3,11,13,9,0,33,2,1,0,,1,0,0.222294,0.0798923,0.28862,0.276808,0.299566,0.380168,0.297765,0.679735,0.157875,3.48958,0.291585,-0.0682332,-0.131153,12.3248,-1.15104,90.4466,-0.199386,-2.04278,-1.5154407322406769,0.20722270011901855,0.0687816,749.5399780273438,,,,,,,103.4,3.565517241,103.4,3.565517241,,,,,,,,,,,,,,,,,,,"Riley Adams","19864",656180
"Andrew McCutchen","PIT",105,455,393,90,58,17,0,14,53,48,54,1,113,5,3,0,,5,2,0.228465,0.117855,0.247598,0.475992,0.325702,0.380163,0.312446,0.705864,0.151697,3.29396,0.281716,-0.970435,-0.728331,54.0553,0.830276,97.3775,-1.69877,0,-3.125623106956482,-11.375,0.0680895,597.969970703125,,,,,,,472.8,4.502857142,472.8,4.502857142,,,,,,,,,,,,,,,,,,,"Andrew McCutchen","9847",457705
"Kameron Misner","TBR",8,35,31,6,4,1,0,1,4,4,4,0,12,0,0,0,,1,0,0.204916,0.111402,0.347931,0.320183,0.298816,0.346768,0.287475,0.645585,0.141853,5.49918,0.304421,-0.00623402,0.0424785,3.45466,-0.639571,90.0567,0.0362444,0.224563,-0.3619569391012192,-0.15043723583221436,0.0677685,999,,,,,,,28.8,3.6,28.8,3.6,,,,,,,,,,,,,,,,,,,"Kameron Misner","26374",670224
"Graham Pauley","MIA",32,140,126,28,18,6,0,4,16,15,11,0,34,2,1,0,,2,1,0.224407,0.0805126,0.241011,0.334062,0.295288,0.370844,0.291913,0.666132,0.146437,4.19149,0.273849,-0.00161302,-0.173295,14.3188,-2.05817,83.5223,-0.174908,0.220275,-2.9334844052791595,-1.079725131392479,0.0672728,750.9199829101562,,,,,,,125.8,3.93125,125.8,3.93125,,,,,,,,,,,,,,,,,,,"Graham Pauley","31363",688363
"Kody Clemens","PHI",10,42,39,9,5,2,0,2,5,6,3,0,10,0,0,0,,0,0,0.228388,0.0657035,0.247406,0.265569,0.283421,0.414601,0.301409,0.698022,0.186213,5.0425,0.268101,-0.00746406,-0.0267236,4.61661,-0.296469,91.9458,-0.0341877,-0.231657,-0.4386986643075943,-0.33165670186281204,0.0649638,748.7100219726562,,,,,,,45,4.5,45,4.5,,,,,,,,,,,,,,,,,,,"Kody Clemens","20572",665019
"Matt Koperniak","STL",8,35,32,8,6,1,0,1,4,4,2,0,7,0,0,0,,0,0,0.250924,0.0686504,0.205188,0.334573,0.307539,0.375035,0.299848,0.682574,0.124112,3.67838,0.297822,-0.00613052,-0.0747413,3.8032,-0.291029,92.9526,-0.0808718,0.211008,-0.3758290484547615,-0.16399160027503967,0.0646855,999,,,,,,,31.1,3.8875,31.1,3.8875,,,,,,,,,,,,,,,,,,,"Matt Koperniak","sa3014834",689288
"Tyler Gentry","KCR",8,35,31,7,5,2,0,1,4,4,3,0,10,0,0,0,,0,0,0.233994,0.0924003,0.292284,0.316132,0.313407,0.370858,0.302702,0.684265,0.136864,4.19556,0.319475,-0.00446061,-0.0275501,3.8836,-0.210631,92.2487,-0.0320107,0.173816,-0.34242792055010796,-0.20118388533592224,0.0645444,999,,,,,,,32.4,4.05,32.4,4.05,,,,,,,,,,,,,,,,,,,"Tyler Gentry","27784",694355
"Jimmy Crooks","STL",3,13,11,3,2,1,0,0,1,1,1,0,3,0,0,0,,0,0,0.242498,0.0807197,0.241131,0.334754,0.312191,0.363982,0.298148,0.676172,0.121484,3.80391,0.308007,0,-0.014602,1.37337,-0.123945,91.8085,-0.014602,0.0694286,-0.13998357579112053,0.31942857056856155,0.0625782,999,,,,,,,11.7,3.9,11.7,3.9,,,,,,,,,,,,,,,,,,,"Jimmy Crooks","sa3019841",699625
"Blake Sabol","BOS",5,19,17,4,3,1,0,1,2,2,2,0,5,0,0,0,,0,0,0.23844,0.0863302,0.285782,0.302084,0.311451,0.382101,0.304323,0.693552,0.14366,4.5007,0.317948,0.0026678,-0.00819928,2.15548,-0.0905026,92.0618,-0.00553147,-0.262027,-0.17992432415485382,0.11297348141670227,0.0608488,999,,,,,,,23.7,4.74,23.7,4.74,,,,,,,,,,,,,,,,,,,"Blake Sabol","25805",666165
"Tomás Nido","DET",5,19,18,4,3,1,0,0,2,2,1,0,5,0,0,0,,0,0,0.236324,0.0416677,0.243779,0.170924,0.271132,0.350017,0.271254,0.62115,0.113693,2.96231,0.295431,-0.0331144,-0.0231111,1.64446,-0.601524,75.7869,-0.0562254,0.0451794,-0.588158018887043,0.4201793558895588,0.0557183,999,,,,,,,10.3,2.06,10.3,2.06,,,,,,,,,,,,,,,,,,,"Tomas Nido","13755",621512
"Vaughn Grissom","BOS",3,14,12,3,2,1,0,0,2,1,1,0,3,0,0,0,,0,0,0.263349,0.0856868,0.184812,0.463643,0.338229,0.377789,0.317281,0.716018,0.114439,5.04642,0.314197,0.00435939,0.00196579,1.71771,0.080021,101.177,0.00632518,-0.00742105,0.025176246650516987,0.042578947730362415,0.0552726,592.010009765625,,,,,,,10.7,3.566666666,10.7,3.566666666,,,,,,,,,,,,,,,,,,,"Vaughn Grissom","26031",687093
"Vimael Machín","BAL",8,35,31,7,5,1,0,0,4,3,3,0,6,0,0,0,,0,0,0.234897,0.0970995,0.17962,0.540584,0.314659,0.32619,0.28629,0.640849,0.0912924,3.63284,0.279488,-0.0167586,-0.0417979,3.42127,-0.672966,87.797,-0.0585565,-0.231129,-0.5472555570304394,-0.10612930357456207,0.0532073,750.030029296875,,,,,,,20.1,2.5125,20.1,2.5125,,,,,,,,,,,,,,,,,,,"Vimael Machin","17684",605353
"David Villar","SFG",23,98,87,19,12,5,0,3,11,11,9,0,29,1,1,0,,0,0,0.22191,0.0884944,0.293497,0.301517,0.300038,0.385709,0.301077,0.685746,0.163799,3.03315,0.288971,-0.00754429,-0.147026,10.7459,-0.71795,94.2789,-0.15457,0.122892,-0.8250183314085007,-1.9271076619625092,0.0529903,999,,,,,,,92.1,4.004347826,92.1,4.004347826,,,,,,,,,,,,,,,,,,,"David Villar","24782",681584
"Bryan De La Cruz","ATL",16,70,65,16,11,3,0,2,8,9,4,0,19,0,1,0,,1,0,0.24767,0.0582054,0.265214,0.219466,0.293149,0.399979,0.300282,0.693129,0.15231,2.89898,0.309282,-0.0420846,-0.0976622,7.63086,-0.557607,90.584,-0.139747,-0.448039,-0.9279303550720215,-0.898039311170578,0.052292,487.0400085449219,,,,,,,66,4.125,66,4.125,,,,,,,,,,,,,,,,,,,"Bryan De La Cruz","19600",650559
"Ryan Noda","LAA",8,35,29,6,3,1,0,1,4,4,5,0,12,1,0,0,,0,0,0.198257,0.138001,0.349361,0.395009,0.321757,0.364751,0.307261,0.686508,0.166494,3.79086,0.287574,-0.00776289,-0.0436014,4.01202,-0.0822129,98.1521,-0.0513643,0.0272072,-0.12536711245775223,-0.5477927476167679,0.051165,748.030029296875,,,,,,,34.9,4.3625,34.9,4.3625,,,,,,,,,,,,,,,,,,,"Ryan Noda","23312",676116
"James McCann","ATL",8,32,29,7,5,1,0,1,3,3,2,0,8,0,0,0,,0,0,0.229723,0.0563387,0.264109,0.213316,0.280715,0.360925,0.280932,0.641639,0.131202,3.61696,0.289717,-0.0385242,-0.0138509,2.99004,-0.753262,77.5605,-0.052375,-0.109964,-0.9110431335866451,0.5150356516242027,0.0495373,745.239990234375,,,,,,,28.5,3.5625,28.5,3.5625,,,,,,,,,,,,,,,,,,,"James McCann","12859",543510
"Brett Harris","ATH",3,14,12,3,2,0,0,0,2,1,1,0,3,0,0,0,,0,0,0.226422,0.0926074,0.215001,0.43073,0.310627,0.348003,0.294192,0.65863,0.121581,4.13227,0.272658,0.000998747,-0.0234214,1.45755,-0.180144,94.7015,-0.0224227,0.0623811,-0.1072988510131836,0.11238108575344086,0.0487999,999,,,,,,,7.8,2.6,7.8,2.6,,,,,,,,,,,,,,,,,,,"Brett Harris","29788",695391
"Travis Jankowski","CHW",21,91,80,19,15,3,0,1,10,7,9,0,18,1,0,0,,4,1,0.233285,0.0982502,0.198181,0.495761,0.316816,0.305173,0.281522,0.621989,0.0718881,5.69551,0.291007,-0.0998604,0.364562,8.54613,-2.09888,81.3081,0.264702,-0.115892,-1.6815568208694458,-0.8908917233347893,0.0481107,999,,,,,,,79.3,3.776190476,79.3,3.776190476,,,,,,,,,,,,,,,,,,,"Travis Jankowski","13768",608671
"Austin Shenton","SEA",5,21,18,4,2,1,0,1,2,2,2,0,7,0,0,0,,0,0,0.215259,0.105137,0.332032,0.316646,0.303721,0.376276,0.300165,0.679997,0.161017,2.41368,0.302927,-0.00494175,-0.0349924,2.28728,-0.169264,101.312,-0.0399342,-0.00488956,-0.00840669497847557,-0.2298895549029112,0.0478018,999,,,,,,,22.7,4.54,22.7,4.54,,,,,,,,,,,,,,,,,,,"Austin Shenton","25425",668853
"Liover Peguero","PIT",6,28,26,6,4,1,0,1,3,3,2,0,7,0,0,0,,1,0,0.235676,0.0594768,0.244614,0.243146,0.28423,0.361232,0.282447,0.645463,0.125556,5.11369,0.296831,0.000361761,0.00492161,2.65041,-0.624978,77.1858,0.00528337,-0.0118032,-0.7585952715016901,0.2881968431174755,0.0477679,999,,,,,,,27.8,4.633333333,27.8,4.633333333,,,,,,,,,,,,,,,,,,,"Liover Peguero","24273",678894
"Wade Meckler","SFG",3,14,13,3,2,1,0,0,2,1,1,0,3,0,0,0,,0,0,0.266009,0.0861137,0.201038,0.428345,0.332841,0.375924,0.313233,0.708765,0.109915,4.84649,0.326553,0.00244677,-0.00756031,1.67211,0.0344154,102.461,-0.00511354,-0.0932935,0.03608784917742014,-0.04329349473118782,0.0474306,999,,,,,,,9.7,3.233333333,9.7,3.233333333,,,,,,,,,,,,,,,,,,,"Wade Meckler","31490",685133
"Brady House","WSN",8,35,33,7,5,1,0,1,4,4,2,0,10,0,0,0,,0,0,0.229349,0.0458062,0.277209,0.165241,0.273897,0.367234,0.279793,0.641131,0.137885,3.97969,0.294195,-0.00138494,-0.0434481,3.23824,-0.855992,78.3499,-0.0448331,0.0867857,-0.950961522758007,0.2117857187986374,0.0440966,999,,,,,,,24.5,3.0625,24.5,3.0625,,,,,,,,,,,,,,,,,,,"Brady House","sa3017694",691781
"Jonatan Clase","TOR",5,21,19,4,3,1,0,0,3,2,2,0,6,0,0,0,,1,0,0.221092,0.0844927,0.291994,0.289365,0.291476,0.360935,0.287199,0.652412,0.139843,7.30658,0.297753,0.000706977,0.0651713,2.06813,-0.388413,87.1602,0.0658783,0.0816365,-0.24264106899499893,-0.043363459408283234,0.0428746,686.760009765625,,,,,,,14.2,2.84,14.2,2.84,,,,,,,,,,,,,,,,,,,"Jonatan Clase","26599",682729
"Jair Camargo","MIN",3,13,12,3,2,0,0,0,1,1,1,0,4,0,0,0,,0,0,0.215647,0.0593298,0.345251,0.171845,0.270691,0.367361,0.27764,0.638051,0.151713,3.56527,0.302945,-0.00123525,-0.0161024,1.16209,-0.335226,79.7641,-0.0173377,0.0485736,-0.3137101661413908,0.2985735535621643,0.0424609,999,,,,,,,7.8,2.6,7.8,2.6,,,,,,,,,,,,,,,,,,,"Jair Camargo","21730",665856
"Hunter Feduccia","LAD",5,19,17,4,2,1,0,0,2,2,2,0,5,0,0,0,,0,0,0.217999,0.106522,0.25875,0.411677,0.303869,0.338012,0.285957,0.641881,0.120013,2.98265,0.282735,-0.0060274,-0.0319584,1.87167,-0.37431,83.8337,-0.0379858,-0.195926,-0.4091568626463413,0.17907395958900452,0.0424511,747.6400146484375,,,,,,,14.3,2.86,14.3,2.86,,,,,,,,,,,,,,,,,,,"Hunter Feduccia","23372",676439
"Adael Amador","COL",10,42,37,9,6,1,0,1,5,4,4,0,8,0,0,0,,2,1,0.242704,0.0925252,0.190725,0.485123,0.318559,0.369028,0.304549,0.687587,0.126324,5.17809,0.282804,-0.0194033,0.0170821,4.72275,-0.190333,81.5436,-0.00232121,-0.210906,-0.9292739883530885,-0.06090565025806427,0.0422609,702.739990234375,,,,,,,38.7,3.87,38.7,3.87,,,,,,,,,,,,,,,,,,,"Adael Amador","27962",691182
"Nacho Alvarez Jr.","ATL",3,14,12,3,2,1,0,0,2,1,1,0,3,0,0,0,,0,0,0.246665,0.0939908,0.208637,0.4505,0.328484,0.343222,0.300603,0.671705,0.0965561,4.56448,0.305249,-0.000572059,0.00352119,1.52979,-0.107905,90.8,0.00294913,-0.00847505,-0.15107114939019084,0.09152495209127665,0.042025,742.0599975585938,,,,,,,10.7,3.566666666,10.7,3.566666666,,,,,,,,,,,,,,,,,,,"Nacho Alvarez Jr.","31765",805373
"Jared Serna","MIA",6,28,26,6,4,1,0,1,3,3,2,0,6,0,0,0,,0,0,0.231193,0.0656406,0.200515,0.32736,0.291027,0.356841,0.285465,0.647868,0.125649,4.19285,0.272844,0,-0.0544175,2.71842,-0.556965,79.1819,-0.0544175,0.0714331,-0.7514633983373642,0.22143307328224182,0.0416093,999,,,,,,,25.9,4.316666666,25.9,4.316666666,,,,,,,,,,,,,,,,,,,"Jared Serna","sa3015579",691858
"Nick Kurtz","ATH",8,35,32,8,6,2,0,1,4,3,2,0,8,0,0,0,,0,0,0.253041,0.0677201,0.223476,0.30303,0.306998,0.374696,0.300104,0.681694,0.121655,2.59183,0.311258,0,-0.0984906,3.81041,-0.283824,98.86,-0.0984906,0,-0.14414626359939575,-0.625,0.0412518,999,,,,,,,34,4.25,34,4.25,,,,,,,,,,,,,,,,,,,"Nick Kurtz","sa3025385",701762
"Owen Caissie","CHC",6,28,25,6,4,1,0,1,3,3,3,0,9,0,0,0,,0,0,0.238181,0.0957687,0.32451,0.295118,0.316644,0.384075,0.307514,0.700719,0.145894,4.0761,0.341377,-0.00110118,-0.0451232,3.21532,-0.0600612,99.1901,-0.0462243,0.0311538,-0.07334251701831818,-0.4688461534678936,0.0403536,741.969970703125,,,,,,,29.9,4.983333333,29.9,4.983333333,,,,,,,,,,,,,,,,,,,"Owen Caissie","sa3014465",683357
"Joe Mack","MIA",3,13,12,3,2,1,0,0,1,1,1,0,3,0,0,0,,0,0,0.219516,0.0742992,0.268901,0.276307,0.283876,0.354436,0.28084,0.638313,0.13492,2.63702,0.279275,-0.00059138,-0.016592,1.19506,-0.302255,76.0693,-0.0171834,0.092016,-0.3834749348461628,0.34201599657535553,0.0397637,999,,,,,,,10.7,3.566666666,10.7,3.566666666,,,,,,,,,,,,,,,,,,,"Joe Mack","sa3017374",691788
"Andrés Chaparro","WSN",8,35,32,8,5,2,0,1,4,4,3,0,8,0,0,0,,0,0,0.242415,0.0770059,0.217117,0.354674,0.308266,0.412419,0.312775,0.720684,0.170004,3.18182,0.280943,-0.0223995,-0.0478847,4.16737,0.0731376,100.55,-0.0702842,0.0348924,-0.04728259518742561,-0.7401075288653374,0.0391171,749.5599975585938,,,,,,,37,4.625,37,4.625,,,,,,,,,,,,,,,,,,,"Andres Chaparro","21797",665953
"Bryan Ramos","CHW",50,217,198,45,30,8,0,7,23,24,15,0,51,3,1,0,,2,1,0.226664,0.0672365,0.235556,0.285438,0.287414,0.370251,0.288631,0.657665,0.143587,3.49677,0.270517,0.0322361,-0.462918,21.6207,-3.76353,86.3082,-0.430682,0.180705,-3.830277591943741,-3.0442951768636703,0.0382718,711.3900146484375,,,,,,,198,3.96,198,3.96,,,,,,,,,,,,,,,,,,,"Bryan Ramos","25621",682868
"Dominic Fletcher","CHW",18,77,70,17,12,3,0,1,8,7,5,0,18,1,1,0,,0,0,0.236934,0.0649722,0.230279,0.282145,0.294578,0.34594,0.28207,0.640518,0.109006,3.62723,0.297593,-0.0220428,-0.192767,7.26527,-1.74205,81.6932,-0.21481,0.352146,-1.8277187645435333,-0.3728542625904083,0.0382422,750.2100219726562,,,,,,,61.3,3.405555555,61.3,3.405555555,,,,,,,,,,,,,,,,,,,"Dominic Fletcher","26149",666150
"Michael Helman","STL",6,28,25,6,4,1,0,1,3,3,2,0,7,0,0,0,,1,0,0.225638,0.072734,0.246796,0.294713,0.288909,0.365154,0.287452,0.654063,0.139516,5.30577,0.279829,-0.00546841,0.0309031,2.76322,-0.512171,84.6095,0.0254347,-0.232523,-0.4898783229291439,-0.08252251148223877,0.0372333,999,,,,,,,28.8,4.8,28.8,4.8,,,,,,,,,,,,,,,,,,,"Michael Helman","24605",680737
"Buddy Kennedy","PHI",3,14,12,3,2,1,0,0,2,1,1,0,3,0,0,0,,0,0,0.235645,0.10398,0.221485,0.469466,0.323293,0.361999,0.304041,0.685292,0.126353,4.05873,0.290802,-0.00396415,-0.0234722,1.56853,-0.0691596,93.7177,-0.0274364,-0.0260268,-0.13260994851589203,0.02397320419549942,0.036955,999,,,,,,,10.7,3.566666666,10.7,3.566666666,,,,,,,,,,,,,,,,,,,"Buddy Kennedy","22505",671083
"Jorbit Vivas","NYY",3,14,12,3,2,1,0,0,2,1,1,0,2,0,0,0,,0,0,0.222074,0.0910333,0.170773,0.533065,0.310945,0.33121,0.288871,0.642155,0.109136,5.24954,0.255518,-0.000552181,-0.00103846,1.39759,-0.2401,86.9821,-0.00159064,0.0480508,-0.21012336353305727,0.09805084764957428,0.0367004,999,,,,,,,10.7,3.566666666,10.7,3.566666666,,,,,,,,,,,,,,,,,,,"Jorbit Vivas","sa3005511",678391
"Alexander Canario","NYM",8,35,32,7,4,1,0,1,4,4,3,0,12,0,0,0,,1,0,0.209899,0.0775214,0.333549,0.232413,0.276941,0.387896,0.289883,0.664837,0.177997,4.45748,0.279703,-0.0167473,-0.013785,3.52249,-0.571743,88.2913,-0.0305323,-0.119935,-0.5205786284059286,-0.29493536055088043,0.0362126,749.9299926757812,,,,,,,30.4,3.8,30.4,3.8,,,,,,,,,,,,,,,,,,,"Alexander Canario","22842",672744
"Travis Bazzana","CLE",24,105,95,19,13,4,0,2,11,10,8,0,31,2,0,0,,2,0,0.19949,0.0788515,0.296701,0.265761,0.273901,0.300745,0.258826,0.574646,0.101255,4.32328,0.274097,-0.00480384,-0.0140282,7.94283,-4.33987,67.0974,-0.018832,0.430088,-3.971812779083848,0.8050884902477264,0.0350102,999,,,,,,,75.6,3.15,75.6,3.15,,,,,,,,,,,,,,,,,,,"Travis Bazzana","sa3025129",683953
"Joshua Palacios","PIT",3,14,13,3,2,1,0,0,2,2,1,0,3,0,0,0,,0,0,0.258967,0.0749729,0.212466,0.35287,0.322845,0.408504,0.319126,0.731349,0.149537,4.82468,0.310079,-0.000959691,-0.0122673,1.73851,0.100816,101.874,-0.013227,-0.00109256,0.018138771876692772,-0.15109256620053202,0.0344436,999,,,,,,,9.7,3.233333333,9.7,3.233333333,,,,,,,,,,,,,,,,,,,"Joshua Palacios","19818",641943
"Livan Soto","BAL",3,14,12,3,2,1,0,0,1,1,1,0,3,0,0,0,,0,0,0.234766,0.091123,0.222649,0.409267,0.309228,0.321404,0.282356,0.630633,0.0866385,3.61236,0.297579,0.00125744,-0.0290418,1.32418,-0.313513,85.0298,-0.0277844,0.0336374,-0.26759085431694984,0.1336374431848526,0.0344406,999,,,,,,,10.7,3.566666666,10.7,3.566666666,,,,,,,,,,,,,,,,,,,"Livan Soto","22471",670869
"Ryan Kreidler","DET",5,21,19,4,2,1,0,0,2,2,2,0,6,0,0,0,,1,0,0.198097,0.0932618,0.30813,0.302671,0.283305,0.319338,0.270517,0.602642,0.121241,5.51229,0.271721,0.00498213,0.0152842,1.78616,-0.670378,75.2683,0.0202663,0.0275655,-0.5739968251436949,0.20256547071039677,0.0340519,999,,,,,,,14.2,2.84,14.2,2.84,,,,,,,,,,,,,,,,,,,"Ryan Kreidler","25867",668952
"Enmanuel Valdez","PIT",3,14,13,3,2,1,0,0,2,2,1,0,3,0,0,0,,0,0,0.233954,0.0859441,0.236982,0.362661,0.302446,0.398599,0.305349,0.701045,0.164644,3.56989,0.279274,-0.00202415,-0.0182232,1.58327,-0.054428,92.6004,-0.0202474,-0.0498407,-0.14412560313940048,0.00015929341316223145,0.0333063,999,,,,,,,9.7,3.233333333,9.7,3.233333333,,,,,,,,,,,,,,,,,,,"Enmanuel Valdez","21716",665839
"Jonathan Ornelas","TEX",6,28,26,6,4,1,0,0,3,2,2,0,7,0,0,0,,0,0,0.228364,0.068771,0.265174,0.259343,0.289262,0.315339,0.269205,0.604601,0.086975,4.80219,0.306671,-0.00254578,-0.0256925,2.352,-0.923388,73.1726,-0.0282382,0.0708059,-0.8877313118427992,0.2708059102296829,0.0328353,999,,,,,,,16.5,2.75,16.5,2.75,,,,,,,,,,,,,,,,,,,"Jonathan Ornelas","24597",680716
"Luke Ritter","NYM",3,14,12,2,2,0,0,0,1,2,1,0,5,0,0,0,,0,0,0.195266,0.0971554,0.36077,0.2693,0.286515,0.339009,0.279423,0.625524,0.143743,3.51229,0.286714,-0.00302022,-0.0236127,1.29113,-0.346562,81.251,-0.026633,0.113802,-0.34051605500280857,0.1638016514480114,0.0299241,999,,,,,,,2.2,0.733333333,2.2,0.733333333,,,,,,,,,,,,,,,,,,,"Luke Ritter","sa3009878",682239
"Mitch Haniger",,39,168,151,34,22,6,0,6,19,20,14,0,48,2,1,0,,0,0,0.22404,0.0851508,0.284278,0.299534,0.296801,0.380929,0.297645,0.67773,0.156889,2.23996,0.284638,-0.134659,-0.282245,17.9574,-1.69487,91.4334,-0.416904,-0.415885,-2.100766807794571,-3.215885192155838,0.0296069,675.739990234375,,,,,,,161.2,4.133333333,161.2,4.133333333,,,,,,,,,,,,,,,,,,,"Mitch Haniger","14274",571745
"Brandon Drury",,47,203,185,43,27,9,1,6,21,23,13,0,48,3,2,0,,1,0,0.23046,0.0654872,0.237585,0.275636,0.289373,0.380977,0.292927,0.67035,0.150517,3.08185,0.276858,-0.282821,-0.362658,20.9279,-2.81869,88.1884,-0.645478,-0.462885,-3.450867235660553,-3.037884920835495,0.0291172,607.75,,,,,,,193.9,4.125531914,193.9,4.125531914,,,,,,,,,,,,,,,,,,,"Brandon Drury","11615",592273
"César Salazar","HOU",2,6,6,1,1,0,0,0,1,1,1,0,1,0,0,0,,0,0,0.216259,0.0865545,0.200882,0.430873,0.30649,0.337313,0.287761,0.643803,0.121054,3.73956,0.255279,-0.000732459,-0.00972633,0.633181,-0.115479,87.7527,-0.0104588,0.0076894,-0.10014503356069326,0.1326894024387002,0.0289689,999,,,,,,,2.6,1.3,2.6,1.3,,,,,,,,,,,,,,,,,,,"Cesar Salazar","21587",663967
"Nick Sogard","BOS",3,14,12,3,2,1,0,0,2,1,1,0,3,0,0,0,,0,0,0.241761,0.101581,0.223291,0.454926,0.322749,0.345993,0.297949,0.668742,0.104233,4.4991,0.305665,-0.00221201,-0.0158768,1.49989,-0.137806,87.5787,-0.0180888,-0.0810683,-0.21706506982445717,0.018931716680526733,0.0278122,999,,,,,,,10.7,3.566666666,10.7,3.566666666,,,,,,,,,,,,,,,,,,,"Nick Sogard","25483",686765
"Reese McGuire","CHC",3,13,12,3,2,1,0,0,1,1,1,0,3,0,0,0,,0,0,0.218653,0.0640301,0.258701,0.247506,0.274512,0.310723,0.26026,0.585235,0.09207,3.73305,0.286981,-0.0117725,-0.00437066,0.983047,-0.514273,67.3852,-0.0161432,0.0505642,-0.5153561607003212,0.3005641922354698,0.02745,999,,,,,,,10.7,3.566666666,10.7,3.566666666,,,,,,,,,,,,,,,,,,,"Reese McGuire","15674",624512
"Trey Lipscomb","WSN",6,28,26,6,5,1,0,0,3,3,2,0,6,0,0,0,,1,0,0.243682,0.0549491,0.199437,0.275522,0.289344,0.338652,0.276983,0.627997,0.0949702,4.61643,0.294332,-0.0029859,-0.00307457,2.52728,-0.748109,76.4589,-0.00606046,0.0234666,-0.794278068933636,0.12346662767231464,0.0270697,746.9000244140625,,,,,,,18.4,3.066666666,18.4,3.066666666,,,,,,,,,,,,,,,,,,,"Trey Lipscomb","31567",702358
"Brewer Hicklen","MIL",3,14,12,3,1,1,0,0,2,2,1,0,5,0,0,0,,1,0,0.203288,0.0908643,0.357206,0.254375,0.292878,0.369465,0.291101,0.662343,0.166177,6.91876,0.295118,-0.00527577,0.0614068,1.42272,-0.214968,85.2256,0.056131,-0.0632532,-0.1912110485136509,-0.013253193348646164,0.0270582,999,,,,,,,12.6,4.2,12.6,4.2,,,,,,,,,,,,,,,,,,,"Brewer Hicklen","20450",676551
"Omar Narváez","CHW",5,19,17,4,3,1,0,0,2,2,2,0,4,0,0,0,,0,0,0.218132,0.0898537,0.203061,0.442496,0.293142,0.322256,0.274283,0.615398,0.104124,2.99669,0.260994,-0.0152604,-0.0292746,1.69126,-0.554715,76.2156,-0.0445349,-0.143246,-0.5670494921505451,0.23175352811813354,0.0245503,999,,,,,,,14.3,2.86,14.3,2.86,,,,,,,,,,,,,,,,,,,"Omar Narvaez","13338",553882
"Matthew Lugo","LAA",6,28,26,6,4,1,0,1,3,3,2,0,8,0,0,0,,1,0,0.230848,0.0601574,0.268424,0.224114,0.286239,0.385075,0.291952,0.671313,0.154226,5.51592,0.293088,-0.0012334,0.000166316,2.86461,-0.410777,87.3834,-0.00106709,0.00675,-0.40527625277172774,-0.2932500117458403,0.0244077,749.1699829101562,,,,,,,27.8,4.633333333,27.8,4.633333333,,,,,,,,,,,,,,,,,,,"Matthew Lugo","sa1169598",683090
"Sam Haggerty","TEX",2,7,6,1,1,0,0,0,1,1,1,0,2,0,0,0,,0,0,0.239716,0.0832552,0.236513,0.352011,0.311821,0.355861,0.294955,0.667681,0.116145,6.64747,0.305768,0,0.0355441,0.733073,-0.0857736,91.2853,0.0355441,0.0103878,-0.034255772829055786,0.035387772135436535,0.0242544,999,,,,,,,2.6,1.3,2.6,1.3,,,,,,,,,,,,,,,,,,,"Sam Haggerty","18054",664059
"DJ Stewart","PIT",31,133,115,25,16,4,0,4,14,14,15,0,36,3,1,0,,1,0,0.215097,0.111573,0.270683,0.41219,0.316985,0.367454,0.305014,0.684439,0.152357,3.78134,0.272535,-0.0797827,-0.136623,15.0052,-0.552922,92.375,-0.216406,-0.70114,-1.4291042387485504,-2.776139557361603,0.0233525,743.3200073242188,,,,,,,130.1,4.196774193,130.1,4.196774193,,,,,,,,,,,,,,,,,,,"DJ Stewart","17766",621466
"Brian O'Keefe","KCR",2,6,6,1,1,0,0,0,1,1,1,0,2,0,0,0,,0,0,0.227285,0.082366,0.254672,0.32342,0.293752,0.39664,0.301187,0.690392,0.169355,3.22315,0.276464,-0.0022325,-0.0108296,0.702338,-0.0463216,91.1828,-0.0130621,-0.0296047,-0.07763027586042881,0.09539526700973511,0.0228073,999,,,,,,,2.6,1.3,2.6,1.3,,,,,,,,,,,,,,,,,,,"Brian O'Keefe","16680",657247
"Cavan Biggio","KCR",3,14,12,3,2,1,0,0,2,1,2,0,4,0,0,0,,0,0,0.211538,0.121463,0.270558,0.448936,0.321613,0.33068,0.295649,0.652293,0.119143,4.13787,0.283345,0.00075739,-0.0168202,1.47397,-0.163724,87.2876,-0.0160628,-0.0802009,-0.21970161981880665,-0.03020092472434044,0.0224656,750.9600219726562,,,,,,,13.7,4.566666666,13.7,4.566666666,,,,,,,,,,,,,,,,,,,"Cavan Biggio","19252",624415
"Tristan Gray","CHW",3,14,13,3,2,1,0,0,1,2,1,0,4,0,0,0,,0,0,0.211386,0.0647133,0.311291,0.207887,0.269171,0.373204,0.280113,0.642375,0.161819,3.35266,0.276905,-0.00555054,-0.0217892,1.29891,-0.338784,80.3167,-0.0273398,-0.0183208,-0.3426448293030262,0.08167918957769871,0.021323,999,,,,,,,9.7,3.233333333,9.7,3.233333333,,,,,,,,,,,,,,,,,,,"Tristan Gray","19877",656484
"Tim Tawa","ARI",3,14,13,3,2,1,0,0,1,2,1,0,4,0,0,0,,0,0,0.226813,0.0700457,0.250129,0.280039,0.285547,0.362682,0.284552,0.648229,0.135869,4.14535,0.282066,-0.00183471,-0.0189804,1.34893,-0.288766,79.5549,-0.0208151,0.0493594,-0.36309296265244484,0.09935937821865082,0.020937,999,,,,,,,9.7,3.233333333,9.7,3.233333333,,,,,,,,,,,,,,,,,,,"Tim Tawa","sa3016970",694374
"Darren Baker","WSN",6,28,26,7,5,1,0,0,3,2,2,0,6,0,0,0,,1,0,0.254953,0.0647415,0.199569,0.324407,0.303951,0.316366,0.275654,0.620318,0.0614137,5.32659,0.319661,-0.00453841,0.0492234,2.49733,-0.778054,75.5646,0.044685,0.0416083,-0.7734776847064495,0.04160831496119499,0.0207638,999,,,,,,,24,4,24,4,,,,,,,,,,,,,,,,,,,"Darren Baker","29912",671117
"Pedro León","HOU",3,14,13,3,2,1,0,0,2,2,1,0,5,0,0,0,,1,0,0.214574,0.0756634,0.323053,0.234214,0.288832,0.367287,0.288699,0.656119,0.152712,5.8105,0.296746,-0.00741825,-0.00286361,1.39566,-0.242034,88.4129,-0.0102819,-0.0229061,-0.19589482992887497,-0.07290615327656269,0.0205138,748.6900024414062,,,,,,,11.6,3.866666666,11.6,3.866666666,,,,,,,,,,,,,,,,,,,"Pedro Leon","27781",694175
"Hayden Senger","NYM",13,51,46,9,6,2,0,1,5,5,3,0,17,1,0,0,,0,0,0.196745,0.0651656,0.330906,0.196931,0.264785,0.29216,0.250352,0.556945,0.095415,3.7965,0.291946,-0.013087,-0.0872314,3.52386,-2.46541,61.6841,-0.100318,-0.063,-2.4462211206555367,0.936999998986721,0.0203132,999,,,,,,,31.6,2.43076923,31.6,2.43076923,,,,,,,,,,,,,,,,,,,"Hayden Senger","sa3007009",663584
"Tyler Wade","SDP",6,28,25,6,4,1,0,0,3,2,2,0,7,0,0,0,,2,0,0.225382,0.0804334,0.235709,0.341241,0.294651,0.298067,0.267502,0.592718,0.0726854,6.29546,0.295722,0.021564,0.0899383,2.3136,-0.961782,73.3903,0.111502,-0.108814,-0.7794587910175323,0.041185542941093445,0.0201024,999,,,,,,,21.3,3.55,21.3,3.55,,,,,,,,,,,,,,,,,,,"Tyler Wade","15730",642180
"Jason Delay","PIT",2,6,6,1,1,0,0,0,1,1,0,0,1,0,0,0,,0,0,0.233015,0.0660002,0.216196,0.30528,0.292004,0.323627,0.274031,0.615631,0.0906119,3.20299,0.293481,-0.00325587,-0.0111995,0.562456,-0.186204,71.5213,-0.0144554,0.016935,-0.23240760527551174,0.14193503931164742,0.0195792,999,,,,,,,-0.4,-0.2,-0.4,-0.2,,,,,,,,,,,,,,,,,,,"Jason Delay","19806",641511
"Oscar Gonzalez","SDP",3,14,13,3,2,1,0,0,2,2,1,0,3,0,0,0,,0,0,0.252363,0.0389285,0.234337,0.166121,0.285235,0.412986,0.300281,0.698221,0.160624,4.11709,0.302068,-0.000441865,-0.00896422,1.52616,-0.11153,95.4532,-0.00940609,-0.0430826,-0.08552578371018171,-0.1930825561285019,0.0194008,750.6300048828125,,,,,,,9.7,3.233333333,9.7,3.233333333,,,,,,,,,,,,,,,,,,,"Oscar Gonzalez","20970",660757
"Ildemaro Vargas","ARI",2,7,6,2,1,0,0,0,1,1,0,0,1,0,0,0,,0,0,0.257182,0.0609998,0.114987,0.530492,0.305846,0.362725,0.293485,0.668571,0.105543,4.75321,0.280807,-0.00278338,-0.00389037,0.724791,-0.0940557,85.5672,-0.00667375,0.0550675,-0.1274855532683432,0.08006745763123035,0.0191902,999,,,,,,,5.2,2.6,5.2,2.6,,,,,,,,,,,,,,,,,,,"Ildemaro Vargas","13324",545121
"Jahmai Jones","DET",2,7,6,1,1,0,0,0,1,1,1,0,2,0,0,0,,0,0,0.227323,0.101957,0.262889,0.387834,0.318031,0.371676,0.306019,0.689707,0.144353,5.74524,0.296599,-0.00176997,-0.0000222415,0.795408,-0.023439,100.241,-0.00179221,0.0212829,0.00014057767111808062,-0.05371706560254097,0.0186042,750.3900146484375,,,,,,,2.6,1.3,2.6,1.3,,,,,,,,,,,,,,,,,,,"Jahmai Jones","18872",663330
"Greg Jones","COL",5,21,19,4,3,1,0,1,3,2,1,0,8,0,0,0,,1,0,0.234653,0.0668271,0.371288,0.179987,0.295299,0.377066,0.294861,0.672365,0.142414,7.34456,0.361578,-0.0036506,0.12989,2.19763,-0.258909,75.0231,0.12624,0.00276335,-0.5009795725345612,-0.022236647782847285,0.0182256,999,,,,,,,20.6,4.12,20.6,4.12,,,,,,,,,,,,,,,,,,,"Greg Jones","25448",675659
"Bryce Eldridge","SFG",19,84,76,18,12,4,0,3,9,10,7,0,25,1,1,0,,1,0,0.237966,0.0775148,0.294602,0.263117,0.301207,0.393792,0.301551,0.694999,0.155826,3.90972,0.314892,-0.0111986,-0.0712978,9.24282,-0.58334,94.5979,-0.0824964,-0.250967,-0.6251210123300552,-2.0009672045707703,0.0178324,999,,,,,,,90.5,4.763157894,90.5,4.763157894,,,,,,,,,,,,,,,,,,,"Bryce Eldridge","sa3022757",805811
"Jakob Marsee","MIA",3,14,12,2,2,0,0,0,2,1,2,0,3,0,0,0,,1,0,0.204777,0.116177,0.243368,0.47737,0.310037,0.310931,0.282805,0.620968,0.106154,6.35075,0.264223,-0.000600935,0.0376083,1.32924,-0.308453,77.3916,0.0370073,-0.00253125,-0.341486144810915,0.04746875073760748,0.0178093,999,,,,,,,7.1,2.366666666,7.1,2.366666666,,,,,,,,,,,,,,,,,,,"Jakob Marsee","sa3019868",805300
"David Bañuelos","BAL",2,6,6,1,1,0,0,0,1,1,0,0,2,0,0,0,,0,0,0.201012,0.0763095,0.3558,0.214473,0.271157,0.332706,0.268046,0.603863,0.131695,4.51914,0.296691,-0.0015165,-0.00398603,0.531629,-0.217031,74.9641,-0.00550253,0.0212143,-0.18883890938013792,0.14621428586542606,0.0176664,999,,,,,,,-0.4,-0.2,-0.4,-0.2,,,,,,,,,,,,,,,,,,,"David Banuelos","23250",675915
"Marco Luciano","SFG",13,56,49,11,7,2,0,1,6,5,6,0,17,0,0,0,,0,0,0.220566,0.103123,0.296175,0.348183,0.304295,0.344398,0.288659,0.648693,0.123832,3.68506,0.30257,0.00913072,-0.0975395,5.5808,-0.96997,85.9207,-0.0884088,-0.17381,-1.0312346741557121,-0.673809602856636,0.0166061,725.8800048828125,,,,,,,45.8,3.523076923,45.8,3.523076923,,,,,,,,,,,,,,,,,,,"Marco Luciano","25616",682617
"Steward Berroa","TOR",3,14,12,3,2,1,0,0,2,1,1,0,4,0,0,0,,1,0,0.221088,0.0940316,0.287989,0.326511,0.299774,0.343088,0.285963,0.642862,0.122,7.28821,0.302969,-0.00046641,0.0627575,1.36483,-0.272867,86.2909,0.0622911,-0.00322067,-0.15731333941221237,-0.15322067099623382,0.0162037,999,,,,,,,12.6,4.2,12.6,4.2,,,,,,,,,,,,,,,,,,,"Steward Berroa","22766",672642
"Gustavo Campero","LAA",2,7,6,2,1,0,0,0,1,1,0,0,1,0,0,0,,0,0,0.243048,0.0691933,0.209631,0.330071,0.316741,0.397173,0.312739,0.713914,0.154124,6.49474,0.287061,-0.000905569,0.0107653,0.833271,0.0144245,102.006,0.00985972,-0.029009,0.02592623233795166,-0.10400901734828949,0.0160733,749.3300170898438,,,,,,,5.2,2.6,5.2,2.6,,,,,,,,,,,,,,,,,,,"Gustavo Campero","22707",672569
"Jorge Barrosa","ARI",2,7,6,1,1,0,0,0,1,1,1,0,1,0,0,0,,0,0,0.233422,0.0854166,0.204822,0.417029,0.305076,0.351178,0.290999,0.656254,0.117756,5.3285,0.28363,-0.000687284,-0.00765183,0.710786,-0.108061,83.8941,-0.00833911,0.0343125,-0.1431560441851616,0.05931250564754009,0.0154282,999,,,,,,,2.6,1.3,2.6,1.3,,,,,,,,,,,,,,,,,,,"Jorge Barrosa","23968",678489
"Owen Miller","COL",2,7,6,2,1,0,0,0,1,1,0,0,1,0,0,0,,0,0,0.263537,0.0633399,0.197303,0.321029,0.316883,0.388827,0.308579,0.705709,0.12529,4.66966,0.315326,0.000293259,-0.00480457,0.809831,-0.00901554,84.2562,-0.00451131,0.0253586,-0.1362968417815864,0.05035861395299435,0.0152119,999,,,,,,,5.2,2.6,5.2,2.6,,,,,,,,,,,,,,,,,,,"Owen Miller","24655",680911
"Ronny Simon","MIA",3,14,13,3,2,1,0,0,2,1,1,0,3,0,0,0,,0,0,0.23718,0.069632,0.213847,0.325616,0.295175,0.356639,0.286838,0.651813,0.119459,5.23508,0.288751,-0.00125037,-0.0055599,1.37469,-0.263007,80.1062,-0.00681026,-0.0316098,-0.3398579228669405,0.018390242010354996,0.0149743,999,,,,,,,9.7,3.233333333,9.7,3.233333333,,,,,,,,,,,,,,,,,,,"Ronny Simon","sa3008365",682927
"Nelson Velázquez","KCR",2,7,6,1,1,0,0,0,1,1,1,0,2,0,0,0,,0,0,0.23064,0.0873918,0.274253,0.318654,0.304331,0.413686,0.311861,0.718017,0.183046,4.52096,0.286346,0.00244831,-0.00687673,0.82832,0.00947378,98.6911,-0.00442842,0.000569754,-0.014911812264472246,-0.07443024916574359,0.0149104,748.75,,,,,,,2.6,1.3,2.6,1.3,,,,,,,,,,,,,,,,,,,"Nelson Velazquez","23359",676369
"Garrett Stubbs","PHI",5,19,17,4,3,1,0,0,2,2,2,0,5,0,0,0,,0,0,0.211055,0.0959804,0.255174,0.376138,0.295713,0.305099,0.271622,0.600812,0.0940448,5.44419,0.277668,0.000627667,0.0161051,1.65015,-0.595829,71.8975,0.0167328,-0.113314,-0.6284870598465204,0.26168593764305115,0.0143741,999,,,,,,,14.3,2.86,14.3,2.86,,,,,,,,,,,,,,,,,,,"Garrett Stubbs","18067",596117
"Jake Bauers","MIL",24,105,92,19,11,3,0,4,12,12,12,0,35,1,1,0,,3,1,0.202944,0.111096,0.333015,0.333606,0.297639,0.377855,0.297444,0.675493,0.174911,5.16671,0.27466,-0.111739,0.10641,11.2064,-1.07626,89.4945,-0.00532928,-0.159922,-1.324399019125849,-2.0349217355251312,0.014368,727.6699829101562,,,,,,,102.6,4.275,102.6,4.275,,,,,,,,,,,,,,,,,,,"Jake Bauers","15194",641343
"Seby Zavala","BOS",2,6,6,1,1,0,0,0,1,1,1,0,2,0,0,0,,0,0,0.199353,0.0823338,0.36032,0.228502,0.275167,0.331968,0.269705,0.607135,0.132614,2.73204,0.29833,-0.00554467,-0.0129376,0.540173,-0.208486,67.7111,-0.0184823,-0.00907536,-0.2549320422112942,0.11592463590204716,0.0142648,999,,,,,,,2.6,1.3,2.6,1.3,,,,,,,,,,,,,,,,,,,"Seby Zavala","18887",664874
"Heriberto Hernandez","MIA",5,21,18,4,2,1,0,1,2,2,2,0,7,0,0,0,,0,0,0.217741,0.100842,0.312217,0.322986,0.304469,0.380418,0.301157,0.684887,0.162678,3.77232,0.294818,-0.0018797,-0.0252028,2.30405,-0.152491,89.7439,-0.0270825,-0.0634865,-0.28463417291641235,-0.2884864807128906,0.0130716,999,,,,,,,22.7,4.54,22.7,4.54,,,,,,,,,,,,,,,,,,,"Heriberto Hernandez","sa3005630",681715
"Justin Foscue","TEX",2,7,6,1,1,0,0,0,1,1,1,0,1,0,0,0,,0,0,0.225333,0.100031,0.207874,0.481211,0.315222,0.382574,0.308461,0.697796,0.157241,4.06881,0.2621,-0.000604585,-0.0132514,0.809165,-0.00968119,100.786,-0.013856,0.00221359,-0.007563510909676552,-0.12278641294687986,0.0106752,999,,,,,,,2.6,1.3,2.6,1.3,,,,,,,,,,,,,,,,,,,"Justin Foscue","27501",679822
"Osleivis Basabe","SFG",2,7,6,2,1,0,0,0,1,1,0,0,1,0,0,0,,0,0,0.249336,0.0561724,0.170361,0.329725,0.297069,0.343183,0.282217,0.640252,0.0938469,4.91671,0.293815,0.00128604,-0.00882073,0.661306,-0.15754,81.5848,-0.00753469,0.00287104,-0.1616818532347679,0.0278710403945297,0.0102677,999,,,,,,,5.2,2.6,5.2,2.6,,,,,,,,,,,,,,,,,,,"Osleivis Basabe","23985",678545
"Chuckie Robinson","LAA",2,6,6,1,1,0,0,0,1,1,0,0,2,0,0,0,,0,0,0.217602,0.0561938,0.263304,0.213418,0.269929,0.321885,0.261703,0.591814,0.104283,3.23239,0.279315,-0.00176598,-0.0151054,0.498954,-0.249705,66.1059,-0.0168713,0.00718855,-0.2650754991918802,0.13218854693695903,0.010007,999,,,,,,,-0.4,-0.2,-0.4,-0.2,,,,,,,,,,,,,,,,,,,"Chuckie Robinson","19824",642020
"Dom Nuñez","CLE",3,13,11,2,1,0,0,0,1,1,1,0,4,0,0,0,,0,0,0.178058,0.114159,0.329701,0.346251,0.276849,0.285216,0.255618,0.562065,0.107158,4.06333,0.262377,-0.00176077,-0.0135199,0.935219,-0.5621,64.8409,-0.0152807,-0.0533012,-0.5302170133218169,0.19669881090521812,0.00942714,999,,,,,,,3.2,1.066666666,3.2,1.066666666,,,,,,,,,,,,,,,,,,,"Dom Nunez","15055",624513
"Luke Williams","ATL",2,7,6,1,1,0,0,0,1,1,1,0,2,0,0,0,,0,0,0.22628,0.0748239,0.28382,0.263631,0.287924,0.344512,0.279054,0.632436,0.118232,5.92813,0.303585,-0.0021337,0.0178602,0.64349,-0.175357,76.2964,0.0157265,0.0135066,-0.18268777802586555,0.03850661590695381,0.0091967,999,,,,,,,2.6,1.3,2.6,1.3,,,,,,,,,,,,,,,,,,,"Luke Williams","19931",663897
"Braden Shewmake","NYY",2,7,7,1,1,0,0,0,1,1,0,0,1,0,0,0,,0,0,0.220482,0.0490463,0.208318,0.23544,0.263731,0.357147,0.270329,0.620878,0.136665,5.9923,0.256325,-0.000237651,0.0147145,0.59433,-0.224516,73.9393,0.0144769,0.022254,-0.19425560161471367,0.04725396819412708,0.00895549,999,,,,,,,-1.4,-0.7,-1.4,-0.7,,,,,,,,,,,,,,,,,,,"Braden Shewmake","25817",669699
"Mason McCoy","SDP",2,7,6,1,1,0,0,0,1,1,1,0,2,0,0,0,,0,0,0.2023,0.0736164,0.316135,0.232864,0.2646,0.30982,0.255065,0.574421,0.10752,5.84331,0.288785,0.000330736,0.00860419,0.508335,-0.310511,65.0199,0.00893493,0.0614268,-0.283871129155159,0.13642682135105133,0.00885969,999,,,,,,,2.6,1.3,2.6,1.3,,,,,,,,,,,,,,,,,,,"Mason McCoy","22232",669200
"Petey Halpin","CLE",2,7,6,1,1,0,0,0,1,1,1,0,2,0,0,0,,0,0,0.221409,0.0753768,0.269766,0.279416,0.283175,0.340804,0.275548,0.623979,0.119394,5.03241,0.290355,0,-0.00759408,0.623735,-0.195111,78.8602,-0.00759408,-0.00545192,-0.1769124548882246,0.01954807760193944,0.00788525,999,,,,,,,2.6,1.3,2.6,1.3,,,,,,,,,,,,,,,,,,,"Petey Halpin","sa3014461",690984
"Blake Hunt","SEA",2,6,6,1,1,0,0,0,1,1,0,0,2,0,0,0,,0,0,0.199064,0.053573,0.284883,0.188052,0.253157,0.32092,0.253267,0.574076,0.121856,3.72959,0.260013,-0.000847158,-0.0054148,0.4555,-0.29316,68.3233,-0.00626196,-0.0251757,-0.23822824703529477,0.09982432425022125,0.00777452,999,,,,,,,-0.4,-0.2,-0.4,-0.2,,,,,,,,,,,,,,,,,,,"Blake Hunt","sa3004153",675448
"Kyren Paris","LAA",15,63,56,11,7,2,0,1,7,6,6,0,22,1,0,0,,2,0,0.194769,0.0975828,0.342706,0.284742,0.281118,0.309654,0.265993,0.590772,0.114885,6.28289,0.289965,-0.00636682,0.187752,5.1291,-2.24052,69.1235,0.181385,-0.262944,-2.0443534702062607,0.012055754661560059,0.00734628,743.3300170898438,,,,,,,45.6,3.04,45.6,3.04,,,,,,,,,,,,,,,,,,,"Kyren Paris","26420",677347
"Niko Kavadas","LAA",2,7,6,1,1,0,0,0,1,1,1,0,3,0,0,0,,0,0,0.197078,0.124755,0.390632,0.319366,0.310366,0.369035,0.302857,0.679401,0.171957,2.45334,0.30497,-0.00141422,-0.0133291,0.777591,-0.0412554,95.0542,-0.0147433,0.0148974,-0.054356698878109455,-0.11010263208299875,0.0071525,750.8800048828125,,,,,,,2.6,1.3,2.6,1.3,,,,,,,,,,,,,,,,,,,"Niko Kavadas","29782",694359
"Jon Singleton","HOU",2,7,6,1,1,0,0,0,1,1,1,0,2,0,0,0,,0,0,0.211591,0.129127,0.283719,0.455123,0.313349,0.372009,0.303392,0.685358,0.160419,2.84056,0.270732,-0.00952082,-0.0108691,0.78061,-0.0382361,98.7483,-0.0203899,-0.0141704,-0.03041562158614397,-0.13917042035609484,0.00662303,723.9000244140625,,,,,,,2.6,1.3,2.6,1.3,,,,,,,,,,,,,,,,,,,"Jon Singleton","10441",572138
"Jose Barrero","STL",5,21,19,4,3,1,0,1,2,2,1,0,7,0,0,0,,1,0,0.204375,0.0586253,0.337227,0.173845,0.265538,0.338736,0.26643,0.604274,0.13436,5.95114,0.288939,0.00439966,0.0313663,1.71709,-0.739445,70.4602,0.035766,-0.0568146,-0.7060359753668308,0.06818544864654541,0.00638644,750.1699829101562,,,,,,,20.6,4.12,20.6,4.12,,,,,,,,,,,,,,,,,,,"Jose Barrero","23378",676480
"Dustin Harris","TEX",5,21,19,4,3,1,0,0,2,2,2,0,5,0,0,0,,1,0,0.233089,0.0864665,0.25098,0.344515,0.307079,0.362882,0.294601,0.669961,0.129793,5.75594,0.29619,-0.00171471,0.0368192,2.19324,-0.263303,91.0364,0.0351044,-0.13608,-0.18027769029140472,-0.46107998490333557,0.00617449,749.030029296875,,,,,,,14.2,2.84,14.2,2.84,,,,,,,,,,,,,,,,,,,"Dustin Harris","25705",687957
"Marcus Mastrobuoni",,2,7,6,1,1,0,0,0,1,1,1,0,2,0,0,0,,0,0,0.216648,0.077481,0.258576,0.299645,0.284944,0.342505,0.277306,0.627449,0.125856,4.66625,0.275253,0,-0.00163102,0.633639,-0.185207,85.2329,-0.00163102,0,-0.11990779743064195,-0.07500000298023224,0.00400785,999,,,,,,,2.6,1.3,2.6,1.3,,,,,,,,,,,,,,,,,,,"Marcus Mastrobuoni","sa857732",664678
"Tyler Callihan","CIN",2,7,6,1,1,0,0,0,1,1,0,0,2,0,0,0,,0,0,0.225988,0.068946,0.281704,0.244746,0.284728,0.344447,0.277564,0.629175,0.118458,5.31827,0.303267,-0.000537899,0.00837719,0.635095,-0.183751,70.0119,0.00783929,0.0204545,-0.2431803047657013,0.04545454494655132,0.00366673,999,,,,,,,-0.4,-0.2,-0.4,-0.2,,,,,,,,,,,,,,,,,,,"Tyler Callihan","sa1169610",682997
"Trayce Thompson","BOS",3,14,13,3,1,1,0,1,1,2,1,0,5,0,0,0,,0,0,0.206315,0.0914764,0.347236,0.263442,0.284103,0.381956,0.290937,0.666059,0.175641,4.18154,0.284891,-0.00247468,-0.00388675,1.42088,-0.216818,82.6463,-0.00636144,-0.0040456,-0.2843492729589343,-0.15404560836032033,0.00299855,748.5,,,,,,,19.1,6.366666666,19.1,6.366666666,,,,,,,,,,,,,,,,,,,"Trayce Thompson","9952",572204
"Gabriel Rincones Jr.","PHI",2,7,6,1,1,0,0,0,1,1,1,0,2,0,0,0,,0,0,0.215573,0.0796018,0.291473,0.273102,0.287113,0.359612,0.285356,0.646725,0.144039,5.71992,0.285845,-0.000249133,0.00588754,0.678993,-0.139854,81.1412,0.00563841,0.0137872,-0.15222222916781902,-0.06121276877820492,0.00204432,999,,,,,,,2.6,1.3,2.6,1.3,,,,,,,,,,,,,,,,,,,"Gabriel Rincones Jr.","sa3020758",687282
"Ernesto Martinez Jr.","MIL",3,14,13,3,2,1,0,0,1,2,1,0,3,0,0,0,,0,0,0.23218,0.0707965,0.244253,0.289849,0.297715,0.37202,0.29408,0.669735,0.13984,4.77474,0.288972,-0.00174521,-0.00265843,1.45628,-0.181409,87.2302,-0.00440363,0.0213962,-0.21818628581240773,-0.22860377468168736,0.00203133,999,,,,,,,9.7,3.233333333,9.7,3.233333333,,,,,,,,,,,,,,,,,,,"Ernesto Martinez Jr.","sa3003173",667803
"Grae Kessinger","ARI",3,14,13,3,2,1,0,0,2,1,1,0,4,0,0,0,,0,0,0.215925,0.0867812,0.258998,0.335065,0.289543,0.317416,0.27088,0.60696,0.101491,4.6147,0.282468,-0.00354887,-0.0181105,1.19487,-0.442825,70.3525,-0.0216593,0.0188375,-0.5179967675358057,0.06883750297129154,0.00178665,999,,,,,,,9.7,3.233333333,9.7,3.233333333,,,,,,,,,,,,,,,,,,,"Grae Kessinger","25813",666197
"Tucker Barnhart","TEX",2,6,6,1,1,0,0,0,1,0,1,0,2,0,0,0,,0,0,0.201148,0.0845346,0.280818,0.30103,0.274168,0.273407,0.248526,0.547575,0.0722588,3.14284,0.280735,-0.00374952,-0.00553002,0.431077,-0.317583,58.6262,-0.00927955,0.00229143,-0.31225761491805315,0.12729143048636615,0.00112627,999,,,,,,,2.6,1.3,2.6,1.3,,,,,,,,,,,,,,,,,,,"Tucker Barnhart","10200",571466
"Miguel Sanó",,5,21,19,4,2,1,0,1,2,3,2,0,7,0,0,0,,0,0,0.210149,0.0955232,0.355709,0.268543,0.293862,0.397678,0.30223,0.69154,0.187528,3.09779,0.291147,-0.0106543,-0.0235362,2.32218,-0.134355,94.5878,-0.0341905,0,-0.16717027872800827,-0.5249999761581421,0.000851555,999,,,,,,,21.7,4.34,21.7,4.34,,,,,,,,,,,,,,,,,,,"Miguel Sano","12164",593934
"Jakson Reetz","NYM",0,0,0,0,0,0,0,0,0,0,0,0,0,0,0,0,,0,0,0,0,0,0,0,0,0,0,0,0.142857,0,0,0,0,0,-100,0,0,0,0,0,999,,,,,,,0,,0,,,,,,,,,,,,,,,,,,,,"Jakson Reetz","17837",656883
"Garrett Cooper","ATL",2,7,6,1,1,0,0,0,1,1,1,0,2,0,0,0,,0,0,0.236585,0.0766565,0.292389,0.262173,0.303503,0.38061,0.300298,0.684113,0.144025,2.46429,0.316059,-0.0105732,-0.012024,0.763177,-0.0556696,90.5949,-0.0225973,-0.0112067,-0.10132446326315403,-0.13620669767260551,-0.000444281,750.6400146484375,,,,,,,2.6,1.3,2.6,1.3,,,,,,,,,,,,,,,,,,,"Garrett Cooper","15279",643265
"Darick Hall","PIT",3,14,13,3,2,1,0,0,1,2,1,0,3,0,0,0,,0,0,0.224558,0.0800981,0.248805,0.321931,0.291658,0.377928,0.292009,0.669586,0.153371,2.29606,0.27176,-0.00464203,-0.0241246,1.43295,-0.204741,83.6219,-0.0287666,0.0705392,-0.3029576279222965,-0.179460808634758,-0.00164828,746.2100219726562,,,,,,,9.7,3.233333333,9.7,3.233333333,,,,,,,,,,,,,,,,,,,"Darick Hall","19717",669742
"Gavin Sheets","SDP",68,294,266,63,41,13,0,8,27,32,24,1,63,2,2,0,,1,1,0.235781,0.0808495,0.215269,0.375574,0.301661,0.381366,0.298649,0.683027,0.145585,2.29211,0.277039,-0.382251,-0.52711,31.6633,-2.72823,94.3549,-0.90936,-0.57577,-2.8939772248268127,-6.925769805908203,-0.00249045,612.75,,,,,,,276.8,4.070588235,276.8,4.070588235,,,,,,,,,,,,,,,,,,,"Gavin Sheets","19901",657757
"Logan Davidson","ATH",6,28,26,6,4,1,0,1,3,3,2,0,9,0,0,0,,0,0,0.217995,0.0724206,0.323805,0.223655,0.279762,0.348221,0.275386,0.627983,0.130226,4.28295,0.307989,-0.00502309,-0.0330898,2.49128,-0.784109,81.4727,-0.0381129,0.157188,-0.6316869482398033,-0.3428118824958801,-0.00409408,999,,,,,,,25.9,4.316666666,25.9,4.316666666,,,,,,,,,,,,,,,,,,,"Logan Davidson","sa918676",669722
"Stone Garrett","WSN",2,7,6,1,1,0,0,0,1,1,1,0,2,0,0,0,,0,0,0.225003,0.0717459,0.308795,0.232341,0.286692,0.371264,0.287969,0.657956,0.146261,4.09,0.303183,0.000574986,-0.00733359,0.693712,-0.125134,83.8529,-0.0067586,0,-0.14192013582214713,-0.17499999701976776,-0.00864339,738.8200073242188,,,,,,,2.6,1.3,2.6,1.3,,,,,,,,,,,,,,,,,,,"Stone Garrett","19273",656448
"Blaze Alexander","ARI",29,126,113,26,18,5,1,2,13,13,9,0,39,2,1,0,,2,1,0.228437,0.0731749,0.313087,0.23372,0.298385,0.344341,0.285551,0.642726,0.115904,4.68366,0.326366,-0.00433526,-0.144779,12.2416,-2.49761,80.2271,-0.149115,0.131533,-3.1283353120088577,-1.1684671938419342,-0.0101908,749.030029296875,,,,,,,105.6,3.64137931,105.6,3.64137931,,,,,,,,,,,,,,,,,,,"Blaze Alexander","23789",677942
"Aledmys Díaz",,13,56,52,12,8,3,0,1,5,6,3,0,11,1,0,0,,0,0,0.22761,0.0549282,0.193893,0.283291,0.279627,0.34913,0.275354,0.628757,0.121519,2.47226,0.264595,-0.0769379,-0.0786884,4.98113,-1.56964,76.0996,-0.155626,-0.551344,-1.7215947657823563,-0.2513437271118164,-0.0108611,999,,,,,,,45.3,3.484615384,45.3,3.484615384,,,,,,,,,,,,,,,,,,,"Aledmys Diaz","15937",649557
"Christian Arroyo","PHI",3,14,13,3,2,1,0,0,1,1,1,0,3,0,0,0,,0,0,0.219914,0.0479908,0.244282,0.196456,0.266095,0.327938,0.261286,0.594033,0.108024,3.58748,0.277802,-0.00736122,-0.0269339,1.08676,-0.550933,64.9402,-0.0342951,0.0780599,-0.6212418787181377,-0.021940074861049652,-0.0182516,999,,,,,,,9.7,3.233333333,9.7,3.233333333,,,,,,,,,,,,,,,,,,,"Christian Arroyo","16434",624414
"Will Wilson","CLE",10,42,38,8,5,2,0,1,4,4,3,0,11,0,0,0,,0,0,0.203416,0.0697267,0.264739,0.263379,0.264943,0.303339,0.252952,0.568282,0.0999228,3.24393,0.264507,-0.00555244,-0.0634671,2.97858,-1.9345,62.9659,-0.0690195,-0.031211,-1.8487598598003387,0.2687890026718378,-0.0183509,999,,,,,,,31,3.1,31,3.1,,,,,,,,,,,,,,,,,,,"Will Wilson","sa3009871",669717
"Albert Almora Jr.","MIA",5,21,19,5,3,1,0,0,2,2,1,0,4,0,0,0,,0,0,0.242959,0.0561236,0.177662,0.3159,0.289835,0.345619,0.279624,0.635454,0.10266,4.30552,0.286878,-0.0135979,-0.0265361,1.94009,-0.516448,75.2505,-0.040134,-0.0959885,-0.6616422533988953,-0.2209884598851204,-0.0188939,999,,,,,,,14.9,2.98,14.9,2.98,,,,,,,,,,,,,,,,,,,"Albert Almora Jr.","14109",546991
"Zac Veen","COL",68,294,263,62,41,11,2,8,34,32,24,0,75,3,2,2,,13,3,0.236326,0.0823609,0.253486,0.324913,0.304356,0.382393,0.301128,0.686749,0.146067,6.4472,0.29718,0,0.792878,32.2497,-2.14184,79.241,0.792878,-0.229034,-6.505306005477905,-3.479034498333931,-0.0194893,999,,,,,,,300,4.411764705,300,4.411764705,,,,,,,,,,,,,,,,,,,"Zac Veen","sa3014516",691728
"Matt Duffy",,13,56,51,12,9,2,0,1,5,5,4,0,13,1,0,0,,0,0,0.233716,0.0701791,0.224289,0.312896,0.294964,0.311744,0.271802,0.606708,0.0780277,3.14777,0.29579,-0.0320723,-0.0897993,4.82103,-1.72974,73.656,-0.121872,-0.438235,-1.8479402884840965,-0.23823542892932892,-0.022556,999,,,,,,,46.4,3.569230769,46.4,3.569230769,,,,,,,,,,,,,,,,,,,"Matt Duffy","13836",622110
"Harold Castro","KCR",5,21,20,5,4,1,0,0,2,2,1,0,4,0,0,0,,0,0,0.257722,0.0418997,0.213543,0.196212,0.29155,0.349565,0.280321,0.641115,0.0918422,3.69336,0.320334,-0.0135403,-0.0246757,1.95188,-0.50466,76.5057,-0.038216,-0.011606,-0.6027475483715534,-0.33660595770925283,-0.0246018,999,,,,,,,13.9,2.78,13.9,2.78,,,,,,,,,,,,,,,,,,,"Harold Castro","14691",605612
"Trey Mancini","ARI",6,28,25,6,4,1,0,1,3,3,2,0,7,0,0,0,,0,0,0.230709,0.0779998,0.263178,0.296377,0.299259,0.367642,0.293066,0.666901,0.136933,3.36981,0.295327,-0.0621566,-0.038924,2.88972,-0.385664,85.2852,-0.101081,-0.0114311,-0.5937692299485207,-0.6114311162382364,-0.0281208,750.719970703125,,,,,,,26.9,4.483333333,26.9,4.483333333,,,,,,,,,,,,,,,,,,,"Trey Mancini","15149",641820
"Tim Elko","CHW",15,63,59,14,10,2,0,2,6,7,3,0,21,0,0,0,,0,0,0.239506,0.0487797,0.335282,0.145488,0.281199,0.380986,0.287557,0.662184,0.14148,2.96754,0.337461,-0.00857406,-0.103765,6.22256,-1.14706,85.5532,-0.112339,0.0697846,-1.1537422388792038,-1.3052153885364532,-0.0367182,999,,,,,,,53,3.533333333,53,3.533333333,,,,,,,,,,,,,,,,,,,"Tim Elko","sa3020188",671284
"Billy Hamilton",,3,14,13,2,2,1,0,0,1,1,1,0,5,0,0,0,,0,0,0.190641,0.0639987,0.333861,0.191693,0.24855,0.282474,0.237308,0.531024,0.091833,2.26785,0.280553,-0.0017234,-0.0349234,0.816582,-0.821111,49.9275,-0.0366468,-0.158553,-0.8568405844271183,-0.108553197234869,-0.0514788,999,,,,,,,4.1,1.366666666,4.1,1.366666666,,,,,,,,,,,,,,,,,,,"Billy Hamilton","10199",571740
"Kris Bryant","COL",118,511,453,111,74,23,1,14,58,57,45,1,124,10,2,0,,1,0,0.245812,0.0880545,0.242472,0.363154,0.326042,0.393366,0.316826,0.719408,0.147553,2.55863,0.305926,-0.0596741,-0.804417,62.5094,2.73364,89.8069,-0.864091,-0.0598672,-7.092657387256622,-10.634866997599602,-0.0724784,530.1900024414062,,,,,,,539.5,4.572033898,539.5,4.572033898,,,,,,,,,,,,,,,,,,,"Kris Bryant","15429",592178
"Robert Hassell III","WSN",36,154,139,31,23,5,1,2,15,13,12,0,40,1,1,0,,3,1,0.220583,0.0789795,0.260388,0.303315,0.286674,0.313274,0.267408,0.599948,0.0926906,4.68674,0.291664,0,-0.0182785,12.7132,-5.3014,70.0143,-0.0182785,-0.134491,-5.540275044739246,-0.5844905227422714,-0.102629,709.3099975585938,,,,,,,115.5,3.208333333,115.5,3.208333333,,,,,,,,,,,,,,,,,,,"Robert Hassell III","sa3014701",690987
"Jac Caglianone","KCR",15,63,59,12,8,3,0,1,6,6,3,0,15,1,0,0,,1,0,0.208747,0.0446776,0.243956,0.183138,0.254174,0.321397,0.251036,0.575571,0.112651,4.48841,0.262376,-0.00339712,-0.0114097,4.37068,-2.99894,55.9056,-0.0148069,-0.0324,-3.193363063968718,-1.5074000246822834,-0.268247,999,,,,,,,40.2,2.68,40.2,2.68,,,,,,,,,,,,,,,,,,,"Jac Caglianone","sa3025245",695506
"Martín Maldonado","SDP",29,115,104,18,12,3,0,3,10,11,8,0,40,1,1,1,,0,0,0.174035,0.0701067,0.34503,0.20319,0.240939,0.298291,0.240618,0.53923,0.124256,2.67527,0.241057,-0.329729,-0.122969,7.02618,-6.44969,55.2958,-0.452698,-1.30035,-6.611011862754822,0.9496505260467529,-0.325824,999,,,,,,,60.7,2.093103448,60.7,2.093103448,,,,,,,,,,,,,,,,,,,"Martin Maldonado","6887",455117