Name,Team,POS,ADP,IP,mW,mSV,mERA,mSO,mHLD,PTS,aPOS,Dollars,Adjusted,Cost,NameASCII,PlayerId,MLBAMID
"Tarik Skubal ","DET","SP",7.019999980926514,202,14.3707533424371,-4.07339261102802,25.940265828331416,16.0999782476058,-6.73817006320034,45.59943474414597,10.619999995417226,57.2194347395632,74.61615305166488,16,"Tarik Skubal","22267",669373
"Paul Skenes ","PIT","SP",9.649999618530273,191,12.5823929274432,-4.07339261102802,18.486894673173516,14.0495194795264,-6.73817006320034,34.30724440591484,10.619999995417226,45.92724440133207,60.25603551998336,20,"Paul Skenes","33677",694973
"Garrett Crochet ","BOS","SP",12.239999771118164,199,12.5823929274432,-4.07339261102802,14.005388132759968,15.9793630259541,-6.73817006320034,31.755581411928855,10.619999995417226,43.37558140734608,56.982243365804074,8,"Garrett Crochet","27463",676979
"Cristopher Sánchez ","PHI","SP",24.75,202,14.3707533424371,-4.07339261102802,6.805049133526581,11.1547541598852,-6.73817006320034,21.518993961620506,10.619999995417226,33.138993957037734,43.73998011627833,17,"Cristopher Sanchez","20778",650911
"Mason Miller ","SDP","RP",27.860000610351562,66,-3.51285080750227,15.3919928836906,13.80949227010866,-1.5098441135457,-4.73372106825381,19.4450691644974,10.619999995417226,31.06506915991463,41.0357062016661,7,"Mason Miller","31757",695243
"Bryan Woo ","SEA","SP",34.77000045776367,197,12.5823929274432,-4.07339261102802,5.558156420460941,11.3959846031886,-6.73817006320034,18.724971276864373,10.619999995417226,30.344971272281597,40.09504083144244,18,"Bryan Woo","30279",693433
"Chris Sale ","ATL","SP",39.36000061035156,162,9.00567209745531,-4.07339261102802,8.605425395035276,10.1898323866714,-6.73817006320034,16.9893672049336,10.619999995417226,28.609367200350828,37.82420410530814,10,"Chris Sale","10603",519242
"Edwin Díaz ","LAD","RP",33,66,-3.51285080750227,17.8251660705304,7.921733287091788,-2.71599633006292,-3.73149657078054,15.786555649276389,10.619999995417226,27.406555644693615,36.24746100296081,17,"Edwin Diaz","14710",621242
"Grant Taylor ","CHW","RP",506.67999267578125,92,0.0638700224856139,-1.03192612747825,7.340264615412829,0.419999432881863,8.29519739889868,15.087405342200727,10.619999995417226,26.707405337617953,35.91305839263443,,"Grant Taylor","33927",691799
"Jhoan Duran ","PHI","RP",41.84000015258789,70,-1.72449039250832,13.5671129935606,10.096799254147667,-3.43968765997326,-3.73149657078054,14.768237624446193,10.619999995417226,26.388237619863418,34.910639897481424,11,"Jhoan Duran","21029",661395
"Logan Gilbert ","SEA","SP",37.150001525878906,164,9.00567209745531,-4.07339261102802,6.74907888705478,8.50121928354727,-6.73817006320034,13.444407593828995,10.619999995417226,25.064407589246223,33.68171393859377,,"Logan Gilbert","22250",669302
"Logan Webb ","SFG","SP",57.189998626708984,205,10.7940325124493,-4.07339261102802,2.5485896258016103,10.4310628299748,-6.73817006320034,12.962122293997325,10.619999995417226,24.582122289414556,32.535261464150956,37,"Logan Webb","17995",657277
"Cade Smith ","CLE","RP",39.90999984741211,70,-3.51285080750227,14.1754062902706,8.62485950839345,-2.95722677336637,-3.73149657078054,12.598691647014878,10.619999995417226,24.218691642432102,32.05660743902298,10,"Cade Smith","27867",671922
"Framber Valdez ","DET","SP",81.13999938964844,194,12.5823929274432,-4.07339261102802,0.9829774536606053,9.10429539180588,-6.73817006320034,11.858103098681312,10.619999995417226,23.47810309409854,31.527364219505344,,"Framber Valdez","17295",664285
"Andrés Muñoz ","SEA","RP",41.189998626708984,64,-3.51285080750227,12.9588196968507,9.778079795072285,-3.6809181032767,-3.73149657078054,11.811634010363473,10.619999995417226,23.431634005780694,31.46425485577974,,"Andres Munoz","20373",662253
"Devin Williams ","NYM","RP",59.470001220703125,64,-3.51285080750227,15.3919928836906,6.834200303563849,-3.56030288162498,-3.73149657078054,11.421542927346575,10.619999995417226,23.041542922763803,30.504695417598302,6,"Devin Williams","15816",642207
"Zack Wheeler ","PHI","SP",110.48999786376953,157,9.00567209745531,-4.07339261102802,4.4146531904612,8.62183450519899,-6.73817006320034,11.230597118887138,10.619999995417226,22.850597114304367,30.675152468589243,,"Zack Wheeler","10310",554430
"Griffin Jax ","TBR","RP",149.2100067138672,68,-3.51285080750227,3.22612694949143,9.009266270619728,-3.19845721666981,5.28852390647888,10.812609102417948,10.619999995417226,22.432609097835176,30.10748568795714,,"Griffin Jax","20253",643377
"Max Fried ","NYY","SP",50.04999923706055,188,12.5823929274432,-4.07339261102802,0.6642579945852224,8.1393736185921,-6.73817006320034,10.574461866392147,10.619999995417226,22.194461861809373,29.38645983999236,41,"Max Fried","13743",608331
"Yoshinobu Yamamoto ","LAD","SP",26.639999389648438,155,10.7940325124493,-4.07339261102802,3.32712020693326,7.0538366237266,-6.73817006320034,10.363426668880743,10.619999995417226,21.983426664297973,29.10767916737637,43,"Yoshinobu Yamamoto","33825",808967
"Aroldis Chapman ","BOS","RP",64.55000305175781,62,-3.51285080750227,14.7836995869806,5.746667320035909,-3.07784199501809,-4.73372106825381,9.205953036242306,10.619999995417226,20.825953031659534,27.57727409756309,9,"Aroldis Chapman","10233",547973
"George Kirby ","SEA","SP",64.58000183105469,172,9.00567209745531,-4.07339261102802,3.739512092395449,6.93322140207488,-6.73817006320034,8.866842917697271,10.619999995417226,20.486842913114497,27.128466806263855,10,"George Kirby","25436",669923
"Abner Uribe ","MIL","RP",167.27999877929688,72,-3.51285080750227,7.48418002646111,6.768513000412954,-2.95722677336637,0.277401419112532,8.06001686511796,10.619999995417226,19.680016860535186,26.059845494638743,5,"Abner Uribe","25327",682842
"Hunter Brown ","HOU","SP",36.189998626708984,182,9.00567209745531,-4.07339261102802,-1.1264012102443783,10.1898323866714,-6.73817006320034,7.25754059965395,10.619999995417226,18.877540595071174,24.995868184157782,6,"Hunter Brown","25880",686613
"Daniel Palencia ","CHC","RP",91.05999755859375,67,-3.51285080750227,15.3919928836906,2.5777407958388876,-3.80153332492842,-3.73149657078054,6.923852976318169,10.619999995417226,18.543852971735397,24.55311417520708,3,"Daniel Palencia","27914",694037
"Jeremiah Estrada ","SDP","RP",623.5800170898438,70,-3.51285080750227,-4.07339261102802,7.152919762639232,-1.87168977850086,8.29519739889868,5.990183964506753,10.619999995417226,17.61018395992398,23.313247481636846,4,"Jeremiah Estrada","22210",669093
"Jose A. Ferrer ","SEA","RP",999,70,-3.51285080750227,-2.24851272089816,7.152919762639232,-4.76645509814221,9.29742189637195,5.9225230324685425,10.619999995417226,17.542523027885768,23.466291904960933,,"Jose A. Ferrer","24017",678606
"Cole Ragans ","KCR","SP",48.15999984741211,164,7.21731168246137,-4.07339261102802,-0.6106198417163091,9.94860194336794,-6.73817006320034,5.743731109884636,10.619999995417226,17.363731105301863,22.985717655005725,6,"Cole Ragans","21846",666142
"Jesús Luzardo ","PHI","SP",70.58999633789062,178,10.7940325124493,-4.07339261102802,-4.773406923054475,10.4310628299748,-6.73817006320034,5.640125745141238,10.619999995417226,17.260125740558465,22.847997140325656,11,"Jesus Luzardo","19959",666200
"David Bednar ","NYY","RP",64.05999755859375,65,-5.3012112224962,16.0002861804004,2.962147558065165,-4.16337898988359,-4.73372106825381,4.764122457832028,10.619999995417226,16.384122453249255,21.682797431676015,1,"David Bednar","19569",670280
"Josh Hader ","HOU","RP",124.38999938964844,61,-5.3012112224962,13.5671129935606,3.730961082517722,-3.6809181032767,-3.73149657078054,4.584448179524924,10.619999995417226,16.20444817494215,21.649061233058937,,"Josh Hader","14212",623352
"Bryan Abreu ","HOU","RP",181.6999969482422,68,-3.51285080750227,-1.03192612747825,4.593447033357075,-2.95722677336637,6.29074840395214,3.382191728962328,10.619999995417226,15.002191724379554,19.841929897219643,8,"Bryan Abreu","16609",650556
"Jacob deGrom ","TEX","SP",50.0099983215332,170,7.21731168246137,-4.07339261102802,-1.7638401283951441,8.62183450519899,-6.73817006320034,3.263743385036853,10.619999995417226,14.88374338045408,19.683990034413323,10,"Jacob deGrom","10954",594798
"Emmet Sheehan ","LAD","SP",111.20999908447266,147,7.21731168246137,-4.07339261102802,-2.494951472932715,8.01875839694038,-5.73594556572708,2.9317804297139376,10.619999995417226,14.551780425131167,19.24121768518418,2,"Emmet Sheehan","29839",686218
"Trevor Megill ","MIL","RP",137.6999969482422,66,-3.51285080750227,2.61783365278148,4.977853795583353,-3.56030288162498,2.28185041405907,2.8043841732966475,10.619999995417226,14.424384168713875,19.071245367124302,5,"Trevor Megill","17722",656730
"Shohei Ohtani ","LAD","SP",1.2699999809265137,114,5.42895126746743,-4.07339261102802,4.583729976677985,2.95291908756804,-6.73817006320034,2.154037657485085,10.619999995417226,13.774037652902312,18.203109611672705,75,"Shohei Ohtani","19755",660271
"Graham Ashcraft ","CIN","RP",999,65,-3.51285080750227,-2.85680601760811,4.434087303819384,-5.24891598474909,9.29742189637195,2.1129363903318494,10.619999995417226,13.732936385749078,18.29251730025231,,"Graham Ashcraft","27552",668933
"Adrian Morejon ","SDP","RP",735.8499755859375,68,-3.51285080750227,-2.24851272089816,6.065386779111292,-4.64583987649049,6.29074840395214,1.948931778172522,10.619999995417226,13.568931773589748,18.06978371334297,,"Adrian Morejon","20039",670970
"Dylan Cease ","TOR","SP",74.7699966430664,172,9.00567209745531,-4.07339261102802,-6.564066127884076,10.3104476083231,-6.73817006320034,1.9404909036659743,10.619999995417226,13.560490899083199,18.058320217098927,,"Dylan Cease","18525",656302
"Chase Burns ","CIN","SP",109.72000122070312,109,1.85223043747956,-4.07339261102802,6.28071675512079,3.55599519582665,-5.73594556572708,1.879604211671891,10.619999995417226,13.499604207089117,17.83655133418791,1,"Chase Burns","35333",695505
"Blake Snell ","LAD","SP",178.41000366210938,125,7.21731168246137,-4.07339261102802,0.2615831658021282,5.00337785564732,-6.73817006320034,1.6707100296824509,10.619999995417226,13.290710025099678,17.6919325835395,,"Blake Snell","13543",605483
"Ryan Walker ","SFG","RP",144.55999755859375,63,-5.3012112224962,14.1754062902706,0.4026748287830085,-5.49014642805254,-2.72927207330727,1.057451395197596,10.619999995417226,12.67745139061482,16.85907005873905,,"Ryan Walker","20423",676254
"Tyler Glasnow ","LAD","SP",113.73999786376953,135,7.21731168246137,-4.07339261102802,-1.6604506453292633,5.12399307729904,-6.73817006320034,-0.13070855979721774,10.619999995417226,11.489291435620009,15.245437825391011,,"Tyler Glasnow","14374",607192
"Ryan Helsley ","BAL","RP",85.58999633789062,64,-5.3012112224962,11.7422331034308,0.9464413205469782,-4.52522465483875,-3.73149657078054,-0.8692580241377398,10.619999995417226,10.750741971279488,14.24241864723078,,"Ryan Helsley","18138",664854
"Garrett Cleavinger ","TBR","RP",505.4800109863281,65,-5.3012112224962,2.00954035607152,2.962147558065165,-4.16337898988359,3.28407491153234,-1.2088273867107786,10.619999995417226,10.411172608706448,13.78125172555339,,"Garrett Cleavinger","17897",664076
"Jacob Misiorowski ","MIL","SP",114.13999938964844,137,3.64059085247349,-4.07339261102802,-2.0448574075555417,6.81260618042316,-5.73594556572708,-1.4009985514139938,10.619999995417226,10.219001444003233,13.44444740858442,9,"Jacob Misiorowski","31623",694819
"Jeff Hoffman ","TOR","RP",99.63999938964844,63,-5.3012112224962,11.7422331034308,-1.0692649169712092,-4.76645509814221,-2.72927207330727,-2.1239702074861055,10.619999995417226,9.496029787931121,12.47397904701937,8,"Jeff Hoffman","17432",656546
"Matt Brash ","SEA","RP",733.280029296875,63,-5.3012112224962,-2.24851272089816,4.818494066045662,-4.76645509814221,5.28852390647888,-2.209161069012041,10.619999995417226,9.410838926405185,12.359563846093364,1,"Matt Brash","25756",666374
"Pete Fairbanks ","MIA","RP",111.45999908447266,62,-5.3012112224962,11.7422331034308,-0.1410916629809613,-5.8519920930077,-2.72927207330727,-2.281333948361359,10.619999995417226,9.338666047055867,12.324687606318948,,"Pete Fairbanks","17998",664126
"Sonny Gray ","BOS","SP",138.08999633789062,177,9.00567209745531,-4.07339261102802,-9.732992652081107,8.98368017015415,-6.73817006320034,-2.5552030587000045,10.619999995417226,9.06479693671722,11.89468197300492,23,"Sonny Gray","12768",543243
"Garrett Whitlock ","BOS","RP",624.97998046875,70,-3.51285080750227,-2.24851272089816,-0.20677896613185667,-4.28399421153531,7.2929729014254,-2.9591638046421918,10.619999995417226,8.660836190775035,11.351722895525603,5,"Garrett Whitlock","20191",676477
"Tanner Scott ","LAD","RP",712.8099975585938,63,-5.3012112224962,-1.6402194241882,0.4026748287830085,-4.88707031979393,8.29519739889868,-3.130628738796656,10.619999995417226,8.48937125662057,11.121171604682875,16,"Tanner Scott","17586",656945
"Robert Garcia ","TEX","RP",232.1199951171875,64,-5.3012112224962,8.09247332317106,-0.5254984252072397,-5.12830076309737,-0.724823078360737,-3.5873601659904915,10.619999995417226,8.032639829426735,10.550981975604275,,"Robert Garcia","23363",676395
"Aaron Ashby ","MIL","RP",999,77,-3.51285080750227,-3.46509931431807,0.6557069847075007,-3.56030288162498,6.29074840395214,-3.591797614785674,10.619999995417226,8.028202380631551,10.544955505532096,,"Aaron Ashby","23550",676879
"Seranthony Domínguez ","CHW","RP",194.19000244140625,63,-5.3012112224962,8.09247332317106,-1.0692649169712092,-4.88707031979393,-0.724823078360737,-3.8898962144510167,10.619999995417226,7.73010378096621,10.140109754660102,,"Seranthony Dominguez","19249",622554
"Alex Vesia ","LAD","RP",743.4199829101562,61,-5.3012112224962,-3.46509931431807,-2.1567979004991487,-4.40460943318703,11.3018708913185,-4.025846979181984,10.619999995417226,7.594153016235242,9.955475913739953,,"Alex Vesia","25007",681911
"Fernando Cruz ","NYY","RP",999,61,-5.3012112224962,-3.46509931431807,-0.684858154744931,-4.04276376823187,9.29742189637195,-4.196510563419134,10.619999995417226,7.423489431998092,9.723698820574935,,"Fernando Cruz","7048",518585
"Louis Varland ","TOR","RP",999,67,-3.51285080750227,-2.85680601760811,1.1058010500846696,-5.24891598474909,6.29074840395214,-4.222023355822667,10.619999995417226,7.3979766395945585,9.689050064730242,,"Louis Varland","27691",686973
"Gabe Speier ","SEA","RP",999,58,-5.3012112224962,-4.07339261102802,5.043541098734249,-5.24891598474909,5.28852390647888,-4.291454813060204,10.619999995417226,7.328545182357023,9.594755658547108,,"Gabe Speier","17170",642100
"Emilio Pagán ","CIN","RP",111.94000244140625,66,-5.3012112224962,12.3505264001408,-3.8537846789419534,-4.76645509814221,-2.72927207330727,-4.300196672746895,10.619999995417226,7.319803322670332,9.582883396306196,,"Emilio Pagan","14771",641941
"Will Vest ","DET","RP",485.7300109863281,68,-3.51285080750227,-1.03192612747825,0.17762779609442161,-5.24891598474909,5.28852390647888,-4.327541217156321,10.619999995417226,7.2924587782609045,9.510356953443782,3,"Will Vest","19769",676684
"Camilo Doval ","NYY","RP",663.6500244140625,64,-5.3012112224962,-2.85680601760811,0.9464413205469782,-4.64583987649049,7.2929729014254,-4.564442894622417,10.619999995417226,7.055557100794809,9.224012337433788,,"Camilo Doval","21992",666808
"Phil Maton ","CHC","RP",743.3800048828125,65,-5.3012112224962,-2.85680601760811,0.018268066556730165,-4.76645509814221,8.29519739889868,-4.611006872791121,10.619999995417226,7.008993122626106,9.160774104424778,,"Phil Maton","18064",664208
"Erik Miller ","SFG","RP",999,62,-5.3012112224962,-3.46509931431807,-0.1410916629809613,-5.12830076309737,9.29742189637195,-4.738281066520667,10.619999995417226,6.881718928896559,8.987923857610767,,"Erik Miller","26252",669062
"Edwin Uceta ","TBR","RP",572.6900024414062,56,-5.3012112224962,2.00954035607152,-0.45981112205634417,-5.61076164970426,4.2862994090056,-5.075944229179691,10.619999995417226,6.544055766237535,8.529345733520376,,"Edwin Uceta","20539",670955
"Clayton Beeter ","WSN","RP",307.1400146484375,63,-5.3012112224962,5.05100683962129,-2.541204662725427,-4.64583987649049,2.28185041405907,-5.155398508031757,10.619999995417226,6.464601487385468,8.421439399113005,,"Clayton Beeter","27494",690925
"Kyle Bradish ","BAL","SP",72.95999908447266,145,5.42895126746743,-4.07339261102802,-5.054424202214872,5.24460829895076,-6.73817006320034,-5.192427310025047,10.619999995417226,6.427572685392181,8.344805818389265,1,"Kyle Bradish","24586",680694
"Riley O'Brien ","STL","RP",264.0400085449219,63,-5.3012112224962,3.83442024620138,-2.541204662725427,-5.49014642805254,4.2862994090056,-5.211842658067186,10.619999995417226,6.40815733735004,8.344782969565607,,"Riley O'Brien","20348",676617
"Raisel Iglesias ","ATL","RP",100.62000274658203,66,-5.3012112224962,11.7422331034308,-3.8537846789419534,-5.24891598474909,-2.72927207330727,-5.390950856063739,10.619999995417226,6.229049139353488,8.101537301901791,,"Raisel Iglesias","17130",628452
"Bryan Baker ","TBR","RP",999,63,-5.3012112224962,-2.24851272089816,0.4026748287830085,-4.76645509814221,6.29074840395214,-5.622755808801425,10.619999995417226,5.997244186615801,7.786724517634136,,"Bryan Baker","19804",641329
"Gregory Soto ","PIT","RP",728.4099731445312,64,-5.3012112224962,-2.85680601760811,-0.5254984252072397,-5.24891598474909,8.29519739889868,-5.637234251161982,10.619999995417226,5.982765744255244,7.767061440130595,,"Gregory Soto","19677",642397
"Jared Koenig ","MIL","RP",748.489990234375,65,-5.3012112224962,-3.46509931431807,0.018268066556730165,-5.24891598474909,8.29519739889868,-5.701761056107964,10.619999995417226,5.918238939309263,7.679428010020376,,"Jared Koenig","27517",657649
"Joe Ryan ","MIN","SP",78.52999877929688,168,5.42895126746743,-4.07339261102802,-8.739132094939954,8.38060406189555,-6.73817006320034,-5.741139439805343,10.619999995417226,5.878860555611883,7.604653331017672,11,"Joe Ryan","21390",657746
"Tyler Rogers ","TOR","RP",743.280029296875,74,-3.51285080750227,-2.85680601760811,-3.919471982092849,-6.81691386622149,11.3018708913185,-5.8041717821062395,10.619999995417226,5.815828213310986,7.540344675477163,,"Tyler Rogers","15541",643511
"Dylan Lee ","ATL","RP",999,65,-5.3012112224962,-3.46509931431807,-1.4536716791974877,-4.88707031979393,9.29742189637195,-5.809630639433748,10.619999995417226,5.810369355983478,7.532931037183865,,"Dylan Lee","19996",669276
"Eduard Bazardo ","SEA","RP",999,68,-5.3012112224962,-3.46509931431807,0.17762779609442161,-4.88707031979393,7.2929729014254,-6.182780159088375,10.619999995417226,5.437219836328852,7.008539678811016,1,"Eduard Bazardo","20997",660825
"José Alvarado ","PHI","RP",746.0700073242188,64,-5.3012112224962,-2.24851272089816,0.9464413205469782,-4.88707031979393,5.28852390647888,-6.201829036162445,10.619999995417226,5.418170959254781,7.00028896978511,,"Jose Alvarado","17780",621237
"Mason Montgomery ","PIT","RP",748.4400024414062,60,-5.3012112224962,-2.85680601760811,1.7152548449995346,-5.12830076309737,5.28852390647888,-6.282539251723286,10.619999995417226,5.337460743693941,6.890676955980108,,"Mason Montgomery","29770",682254
"Trey Yesavage ","TOR","SP",194.2899932861328,118,1.85223043747956,-4.07339261102802,-2.072842530791442,3.67661041747837,-5.73594556572708,-6.353339852588619,10.619999995417226,5.2666601428286075,6.7782303420468955,1,"Trey Yesavage","35456",702056
"Caleb Thielbar ","CHC","RP",999,66,-5.3012112224962,-3.46509931431807,-0.9099051874335179,-5.12830076309737,8.29519739889868,-6.50931908844649,10.619999995417226,5.110680906970736,6.582688748776505,,"Caleb Thielbar","10078",573204
"Robert Suarez ","ATL","RP",214.39999389648438,67,-5.3012112224962,0.792953762651609,-1.8380784414237659,-4.88707031979393,4.2862994090056,-6.947106812056686,10.619999995417226,4.672893183360541,5.988132115882275,,"Robert Suarez","30115",663158
"Reid Detmers ","LAA","SP",350.4599914550781,149,3.64059085247349,-4.07339261102802,-7.295177472421647,6.33014529381627,-5.73594556572708,-7.1337795028869895,10.619999995417226,4.486220492530236,5.734613160169861,,"Reid Detmers","27468",672282
"Nathan Eovaldi ","TEX","SP",132.50999450683594,174,7.21731168246137,-4.07339261102802,-9.892352381618789,6.33014529381627,-6.73817006320034,-7.156458079569522,10.619999995417226,4.463541915847705,5.703813534086228,,"Nathan Eovaldi","9132",543135
"Freddy Peralta ","NYM","SP",56.36000061035156,163,7.21731168246137,-4.07339261102802,-11.457964553759814,7.77752795363694,-6.73817006320034,-7.274687591889875,10.619999995417226,4.345312403527351,5.533224765834095,25,"Freddy Peralta","18679",642547
"Bryan King ","HOU","RP",748.469970703125,67,-5.3012112224962,-3.46509931431807,-3.3100181871779837,-5.61076164970426,10.2996463938452,-7.38744397985131,10.619999995417226,4.232556015565917,5.390113099580979,,"Bryan King","25890",687911
"Nick Pivetta ","SDP","SP",96.01000213623047,174,7.21731168246137,-4.07339261102802,-12.836231873127225,8.86306494850243,-6.73817006320034,-7.567417916391784,10.619999995417226,4.052582079025443,5.145691678085157,,"Nick Pivetta","15454",601713
"Drew Rasmussen ","TBR","SP",132.36000061035156,159,3.64059085247349,-4.07339261102802,-4.801392046290386,4.15907130408527,-6.73817006320034,-7.813292563959999,10.619999995417226,3.8067074314572276,4.804713748715663,3,"Drew Rasmussen","25385",656876
"Nolan McLean ","NYM","SP",87.29000091552734,145,7.21731168246137,-4.07339261102802,-7.998303693723309,3.67661041747837,-6.73817006320034,-7.915944268011933,10.619999995417226,3.704055727405293,4.665809474806306,4,"Nolan McLean","33703",690997
"Shawn Armstrong ","CLE","RP",748.469970703125,68,-5.3012112224962,-2.24851272089816,-4.238191441168232,-5.61076164970426,9.29742189637195,-8.101255137894919,10.619999995417226,3.518744857522307,4.420690852769361,,"Shawn Armstrong","12857",542888
"Chris Martin ","TEX","RP",638.3599853515625,55,-5.3012112224962,0.792953762651609,-1.003577613820314,-7.17875953117665,4.2862994090056,-8.40429519583596,10.619999995417226,3.215704799581266,4.009134139859057,,"Chris Martin","11847",455119
"Gerrit Cole ","NYY","SP",232.89999389648438,134,5.42895126746743,-4.07339261102802,-6.620036374355886,3.55599519582665,-6.73817006320034,-8.446652585290172,10.619999995417226,3.1733474101270525,3.947375567320869,1,"Gerrit Cole","13125",543037
"Jason Adam ","SDP","RP",999,61,-5.3012112224962,-3.46509931431807,-2.1567979004991487,-5.8519920930077,8.29519739889868,-8.479903131422455,10.619999995417226,3.140096863994771,3.9064514989853336,,"Jason Adam","11861",592094
"Jack Flaherty ","DET","SP",209,161,7.21731168246137,-4.07339261102802,-12.545497537287751,7.41568228868176,-6.73817006320034,-8.724066240372979,10.619999995417226,2.895933755044247,3.5748551839094262,,"Jack Flaherty","17479",656427
"Matt Svanson ","STL","RP",528.7999877929688,65,-5.3012112224962,0.792953762651609,-4.397551170705923,-6.21383775796288,6.29074840395214,-8.828897984561255,10.619999995417226,2.7911020108559716,3.432483880458929,,"Matt Svanson","29629",694335
"Luis Castillo ","SEA","SP",171.0500030517578,178,9.00567209745531,-4.07339261102802,-13.605045397579781,6.45076051546799,-6.73817006320034,-8.960175458884848,10.619999995417226,2.6598245365323785,3.254196804555925,,"Luis Castillo","15689",622491
"Hunter Harvey ","CHC","RP",748.530029296875,52,-7.08957163749014,-1.6402194241882,0.30900240239621235,-6.93752908787321,6.29074840395214,-9.06756934320321,10.619999995417226,2.5524306522140163,3.1083458754179234,,"Hunter Harvey","15507",640451
"Yimi García ","TOR","RP",999,56,-5.3012112224962,-1.6402194241882,-0.45981112205634417,-5.97260731465944,4.2862994090056,-9.087549674394586,10.619999995417226,2.532450321022642,3.081210718818985,,"Yimi Garcia","12095",554340
"Dennis Santana ","PIT","RP",150.50999450683594,68,-5.3012112224962,11.1339398067208,-7.182070932676667,-6.09322253631115,-1.72704757583401,-9.169612460597197,10.619999995417226,2.4503875348200292,2.9678755602739684,2,"Dennis Santana","17878",642701
"Taylor Rogers ","MIN","RP",415.510009765625,61,-5.3012112224962,7.48418002646111,-5.100677392007585,-5.73137687135598,-0.724823078360737,-9.373908537759405,10.619999995417226,2.246091457657822,2.6923086267329093,,"Taylor Rogers","13449",573124
"Edward Cabrera ","CHC","SP",174.72000122070312,139,3.64059085247349,-4.07339261102802,-6.8450834070444735,4.52091696904043,-6.73817006320034,-9.49513825975892,10.619999995417226,2.124861735658307,2.5265325418613815,1,"Edward Cabrera","21690",665795
"Kody Funderburk ","MIN","RP",748.510009765625,65,-5.3012112224962,-2.24851272089816,-4.397551170705923,-5.8519920930077,8.29519739889868,-9.504069808209323,10.619999995417226,2.115930187207904,2.5155374599816813,,"Kody Funderburk","24993",681892
"MacKenzie Gore ","TEX","SP",164.82000732421875,161,5.42895126746743,-4.07339261102802,-12.545497537287751,8.01875839694038,-6.73817006320034,-9.909350547108307,10.619999995417226,1.710649448308919,1.9646752966476742,19,"MacKenzie Gore","22201",669022
"José Soriano ","LAA","SP",321.80999755859375,175,7.21731168246137,-4.07339261102802,-12.292465381363263,5.84768440720937,-6.73817006320034,-10.039031965920882,10.619999995417226,1.5809680294963422,1.7890088661876222,,"Jose Soriano","22100",667755
"Andrew Nardi ","MIA","RP",999,60,-5.3012112224962,-4.07339261102802,-1.2286246465089008,-4.76645509814221,5.28852390647888,-10.081159671696465,10.619999995417226,1.538840323720761,1.7317955055868794,,"Andrew Nardi","25942",677053
"Spencer Strider ","ATL","SP",124.86000061035156,147,5.42895126746743,-4.07339261102802,-11.326589947458023,6.57137573711971,-6.73817006320034,-10.137825617099248,10.619999995417226,1.4821743783179786,1.654629258358647,6,"Spencer Strider","27498",675911
"Eury Pérez ","MIA","SP",78.6500015258789,133,1.85223043747956,-4.07339261102802,-5.691863120365639,4.40030174738871,-6.73817006320034,-10.250893609725747,10.619999995417226,1.3691063856914778,1.5011587115515461,2,"Eury Perez","27768",691587
"Angel Zerpa ","MIL","RP",999,60,-5.3012112224962,-4.07339261102802,0.24331509924531702,-6.45506820126632,5.28852390647888,-10.29783302906636,10.619999995417226,1.3221669663508657,1.4375328416332462,,"Angel Zerpa","22717",672582
"Brad Keller ","PHI","RP",745.9099731445312,68,-5.3012112224962,-2.85680601760811,-5.7101311869224505,-5.73137687135598,9.29742189637195,-10.302103402010813,10.619999995417226,1.3178965934064126,1.4317332761769128,,"Brad Keller","15734",641745
"Will Klein ","LAD","RP",999,58,-5.3012112224962,-3.46509931431807,-3.7880973757910583,-5.24891598474909,7.2929729014254,-10.510350995929022,10.619999995417226,1.109648999488205,1.1489135862429423,,"Will Klein","27787",694361
"Brooks Raley ","NYM","RP",999,62,-5.3012112224962,-3.46509931431807,-3.084971154489397,-5.97260731465944,7.2929729014254,-10.530916104537695,10.619999995417226,1.0890838908795308,1.1209842472732539,,"Brooks Raley","10061",548384
"Steven Okert ","HOU","RP",999,64,-5.3012112224962,-4.07339261102802,-3.4693779167156755,-5.00768554144565,7.2929729014254,-10.558694390260149,10.619999995417226,1.061305605157079,1.0832587398275029,,"Steven Okert","13580",595345
"Erik Sabrowski ","CLE","RP",999,63,-5.3012112224962,-4.07339261102802,-4.013144408479645,-4.52522465483875,7.2929729014254,-10.619999995417226,10.619999995417226,1,1,,"Erik Sabrowski","24978",681870
"A.J. Minter ","NYM","RP",999,52,-7.08957163749014,-2.85680601760811,-1.1629373433580052,-6.81691386622149,7.2929729014254,-10.633255963252346,10.619999995417226,0.9867440321648797,0.9819971571226129,,"A.J. Minter","18655",621345
"Grayson Rodriguez ","LAA","SP",397.1099853515625,113,0.0638700224856139,-4.07339261102802,-1.847795498102855,1.86738209270253,-6.73817006320034,-10.728106057143076,10.619999995417226,0.8918939382741501,0.8531818674010893,,"Grayson Rodriguez","24492",680570
"Orion Kerkering ","PHI","RP",999,54,-5.3012112224962,-4.07339261102802,1.3965353859241518,-6.21383775796288,3.28407491153234,-10.907831294030615,10.619999995417226,0.7121687013866123,0.6090238327766437,1,"Orion Kerkering","31776",689147
"Ben Joyce ","LAA","RP",738.6500244140625,48,-7.08957163749014,5.05100683962129,-1.8660635646596666,-7.4199899744801,0.277401419112532,-11.047216917896089,10.619999995417226,0.5727830775211373,0.4197995027137119,,"Ben Joyce","31461",690829
"JoJo Romero ","STL","RP",479.0799865722656,64,-5.3012112224962,3.22612694949143,-4.941317662469894,-6.3344529796146,2.28185041405907,-11.069004501030202,10.619999995417226,0.5509954943870232,0.3900289317324247,1,"JoJo Romero","19574",668941
"Andrew Kittredge ","BAL","RP",745.8499755859375,60,-5.3012112224962,-2.24851272089816,-2.700564392263119,-6.21383775796288,5.28852390647888,-11.17560218714149,10.619999995417226,0.4443978082757367,0.2454403115370074,,"Andrew Kittredge","12828",552640
"Matt Strahm ","KCR","RP",720.1400146484375,66,-5.3012112224962,-2.85680601760811,-6.797664170450389,-5.61076164970426,9.29742189637195,-11.26902116388703,10.619999995417226,0.3509788315301965,0.11856861261356333,,"Matt Strahm","13799",621381
"Luke Weaver ","NYM","RP",733.510009765625,67,-5.3012112224962,-1.6402194241882,-6.253897678686419,-5.36953120640082,7.2929729014254,-11.271886630346243,10.619999995417226,0.3481133650709841,0.1146770414301338,,"Luke Weaver","16918",596133
"Drew Pomeranz ","LAA","RP",735.6199951171875,56,-5.3012112224962,-2.24851272089816,-1.9317508678105622,-6.09322253631115,4.2862994090056,-11.288397938510474,10.619999995417226,0.33160205690675015,0.0922531422265398,,"Drew Pomeranz","11426",519141
"Ryan Pepiot ","TBR","SP",129.10000610351562,150,3.64059085247349,-4.07339261102802,-9.695290472166112,5.36522352060248,-6.73817006320034,-11.501038773318502,10.619999995417226,0.1189612220987244,-0.19653297931360614,,"Ryan Pepiot","26221",686752
"Aaron Bummer ","ATL","RP",999,60,-5.3012112224962,-4.07339261102802,-1.2286246465089008,-6.21383775796288,5.28852390647888,-11.528542331517132,10.619999995417226,0.09145766390009402,-0.23388538111313317,,"Aaron Bummer","16258",607481
"Nick Lodolo ","CIN","SP",127.94999694824219,150,5.42895126746743,-4.07339261102802,-11.167230217920332,5.00337785564732,-6.73817006320034,-11.546463769033947,10.619999995417226,0.07353622638327773,-0.2589952088727492,6,"Nick Lodolo","26378",666157
"Kyle Finnegan ","DET","RP",639.030029296875,64,-5.3012112224962,-1.6402194241882,-4.941317662469894,-5.97260731465944,6.29074840395214,-11.564607219861596,10.619999995417226,0.0553927755556296,-0.28366620716855895,2,"Kyle Finnegan","15009",640448
"Mark Leiter Jr. ","ATH","RP",727.989990234375,64,-5.3012112224962,-0.423632830768299,-6.41325740822411,-5.73137687135598,6.29074840395214,-11.57872992889246,10.619999995417226,0.041270066524764504,-0.30204482757375595,,"Mark Leiter Jr.","15551",643410
"Blake Treinen ","LAD","RP",999,54,-5.3012112224962,-4.07339261102802,-1.5473441055842838,-5.97260731465944,5.28852390647888,-11.60603134728907,10.619999995417226,0.013968648128156125,-0.3391227046354186,,"Blake Treinen","12572",595014
"Jake Bird ","NYY","RP",999,57,-5.3012112224962,-4.07339261102802,-1.387984376046592,-6.21383775796288,5.28852390647888,-11.687902061054823,10.619999995417226,-0.06790206563759682,-0.4503107834326099,,"Jake Bird","21267",656234
"Bryce Miller ","SEA","SP",341.6000061035156,141,5.42895126746743,-4.07339261102802,-8.701429915024969,2.2292277576577,-6.73817006320034,-11.854813564128204,10.619999995417226,-0.23481356871097692,-0.6769921998055022,,"Bryce Miller","29837",682243
"Jordan Leasure ","CHW","RP",717.510009765625,64,-5.3012112224962,-1.03192612747825,-4.941317662469894,-4.88707031979393,4.2862994090056,-11.875225923232675,10.619999995417226,-0.25522592781544895,-0.7047140906764964,,"Jordan Leasure","29950",673929
"Kenley Jansen ","DET","RP",133.02000427246094,60,-7.08957163749014,9.91735321330093,-5.6444438837715545,-6.3344529796146,-2.72927207330727,-11.880387360882644,10.619999995417226,-0.2603873654654181,-0.7131507658910816,15,"Kenley Jansen","3096",445276
"Cole Sands ","MIN","RP",735.4400024414062,68,-5.3012112224962,-1.6402194241882,-5.7101311869224505,-5.73137687135598,6.29074840395214,-12.092190301010708,10.619999995417226,-0.4721903055934813,-0.9993719875355631,,"Cole Sands","21461",663485
"Keegan Akin ","BAL","RP",999,66,-5.3012112224962,-2.24851272089816,-8.269603916204606,-5.61076164970426,9.29742189637195,-12.132667612931295,10.619999995417226,-0.5126676175140676,-1.0543439590784227,,"Keegan Akin","19362",669211
"Kevin Gausman ","TOR","SP",112.94999694824219,181,9.00567209745531,-4.07339261102802,-17.861504905304756,7.41568228868176,-6.73817006320034,-12.251713193396043,10.619999995417226,-0.6317131979788164,-1.2160189802470884,,"Kevin Gausman","14107",592332
"Jordan Romano ","LAA","RP",688.9600219726562,60,-7.08957163749014,2.00954035607152,-5.6444438837715545,-5.97260731465944,4.2862994090056,-12.410783070844007,10.619999995417226,-0.7907830754267806,-1.4320507363466937,,"Jordan Romano","16122",605447
"David Morgan ","SDP","RP",999,58,-5.3012112224962,-4.07339261102802,-2.3161576300368405,-6.09322253631115,5.28852390647888,-12.49546009339335,10.619999995417226,-0.8754600979761225,-1.547050044676483,,"David Morgan","31616",688158
"Carlos Rodón ","NYY","SP",202.3000030517578,152,7.21731168246137,-4.07339261102802,-14.495516471655042,5.48583874225421,-6.73817006320034,-12.60392872116783,10.619999995417226,-0.983928725750604,-1.6978978109587426,15,"Carlos Rodon","16137",607074
"Brendon Little ","TOR","RP",748.52001953125,54,-5.3012112224962,-4.07339261102802,-0.07540435983006588,-6.45506820126632,3.28407491153234,-12.621001483088278,10.619999995417226,-1.0010014876710507,-1.717546981708776,,"Brendon Little","21574",663893
"Clay Holmes ","NYM","SP",330.6300048828125,150,7.21731168246137,-4.07339261102802,-11.167230217920332,2.10861253600597,-6.73817006320034,-12.652868673681349,10.619999995417226,-1.0328686782641223,-1.7608256040113193,,"Clay Holmes","13649",605280
"Calvin Faucher ","MIA","RP",999,64,-5.3012112224962,-1.03192612747825,-4.941317662469894,-5.73137687135598,4.2862994090056,-12.719532474794732,10.619999995417226,-1.0995324793775074,-1.8513612745848405,,"Calvin Faucher","20116",676534
"Braxton Ashcraft ","PIT","SP",239.36000061035156,147,3.64059085247349,-4.07339261102802,-9.854650201703805,3.07353430921976,-5.73594556572708,-12.949863216765653,10.619999995417226,-1.3298632213484267,-2.164171942889908,,"Braxton Ashcraft","23793",677952
"Jonathan Loáisiga ","ARI","RP",999,60,-5.3012112224962,-1.03192612747825,-5.6444438837715545,-7.29937475282838,6.29074840395214,-12.986207582622251,10.619999995417226,-1.3662075872050239,-2.2135309875204396,,"Jonathan Loaisiga","19753",642528
"Justin Slaten ","BOS","RP",999,61,-5.3012112224962,-4.07339261102802,-3.628737646253367,-6.3344529796146,6.29074840395214,-13.047046055440052,10.619999995417226,-1.4270460600228279,-2.296155317985192,,"Justin Slaten","25648",686580
"Cam Schlittler ","NYY","SP",116.62999725341797,119,3.64059085247349,-4.07339261102802,-7.416835022044344,1.50553642774737,-6.73817006320034,-13.082270416051852,10.619999995417226,-1.462270420634626,-2.3439932908467838,,"Cam Schlittler","32095",693645
"Jordan Hicks ","CHW","RP",999,62,-5.3012112224962,-2.85680601760811,-3.084971154489397,-6.21383775796288,4.2862994090056,-13.170526743550987,10.619999995417226,-1.5505267481337608,-2.463853629726953,,"Jordan Hicks","19618",663855
"Tommy Nance ","TOR","RP",999,58,-5.3012112224962,-4.07339261102802,-2.3161576300368405,-6.81691386622149,5.28852390647888,-13.219151423303682,10.619999995417226,-1.5991514278864556,-2.529890488026489,,"Tommy Nance","19178",667297
"Ryan Thompson ","ARI","RP",748.4299926757812,63,-5.3012112224962,-3.46509931431807,-4.013144408479645,-6.93752908787321,6.29074840395214,-13.42623562921499,10.619999995417226,-1.8062356337977636,-2.8111301883471644,,"Ryan Thompson","16647",657044
"Yennier Cano ","BAL","RP",999,60,-5.3012112224962,-3.46509931431807,-4.172504138017336,-6.81691386622149,6.29074840395214,-13.46498013710096,10.619999995417226,-1.8449801416837337,-2.8637488501083093,,"Yennier Cano","25911",666974
"Tanner Bibee ","CLE","SP",188.6300048828125,181,5.42895126746743,-4.07339261102802,-14.917625413796317,6.81260618042316,-6.73817006320034,-13.487630640134096,10.619999995417226,-1.8676306447168693,-2.9019049082388166,16,"Tanner Bibee","30134",676440
"Anthony Bender ","MIA","RP",999,61,-5.3012112224962,-3.46509931431807,-3.628737646253367,-6.45506820126632,5.28852390647888,-13.561592477855092,10.619999995417226,-1.9415924824378643,-2.994957435723998,,"Anthony Bender","19742",669622
"Matt Festa ","CLE","RP",999,60,-5.3012112224962,-4.07339261102802,-4.172504138017336,-6.45506820126632,6.29074840395214,-13.711427768855748,10.619999995417226,-2.0914277734385216,-3.1984477606043704,,"Matt Festa","19330",670036
"Greg Weissert ","BOS","RP",999,65,-5.3012112224962,-3.46509931431807,-8.813370407968577,-6.45506820126632,10.2996463938452,-13.735102752203959,10.619999995417226,-2.115102756786733,-3.2306006000381986,,"Greg Weissert","20375",669711
"Sean Newcomb ","CHW","RP",999,66,-5.3012112224962,-3.46509931431807,-5.325724424696172,-5.97260731465944,6.29074840395214,-13.773893872217739,10.619999995417226,-2.1538938768005127,-3.283282565424062,,"Sean Newcomb","16943",656794
"Michael King ","SDP","SP",129.55999755859375,162,5.42895126746743,-4.07339261102802,-14.94561053703221,6.20953007216455,-6.73817006320034,-14.1186918716286,10.619999995417226,-2.498691876211375,-3.7625622749863794,16,"Michael King","19853",650633
"Luis García ","NYM","RP",999,60,-5.3012112224962,-4.07339261102802,-4.172504138017336,-6.93752908787321,6.29074840395214,-14.193888655462635,10.619999995417226,-2.573888660045409,-3.853674722837706,,"Luis Garcia","6984",472610
"Tony Santillan ","CIN","RP",718.1199951171875,70,-5.3012112224962,-1.6402194241882,-9.038417440657163,-4.52522465483875,6.29074840395214,-14.214324338228199,10.619999995417226,-2.594324342810973,-3.881428289419685,,"Tony Santillan","19926",663574
"Tyler Holton ","DET","RP",999,72,-5.3012112224962,-3.46509931431807,-6.478944711375006,-6.3344529796146,7.2929729014254,-14.28673532637847,10.619999995417226,-2.6667353309612434,-3.9918655398855627,1,"Tyler Holton","26231",663947
"Tanner Banks ","PHI","RP",999,63,-5.3012112224962,-3.46509931431807,-5.485084154233863,-6.3344529796146,6.29074840395214,-14.295099266710595,10.619999995417226,-2.6750992712933708,-3.9911281894185437,,"Tanner Banks","16990",621383
"Hunter Greene ","CIN","SP",444.32000732421875,81,-3.51285080750227,-4.07339261102802,1.3588332060091617,-1.5098441135457,-6.73817006320034,-14.475424389267168,10.619999995417226,-2.8554243938499426,-4.236026554336918,,"Hunter Greene","22182",668881
"Yohan Ramírez ","PIT","RP",999,56,-5.3012112224962,-4.07339261102802,-1.9317508678105622,-6.45506820126632,3.28407491153234,-14.477347991068775,10.619999995417226,-2.857347995651548,-4.238638985313194,,"Yohan Ramirez","19444",670990
"Ryne Stanek ","STL","RP",745.9000244140625,60,-5.3012112224962,-1.03192612747825,-7.116383629525771,-6.3344529796146,5.28852390647888,-14.495450052635954,10.619999995417226,-2.875450057218729,-4.263223276268347,,"Ryne Stanek","15947",592773
"Joe Musgrove ","SDP","SP",385.6199951171875,146,3.64059085247349,-4.07339261102802,-10.398416693467775,3.07353430921976,-6.73817006320034,-14.49585420600289,10.619999995417226,-2.8758542105856644,-4.263772154302286,,"Joe Musgrove","12970",605397
"Hoby Milner ","CHC","RP",999,60,-5.3012112224962,-4.07339261102802,-4.172504138017336,-7.4199899744801,6.29074840395214,-14.676349542069522,10.619999995417226,-3.0563495466522967,-4.508901685071042,,"Hoby Milner","13346",571948
"Lucas Erceg ","KCR","RP",490.70001220703125,64,-5.3012112224962,-1.6402194241882,-6.41325740822411,-6.69629864456976,5.28852390647888,-14.762462792999413,10.619999995417226,-3.142462797582187,-4.625851525734093,,"Lucas Erceg","19360",668674
"David Peterson ","NYM","SP",452.0400085449219,164,9.00567209745531,-4.07339261102802,-16.801957045012703,3.79722563913009,-6.73817006320034,-14.810621982655665,10.619999995417226,-3.1906219872384396,-4.707061529175558,6,"David Peterson","20302",656849
"Shane McClanahan ","TBR","SP",182.99000549316406,141,1.85223043747956,-4.07339261102802,-8.701429915024969,2.83230386591632,-6.73817006320034,-14.82845828585747,10.619999995417226,-3.2084582904402437,-4.715479571254205,,"Shane McClanahan","21483",663556
"Victor Vodnik ","COL","RP",496.760009765625,64,-5.3012112224962,9.91735321330093,-10.829076645486765,-6.09322253631115,-2.72927207330727,-15.035429264300468,10.619999995417226,-3.4154292688832433,-4.996565498093629,,"Victor Vodnik","24614",680767
"Paul Sewald ","ARI","RP",389.9100036621094,62,-7.08957163749014,5.05100683962129,-8.972730137506268,-6.3344529796146,2.28185041405907,-15.063897500930649,10.619999995417226,-3.4438975055134247,-5.035228023336908,,"Paul Sewald","13892",623149
"Eric Orze ","MIN","RP",999,60,-5.3012112224962,-3.46509931431807,-5.6444438837715545,-5.97260731465944,5.28852390647888,-15.094837828766385,10.619999995417226,-3.4748378333491585,-5.077247879414547,,"Eric Orze","27626",679358
"Kevin Ginkel ","ARI","RP",556.52001953125,59,-5.3012112224962,-2.85680601760811,-4.716270629781307,-6.57568342291804,4.2862994090056,-15.163671883798068,10.619999995417226,-3.5436718883808407,-5.17073095758449,,"Kevin Ginkel","19876",656464
"Gavin Williams ","CLE","SP",144.74000549316406,167,3.64059085247349,-4.07339261102802,-15.170657569720806,7.0538366237266,-6.73817006320034,-15.28779276774908,10.619999995417226,-3.667792772331855,-5.358914555645142,16,"Gavin Williams","30122",668909
"Dietrich Enns ","BAL","RP",999,62,-5.3012112224962,-4.07339261102802,-6.0288506459978315,-6.3344529796146,6.29074840395214,-15.447159055184521,10.619999995417226,-3.8271590597672924,-5.555733023650448,,"Dietrich Enns","13932",608650
"Tyler Kinley ","ATL","RP",999,63,-5.3012112224962,-4.07339261102802,-6.95702389998808,-5.61076164970426,6.29074840395214,-15.651640979264432,10.619999995417226,-4.031640983847207,-5.833438582102649,,"Tyler Kinley","18297",641755
"Sean Manaea ","NYM","SP",423.3599853515625,128,1.85223043747956,-4.07339261102802,-9.882635324939706,2.10861253600597,-5.73594556572708,-15.731130528209274,10.619999995417226,-4.111130532792048,-5.941392816591431,,"Sean Manaea","15873",640455
"Justin Sterner ","ATH","RP",547.0499877929688,65,-5.3012112224962,0.792953762651609,-8.813370407968577,-5.73137687135598,3.28407491153234,-15.768929827636823,10.619999995417226,-4.148929832219596,-5.99272779695149,,"Justin Sterner","27694",686993
"Justin Topa ","MIN","RP",999,62,-5.3012112224962,-1.6402194241882,-6.0288506459978315,-7.17875953117665,4.2862994090056,-15.862741414853295,10.619999995417226,-4.24274141943607,-6.120132697577605,,"Justin Topa","15145",623437
"Tim Hill ","NYY","RP",999,66,-5.3012112224962,-4.07339261102802,-6.797664170450389,-8.14368130439044,8.29519739889868,-16.020751909466377,10.619999995417226,-4.400751914049152,-6.334725712805129,,"Tim Hill","16814",657612
"Will Warren ","NYY","SP",285.04998779296875,132,3.64059085247349,-4.07339261102802,-12.12338859514648,2.10861253600597,-5.73594556572708,-16.18352338342211,10.619999995417226,-4.563523388004882,-6.5836677164375494,2,"Will Warren","30182",701542
"Justin Lawrence ","PIT","RP",999,58,-5.3012112224962,-3.46509931431807,-5.260037121545277,-6.57568342291804,4.2862994090056,-16.315731672271994,10.619999995417226,-4.695731676854768,-6.735335791816401,,"Justin Lawrence","17639",664875
"Aaron Nola ","PHI","SP",205.52999877929688,179,9.00567209745531,-4.07339261102802,-21.892917380341125,7.17445184537832,-6.73817006320034,-16.52435611173586,10.619999995417226,-4.904356116318633,-7.018667273211538,,"Aaron Nola","16149",605400
"Tyler Phillips ","MIA","RP",999,68,-5.3012112224962,-2.24851272089816,-10.125950424185103,-7.17875953117665,8.29519739889868,-16.55923649985745,10.619999995417226,-4.939236504440225,-7.066038099292726,,"Tyler Phillips","20629",663969
"Juan Mejia ","COL","RP",748.510009765625,66,-5.3012112224962,-2.24851272089816,-11.213483407713042,-5.12830076309737,7.2929729014254,-16.598535212779378,10.619999995417226,-4.97853521736215,-7.1194094232742575,,"Juan Mejia","23237",675848
"Joey Cantillo ","CLE","SP",270.80999755859375,144,1.85223043747956,-4.07339261102802,-12.957889422749929,4.27968652573699,-5.73594556572708,-16.635310636288494,10.619999995417226,-5.015310640871269,-7.201959171604361,2,"Joey Cantillo","23335",676282
"Reynaldo López ","ATL","SP",302.9100036621094,144,3.64059085247349,-4.07339261102802,-14.429829168504149,3.91784086078181,-5.73594556572708,-16.68073563200394,10.619999995417226,-5.060735636586715,-7.231045272890194,,"Reynaldo Lopez","16400",625643
"Carmen Mlodzinski ","PIT","SP",745.6199951171875,118,0.0638700224856139,-4.07339261102802,-9.432541259562532,-0.544922340331917,-2.72927207330727,-16.716258261744127,10.619999995417226,-5.0962582663269025,-7.2792883230965995,,"Carmen Mlodzinski","27572",669387
"Bubba Chandler ","PIT","SP",150.00999450683594,149,3.64059085247349,-4.07339261102802,-14.654876201192737,4.03845608243353,-5.73594556572708,-16.78516744304081,10.619999995417226,-5.165167447623579,-7.4071269212846005,2,"Bubba Chandler","29868",696149
"Brock Burke ","CIN","RP",999,62,-5.3012112224962,-3.46509931431807,-7.500790391752051,-6.81691386622149,6.29074840395214,-16.793266390835672,10.619999995417226,-5.173266395418447,-7.383872557575772,,"Brock Burke","17968",656271
"Mason Englert ","TBR","RP",999,61,-7.08957163749014,-3.46509931431807,-5.100677392007585,-6.57568342291804,5.28852390647888,-16.94250786025497,10.619999995417226,-5.3225078648377435,-7.586556417265568,,"Mason Englert","22288",669438
"Ben Brown ","CHC","SP/RP",733.6500244140625,73,-5.3012112224962,-4.07339261102802,-4.463238473856818,-4.52522465483875,1.2796259165858,-17.083441045634007,10.619999995417226,-5.46344105021678,-7.777956850952984,,"Ben Brown","23590",676962
"Pierce Johnson ","CIN","RP",999,61,-5.3012112224962,-3.46509931431807,-8.04455688351602,-5.61076164970426,5.28852390647888,-17.133105163555687,10.619999995417226,-5.513105168138462,-7.845405363404806,,"Pierce Johnson","13435",572955
"Grant Holmes ","ATL","SP",369.45001220703125,151,5.42895126746743,-4.07339261102802,-17.98316245492745,5.00337785564732,-5.73594556572708,-17.3601715085678,10.619999995417226,-5.740171513150572,-8.153782675634345,,"Grant Holmes","16944",656550
"Hunter Gaddis ","CLE","RP",999,61,-7.08957163749014,-2.24851272089816,-6.572617137761803,-6.81691386622149,5.28852390647888,-17.439091455892722,10.619999995417226,-5.819091460475497,-8.302886749357725,13,"Hunter Gaddis","25636",683769
"Brandon Woodruff ","MIL","SP",143.82000732421875,149,3.64059085247349,-4.07339261102802,-14.654876201192737,4.15907130408527,-6.73817006320034,-17.666776718862355,10.619999995417226,-6.046776723445127,-8.614957710100933,6,"Brandon Woodruff","16162",605540
"Hogan Harris ","ATH","RP",618.1699829101562,66,-5.3012112224962,2.00954035607152,-12.685423153467259,-6.09322253631115,4.2862994090056,-17.7840171471975,10.619999995417226,-6.164017151780272,-8.729404654461138,,"Hogan Harris","21520",663687
"Grant Anderson ","MIL","RP",999,56,-7.08957163749014,-4.07339261102802,-3.4036906135647795,-6.57568342291804,3.28407491153234,-17.858263373468652,10.619999995417226,-6.238263378051426,-8.830237966854765,,"Grant Anderson","20546",681982
"Shane Baz ","BAL","SP",186.92999267578125,150,5.42895126746743,-4.07339261102802,-17.0549892009372,4.52091696904043,-6.73817006320034,-17.91668363865771,10.619999995417226,-6.296683643240482,-8.957594848268418,6,"Shane Baz","22264",669358
"Tim Herrin ","CLE","RP",999,56,-7.08957163749014,-4.07339261102802,-3.4036906135647795,-6.81691386622149,3.28407491153234,-18.099493816772103,10.619999995417226,-6.4794938213548745,-9.157851447971437,,"Tim Herrin","25139",682120
"Wandy Peralta ","SDP","RP",999,57,-7.08957163749014,-4.07339261102802,-2.8599241218008102,-7.4199899744801,3.28407491153234,-18.158803433266744,10.619999995417226,-6.5388034378495155,-9.238399448702266,,"Wandy Peralta","14295",593974
"Ryan Weathers ","NYY","SP",232.55999755859375,120,1.85223043747956,-4.07339261102802,-11.288887767543027,0.78184509783703,-5.73594556572708,-18.464150408981542,10.619999995417226,-6.844150413564315,-9.653089171493752,,"Ryan Weathers","23796",677960
"Carlos Estévez ","KCR","RP",120.08999633789062,62,-7.08957163749014,12.9588196968507,-13.388549374768923,-7.29937475282838,-3.73149657078054,-18.550172639017287,10.619999995417226,-6.93017264360006,-9.826655396042362,5,"Carlos Estevez","14542",608032
"Chad Patrick ","MIL","SP",288.6499938964844,141,3.64059085247349,-4.07339261102802,-14.58918889804184,2.95291908756804,-6.73817006320034,-18.80724163222868,10.619999995417226,-7.187241636811454,-10.119039109027883,,"Chad Patrick","30113",694477
"Joe Boyle ","TBR","SP",713.1400146484375,89,-3.51285080750227,-4.07339261102802,-4.594613080158605,-0.906768005287084,-5.73594556572708,-18.823570069703056,10.619999995417226,-7.203570074285828,-10.141214652748321,,"Joe Boyle","29608",671212
"Cody Ponce ","TOR","SP",250.02000427246094,164,3.64059085247349,-4.07339261102802,-18.273896790766923,5.60645396390593,-5.73594556572708,-18.8361901511426,10.619999995417226,-7.216190155725375,-10.158353902487146,,"Cody Ponce","17920",664074
"Jaden Hill ","COL","RP",999,55,-5.3012112224962,-4.07339261102802,-5.4193968510829675,-6.45506820126632,2.28185041405907,-18.967218471814448,10.619999995417226,-7.347218476397222,-10.336302604451669,,"Jaden Hill","30250",677955
"Scott Barlow ","ATH","RP",999,60,-7.08957163749014,-1.6402194241882,-8.58832337527999,-6.21383775796288,4.2862994090056,-19.24565278591561,10.619999995417226,-7.625652790498387,-10.71444241821585,,"Scott Barlow","14993",605130
"Carlos Vargas ","SEA","RP",999,56,-7.08957163749014,-4.07339261102802,-3.4036906135647795,-8.02306608273872,3.28407491153234,-19.30564603328932,10.619999995417226,-7.685646037872097,-10.795918853554781,,"Carlos Vargas","22915",672841
"Yusei Kikuchi ","LAA","SP",506.57000732421875,168,5.42895126746743,-4.07339261102802,-20.514650060973697,6.57137573711971,-6.73817006320034,-19.32588573061492,10.619999995417226,-7.705885735197695,-10.891824798084368,16,"Yusei Kikuchi","20633",579328
"A.J. Puk ","ARI","RP",748.5,42,-7.08957163749014,0.184660465941655,0.7590964677733861,-7.66122041778354,-5.73594556572708,-19.54298068728572,10.619999995417226,-7.922980691868494,-11.118241488793537,,"A.J. Puk","19343",640462
"Jonathan Bowlan ","PHI","RP",999,58,-7.08957163749014,-4.07339261102802,-6.731976867299494,-6.93752908787321,5.28852390647888,-19.543946297212003,10.619999995417226,-7.923946301794778,-11.11955287729417,,"Jonathan Bowlan","24607",680742
"Edgardo Henriquez ","LAD","RP",999,46,-7.08957163749014,-4.07339261102802,-0.009717056679170489,-6.69629864456976,-1.72704757583401,-19.59602752560111,10.619999995417226,-7.976027530183881,-11.190284051600903,,"Edgardo Henriquez","26944",683618
"Ranger Suarez ","BOS","SP",183.97999572753906,170,7.21731168246137,-4.07339261102802,-20.899056823199977,4.8827626339956,-6.73817006320034,-19.610545180971375,10.619999995417226,-7.990545185554147,-11.282980095537692,8,"Ranger Suarez","17277",624133
"Spencer Schwellenbach ","ATL","SP",743.1900024414062,79,-1.72449039250832,-4.07339261102802,-2.672579269027213,-4.40460943318703,-6.73817006320034,-19.613241768950942,10.619999995417226,-7.9932417735337165,-11.213662602464547,,"Spencer Schwellenbach","31846",680885
"Isaac Mattson ","PIT","RP",999,61,-7.08957163749014,-1.03192612747825,-9.516496629270236,-6.45506820126632,4.2862994090056,-19.806763186499357,10.619999995417226,-8.186763191082127,-11.476482768963665,,"Isaac Mattson","20385",676755
"Sandy Alcantara ","MIA","SP",144.57000732421875,187,7.21731168246137,-4.07339261102802,-21.95860468349202,5.72706918555765,-6.73817006320034,-19.82578648970136,10.619999995417226,-8.205786494284137,-11.502318192134148,,"Sandy Alcantara","18684",645261
"Robbie Ray ","SFG","SP",166.44000244140625,173,5.42895126746743,-4.07339261102802,-22.211636839416506,7.65691273198522,-6.73817006320034,-19.937335514192227,10.619999995417226,-8.317335518775005,-11.732210719654205,10,"Robbie Ray","11486",592662
"José Buttó ","SFG","RP",999,64,-7.08957163749014,-2.85680601760811,-9.357136899732547,-6.93752908787321,6.29074840395214,-19.95029523875188,10.619999995417226,-8.330295243334652,-11.671412706687649,,"Jose Butto","23313",676130
"Braydon Fisher ","TOR","RP",999,52,-7.08957163749014,-4.07339261102802,-2.6348770891122233,-6.45506820126632,0.277401419112532,-19.97550811978418,10.619999995417226,-8.355508124366951,-11.705654154868306,,"Braydon Fisher","24609",680755
"John Schreiber ","KCR","RP",999,64,-5.3012112224962,-3.46509931431807,-10.829076645486765,-6.69629864456976,6.29074840395214,-20.000937422918664,10.619999995417226,-8.380937427501442,-11.740189524484906,,"John Schreiber","20020",670167
"Elvis Alvarado ","ATH","RP",748.52001953125,54,-7.08957163749014,-2.85680601760811,-5.963163342846937,-6.45506820126632,2.28185041405907,-20.082758785152446,10.619999995417226,-8.46275878973522,-11.85131057929057,,"Elvis Alvarado","21662",665660
"Cole Winn ","TEX","RP",999,63,-7.08957163749014,-1.6402194241882,-9.900903391496517,-6.81691386622149,5.28852390647888,-20.159084412917483,10.619999995417226,-8.539084417500256,-11.954967913199557,,"Cole Winn","22113",668390
"Kodai Senga ","NYM","SP",223.52000427246094,133,1.85223043747956,-4.07339261102802,-14.523501594890945,2.2292277576577,-5.73594556572708,-20.25138157650879,10.619999995417226,-8.631381581091565,-12.080316085044135,,"Kodai Senga","31838",673540
"Shane Bieber ","TOR","SP",474.0400085449219,124,1.85223043747956,-4.07339261102802,-12.057701291995585,-0.303691897028472,-5.73594556572708,-20.318500928299603,10.619999995417226,-8.698500932882375,-12.171470436001496,,"Shane Bieber","19427",669456
"Cole Henry ","WSN","RP",736.2100219726562,64,-7.08957163749014,4.44271354291134,-13.7729561369952,-6.21383775796288,2.28185041405907,-20.35180157547781,10.619999995417226,-8.73180158006059,-12.216695826280153,,"Cole Henry","27570",669371
"Joel Payamps ","ATL","RP",999,55,-7.08957163749014,-4.07339261102802,-5.4193968510829675,-7.05814430952493,3.28407491153234,-20.356430497593728,10.619999995417226,-8.736430502176507,-12.222982335011999,,"Joel Payamps","14332",606303
"Jimmy Herget ","COL","RP",999,77,-5.3012112224962,-2.85680601760811,-15.535630218588897,-5.00768554144565,8.29519739889868,-20.406135601240194,10.619999995417226,-8.786135605822965,-12.290486509907526,,"Jimmy Herget","17556",623474
"Ben Casparius ","LAD","RP",999,55,-7.08957163749014,-4.07339261102802,-8.363276342591403,-7.17875953117665,6.29074840395214,-20.41425171833409,10.619999995417226,-8.79425172291686,-12.301508955241825,,"Ben Casparius","30085",676508
"Mike Burrows ","HOU","SP",237.9499969482422,137,1.85223043747956,-4.07339261102802,-15.292315119343499,2.83230386591632,-5.73594556572708,-20.417118992702736,10.619999995417226,-8.797118997285509,-12.392111106305434,2,"Mike Burrows","24728",681347
"Hayden Harris ","ATL","RP",999,50,-7.08957163749014,-4.07339261102802,-2.250470326885945,-6.3344529796146,-0.724823078360737,-20.472710633379446,10.619999995417226,-8.85271063796222,-12.380901623920144,,"Hayden Harris","31913",802686
"Brant Hurter ","DET","RP",999,55,-7.08957163749014,-4.07339261102802,-3.9474571053287497,-7.66122041778354,2.28185041405907,-20.48979135757139,10.619999995417226,-8.869791362154167,-12.404098843292156,,"Brant Hurter","30133",676428
"Anthony Banda ","MIN","RP",999,56,-7.08957163749014,-3.46509931431807,-6.347570105073216,-6.93752908787321,3.28407491153234,-20.555695233222302,10.619999995417226,-8.935695237805076,-12.493602464084804,,"Anthony Banda","14706",607455
"Danny Coulombe ","BOS","RP",999,55,-7.08957163749014,-4.07339261102802,-5.4193968510829675,-7.29937475282838,3.28407491153234,-20.59766094089718,10.619999995417226,-8.97766094547995,-12.550595816128666,,"Danny Coulombe","13293",543056
"Jack Leiter ","TEX","SP",230.7100067138672,146,3.64059085247349,-4.07339261102802,-17.758115422238863,4.03845608243353,-6.73817006320034,-20.8906311615602,10.619999995417226,-9.270631166142973,-13.043798959252388,7,"Jack Leiter","30146",683004
"Zebby Matthews ","MIN","SP",488.6400146484375,104,-1.72449039250832,-4.07339261102802,-8.213633669732802,-1.14799844859053,-5.73594556572708,-20.895460687586755,10.619999995417226,-9.27546069216953,-12.955035696736564,,"Zebby Matthews","31827",805673
"Kumar Rocker ","TEX","SP",720.72998046875,129,1.85223043747956,-4.07339261102802,-13.754688070438387,0.78184509783703,-5.73594556572708,-20.929950711876906,10.619999995417226,-9.309950716459678,-13.00187637226142,,"Kumar Rocker","31843",677958
"Braxton Garrett ","MIA","SP",604.1099853515625,114,0.0638700224856139,-4.07339261102802,-10.135667480864194,-1.14799844859053,-5.73594556572708,-21.029134083724205,10.619999995417226,-9.409134088306983,-13.1365766583232,,"Braxton Garrett","21844",666129
"Jared Jones ","PIT","SP",714.77001953125,101,-1.72449039250832,-4.07339261102802,-8.372993399270493,-1.14799844859053,-5.73594556572708,-21.054820417124446,10.619999995417226,-9.43482042170722,-13.171461099056039,,"Jared Jones","27863",683003
"Drew Anderson ","DET","SP",999,84,-3.51285080750227,-4.07339261102802,-13.201204521995324,-4.64583987649049,4.2862994090056,-21.146988408010493,10.619999995417226,-9.526988412593267,-13.296633842297753,,"Drew Anderson","15130",623454
"Quinn Priester ","MIL","SP",592.1400146484375,120,1.85223043747956,-4.07339261102802,-11.288887767543027,-0.906768005287084,-6.73817006320034,-21.154988009578922,10.619999995417226,-9.534988014161698,-13.30749804866197,,"Quinn Priester","25977",682990
"Matthew Boyd ","CHC","SP",212.75999450683594,168,5.42895126746743,-4.07339261102802,-20.514650060973697,4.64153219069215,-6.73817006320034,-21.25572927704248,10.619999995417226,-9.635729281625256,-13.546558589700348,3,"Matthew Boyd","15440",571510
"George Soriano ","STL","RP",999,58,-7.08957163749014,-4.07339261102802,-8.20391661305371,-7.17875953117665,5.28852390647888,-21.257116486269663,10.619999995417226,-9.637116490852435,-13.446198062273881,,"George Soriano","21863",666277
"Enyel De Los Santos ","HOU","RP",999,60,-7.08957163749014,-4.07339261102802,-8.58832337527999,-6.81691386622149,5.28852390647888,-21.279677583540774,10.619999995417226,-9.65967758812355,-13.476838140340247,,"Enyel De Los Santos","18403",660853
"PJ Poulin ","WSN","RP",999,59,-7.08957163749014,-3.46509931431807,-9.132089867043959,-6.93752908787321,5.28852390647888,-21.33576600024651,10.619999995417226,-9.715766004829288,-13.553011450788361,,"PJ Poulin","23394",676571
"Brad Lord ","WSN","SP",999,91,-3.51285080750227,-0.423632830768299,-19.698417299927062,-5.24891598474909,7.2929729014254,-21.590844021521313,10.619999995417226,-9.970844026104087,-13.89943123662389,,"Brad Lord","31972",695418
"Jakob Junis ","TEX","RP",999,65,-7.08957163749014,-3.46509931431807,-10.285310153722794,-7.05814430952493,6.29074840395214,-21.607377011103804,10.619999995417226,-9.987377015686576,-13.921884581219254,,"Jakob Junis","13619",596001
"Justin Bruihl ","STL","RP",999,54,-7.08957163749014,-4.07339261102802,-5.963163342846937,-7.78183563943526,3.28407491153234,-21.623888319268037,10.619999995417226,-10.003888323850811,-13.94430848042285,,"Justin Bruihl","23779",677865
"Cole Sulser ","TBR","RP",999,56,-7.08957163749014,-4.07339261102802,-6.347570105073216,-7.4199899744801,3.28407491153234,-21.64644941653915,10.619999995417226,-10.026449421121923,-13.97494855848921,,"Cole Sulser","15256",642121
"Matthew Liberatore ","STL","SP",410.2300109863281,148,1.85223043747956,-4.07339261102802,-15.198642692956708,2.34984297930942,-6.73817006320034,-21.8081319503961,10.619999995417226,-10.188131954978875,-14.194528546103001,,"Matthew Liberatore","22294",669461
"Cade Horton ","CHC","SP",177.7100067138672,129,1.85223043747956,-4.07339261102802,-13.754688070438387,0.902460319488752,-6.73817006320034,-21.81155998769845,10.619999995417226,-10.19155999228122,-14.312436509744252,5,"Cade Horton","31872",690990
"Caleb Kilian ","SFG","RP",999,59,-7.08957163749014,-2.85680601760811,-9.132089867043959,-8.26429652604216,5.28852390647888,-22.054240141705503,10.619999995417226,-10.434240146288277,-14.528766464758974,,"Caleb Kilian","26213",668873
"Matt Gage ","SFG","RP",999,56,-7.08957163749014,-4.07339261102802,-6.347570105073216,-7.90245086108698,3.28407491153234,-22.12891030314604,10.619999995417226,-10.508910307728813,-14.630175520722553,,"Matt Gage","17381",657424
"Kris Bubic ","KCR","SP",190.69000244140625,147,3.64059085247349,-4.07339261102802,-18.68628867622911,2.71168864426459,-5.73594556572708,-22.143347356246124,10.619999995417226,-10.523347360828902,-14.769875830012099,3,"Kris Bubic","21455",663460
"Rico Garcia ","BAL","RP",999,56,-7.08957163749014,-4.07339261102802,-7.819509850827433,-6.45506820126632,3.28407491153234,-22.153467389079584,10.619999995417226,-10.533467393662358,-14.663526337885582,,"Rico Garcia","20023",670329
"Connor Phillips ","CIN","RP",999,58,-7.08957163749014,-4.07339261102802,-8.20391661305371,-6.21383775796288,3.28407491153234,-22.296643708002417,10.619999995417226,-10.676643712585191,-14.857973156510276,,"Connor Phillips","27649",683175
"Zack Kelly ","BOS","RP",999,58,-7.08957163749014,-4.07339261102802,-9.675856358807929,-6.81691386622149,5.28852390647888,-22.367210567068714,10.619999995417226,-10.747210571651488,-14.953809544461933,,"Zack Kelly","20349",677161
"Chase Silseth ","LAA","RP",999,62,-7.08957163749014,-3.46509931431807,-10.444669883260485,-6.69629864456976,5.28852390647888,-22.407115573159594,10.619999995417226,-10.787115577742366,-15.00800427121526,,"Chase Silseth","30074",681217
"Bradgley Rodriguez ","SDP","RP",999,52,-7.08957163749014,-4.07339261102802,-4.106816834866442,-7.4199899744801,0.277401419112532,-22.412369638752175,10.619999995417226,-10.79236964333495,-15.015139783198034,,"Bradgley Rodriguez","29107",699134
"Kyle Harrison ","MIL","SP",446.55999755859375,103,-1.72449039250832,-4.07339261102802,-10.229339907250987,-0.665537561983639,-5.73594556572708,-22.428706038498056,10.619999995417226,-10.808706043080825,-15.037326140427115,,"Kyle Harrison","27758",690986
"Kevin Kelly ","TBR","RP",999,48,-7.08957163749014,-4.07339261102802,-0.3941238189054488,-8.14368130439044,-2.72927207330727,-22.430041445121326,10.619999995417226,-10.810041449704098,-15.039139747393822,,"Kevin Kelly","25679",687330
"Huascar Brazobán ","NYM","RP",999,52,-7.08957163749014,-4.07339261102802,-4.106816834866442,-7.54060519613182,0.277401419112532,-22.532984860403893,10.619999995417226,-10.912984864986672,-15.178946523756366,,"Huascar Brazoban","6107",623211
"Landen Roupp ","SFG","SP",690.0999755859375,126,1.85223043747956,-4.07339261102802,-15.385987545730297,0.78184509783703,-5.73594556572708,-22.561250187168813,10.619999995417226,-10.941250191751587,-15.217333478443948,,"Landen Roupp","30076",694738
"Ryan Borucki ","SFG","RP",999,54,-7.08957163749014,-4.07339261102802,-4.49122359709272,-7.29937475282838,0.277401419112532,-22.676161179326733,10.619999995417226,-11.056161183909506,-15.373393342381064,,"Ryan Borucki","16350",621366
"Tobias Myers ","NYM","SP/RP",999,76,-5.3012112224962,-4.07339261102802,-11.663577473090216,-5.97260731465944,4.2862994090056,-22.724489212268274,10.619999995417226,-11.10448921685105,-15.439027326594175,,"Tobias Myers","22191",668964
"Jack Dreyer ","LAD","RP",999,52,-7.08957163749014,-4.07339261102802,-5.578756580620659,-7.4199899744801,1.2796259165858,-22.882084887033127,10.619999995417226,-11.2620848916159,-15.65305697770955,,"Jack Dreyer","30249",676263
"Sam Bachman ","LAA","RP",999,59,-7.08957163749014,-2.85680601760811,-10.604029612798175,-7.66122041778354,5.28852390647888,-22.923103779201103,10.619999995417226,-11.303103783783879,-15.708764465830342,,"Sam Bachman","29754",696147
"Nick Mears ","KCR","RP",999,60,-7.08957163749014,-4.07339261102802,-10.060263121034208,-7.05814430952493,5.28852390647888,-22.992847772598438,10.619999995417226,-11.372847777181214,-15.803483325319966,,"Nick Mears","25376",683232
"Michael Soroka ","ARI","SP",710.3599853515625,103,-1.72449039250832,-1.03192612747825,-13.173219398759423,-1.38922889189398,-5.73594556572708,-23.054810376367055,10.619999995417226,-11.434810380949825,-15.887634330647902,,"Michael Soroka","18383",647336
"Taj Bradley ","MIN","SP",492.4599914550781,145,1.85223043747956,-4.07339261102802,-18.30188191400283,3.19414953087148,-5.73594556572708,-23.064840122406903,10.619999995417226,-11.444840126989675,-15.901255662888698,,"Taj Bradley","22543",671737
"Kai-Wei Teng ","HOU","SP",999,59,-7.08957163749014,-4.07339261102802,-6.188210375535525,-6.09322253631115,0.277401419112532,-23.166995741252308,10.619999995417226,-11.546995745835083,-16.03999253808265,,"Kai-Wei Teng","24282",678906
"Ryan Zeferjahn ","LAA","RP",999,52,-7.08957163749014,-4.07339261102802,-4.106816834866442,-6.21383775796288,-1.72704757583401,-23.210666417181486,10.619999995417226,-11.59066642176426,-16.099301396317756,,"Ryan Zeferjahn","25420",666171
"Justin Steele ","CHC","SP",605.5,79,-3.51285080750227,-4.07339261102802,-4.144519014781431,-4.76645509814221,-6.73817006320034,-23.235387594654267,10.619999995417226,-11.615387599237039,-16.132875065122786,,"Justin Steele","17312",657006
"Mitch Keller ","PIT","SP",518.6300048828125,174,7.21731168246137,-4.07339261102802,-24.611749839160968,4.8827626339956,-6.73817006320034,-23.323238196932365,10.619999995417226,-11.703238201515138,-16.39824470954826,1,"Mitch Keller","17594",656605
"Logan Henderson ","MIL","SP",413.3999938964844,89,-3.51285080750227,-4.07339261102802,-7.538492571667041,-2.47476588675947,-5.73594556572708,-23.335447442683883,10.619999995417226,-11.715447447266657,-16.26876568773277,,"Logan Henderson","31475",701656
"Jovani Morán ","BOS","RP",999,52,-7.08957163749014,-4.07339261102802,-5.578756580620659,-6.93752908787321,0.277401419112532,-23.401848497899508,10.619999995417226,-11.781848502482278,-16.358944524827745,,"Jovani Moran","20422",663558
"Ian Seymour ","TBR","SP",521.1400146484375,112,-1.72449039250832,-4.07339261102802,-11.223200464392132,-0.665537561983639,-5.73594556572708,-23.422566595639196,10.619999995417226,-11.80256660022197,-16.387081637331736,,"Ian Seymour","27932",693855
"Taylor Clarke ","ARI","RP",999,61,-7.08957163749014,-2.85680601760811,-10.988436375024454,-7.78183563943526,5.28852390647888,-23.428125763079112,10.619999995417226,-11.808125767661885,-16.394631506130054,,"Taylor Clarke","17611",664199
"Jacob Webb ","CHC","RP",999,54,-7.08957163749014,-4.07339261102802,-8.907042834355373,-7.66122041778354,4.2862994090056,-23.44492809165149,10.619999995417226,-11.824928096234261,-16.417450638239092,,"Jacob Webb","19274",657097
"Caleb Ferguson ","CIN","RP",999,53,-7.08957163749014,-4.07339261102802,-5.034990088856689,-7.54060519613182,0.277401419112532,-23.461158114394145,10.619999995417226,-11.841158118976919,-16.43949252555857,,"Caleb Ferguson","19349",657571
"Casey Legumina ","SEA","RP",999,50,-7.08957163749014,-4.07339261102802,-2.250470326885945,-7.4199899744801,-2.72927207330727,-23.562696623191485,10.619999995417226,-11.94269662777426,-16.57739130764823,,"Casey Legumina","25921",668984
"Casey Mize ","DET","SP",289.6499938964844,143,3.64059085247349,-4.07339261102802,-17.917475151776554,1.38492120609564,-6.73817006320034,-23.70352576743579,10.619999995417226,-12.08352577201856,-16.7686504437537,,"Casey Mize","20492",663554
"Ryne Nelson ","ARI","SP",251.42999267578125,164,3.64059085247349,-4.07339261102802,-21.21777628227536,3.55599519582665,-5.73594556572708,-23.830528410730317,10.619999995417226,-12.210528415313089,-16.941131899704935,,"Ryne Nelson","26253",669194
"Cionel Pérez ","WSN","RP",999,57,-7.08957163749014,-2.85680601760811,-10.219622850571898,-8.02306608273872,4.2862994090056,-23.902767179403266,10.619999995417226,-12.282767183986039,-17.039238897115524,,"Cionel Perez","19614",672335
"Yosver Zulueta ","SEA","RP",999,40,-7.08957163749014,-4.07339261102802,1.1435032299996644,-8.26429652604216,-5.73594556572708,-24.019703110287736,10.619999995417226,-12.399703114870508,-17.198048817041297,,"Yosver Zulueta","27765",691172
"Juan Morillo ","ARI","RP",999,54,-7.08957163749014,-4.07339261102802,-5.963163342846937,-7.17875953117665,0.277401419112532,-24.027485703429225,10.619999995417226,-12.407485708012,-17.208618305685782,,"Juan Morillo","21924",666661
"Kyle Leahy ","STL","SP",733.6699829101562,121,0.0638700224856139,-4.07339261102802,-13.689000767287492,-0.665537561983639,-5.73594556572708,-24.10000648354062,10.619999995417226,-12.48000648812339,-17.307108300979213,,"Kyle Leahy","24763",681517
"Tyler Alexander ","TEX","SP/RP",999,71,-5.3012112224962,-4.07339261102802,-14.382409931910063,-6.69629864456976,6.29074840395214,-24.162564006051916,10.619999995417226,-12.542564010634692,-17.392067261545318,,"Tyler Alexander","17735",641302
"Chris Murphy ","CHW","RP",999,56,-7.08957163749014,-4.07339261102802,-7.819509850827433,-7.54060519613182,2.28185041405907,-24.241228881418355,10.619999995417226,-12.62122888600113,-17.49890151226213,,"Chris Murphy","26214",669684
"Tatsuya Imai ","HOU","SP",999,153,3.64059085247349,-4.07339261102802,-22.78338845441638,5.60645396390593,-6.73817006320034,-24.347906312265327,10.619999995417226,-12.727906316848099,-17.64377943064491,,"Tatsuya Imai","37124",837227
"Andrew Hoffmann ","ARI","RP",999,58,-7.08957163749014,-3.46509931431807,-9.675856358807929,-7.54060519613182,3.28407491153234,-24.487057595215628,10.619999995417226,-12.867057599798404,-17.832759874343946,,"Andrew Hoffmann","29633",694851
"John King ","MIA","RP",999,56,-7.08957163749014,-4.07339261102802,-7.819509850827433,-8.86737263430077,3.28407491153234,-24.56577182211404,10.619999995417226,-12.945771826696811,-17.93966114905228,,"John King","22051",667463
"Max Meyer ","MIA","SP",281.45001220703125,139,1.85223043747956,-4.07339261102802,-18.620601373078216,1.98799731435425,-5.73594556572708,-24.58971179799951,10.619999995417226,-12.969711802582285,-17.972173873111004,,"Max Meyer","27474",676974
"Kirby Yates ","LAA","RP",269.42999267578125,48,-7.08957163749014,-1.6402194241882,-3.3380033104138844,-6.81691386622149,-5.73594556572708,-24.6206538040408,10.619999995417226,-13.000653808623571,-18.191768496183027,13,"Kirby Yates","9073",489446
"Michael Kelly ","ATH","RP",999,58,-7.08957163749014,-2.24851272089816,-11.147796104562149,-7.4199899744801,3.28407491153234,-24.621795525898214,10.619999995417226,-13.001795530480988,-18.01574657330653,,"Michael Kelly","12791",547184
"Andrew Walters ","CLE","RP",999,38,-7.08957163749014,-4.07339261102802,0.05597024647172257,-7.90245086108698,-5.73594556572708,-24.74539042886051,10.619999995417226,-13.125390433443286,-18.18359999948799,,"Andrew Walters","33834",689958
"Josh Sborz ","TEX","RP",999,50,-7.08957163749014,-4.07339261102802,-8.138229309902817,-7.78183563943526,2.28185041405907,-24.801178783797184,10.619999995417226,-13.18117878837996,-18.259365798017757,,"Josh Sborz","18323",622250
"Grant Wolfram ","BAL","RP",999,50,-7.08957163749014,-4.07339261102802,-3.722410072640163,-7.4199899744801,-2.72927207330727,-25.034636368945705,10.619999995417226,-13.414636373528474,-18.576423011511277,,"Grant Wolfram","21623",664991
"Andre Granillo ","WSN","RP",999,52,-7.08957163749014,-4.07339261102802,-7.050696326374877,-7.17875953117665,0.277401419112532,-25.115018686957168,10.619999995417226,-13.495018691539942,-18.68558970980747,,"Andre Granillo","29542",701552
"Tyler Ferguson ","ATH","RP",999,52,-7.08957163749014,-4.07339261102802,-7.050696326374877,-7.29937475282838,0.277401419112532,-25.23563390860889,10.619999995417226,-13.615633913191662,-18.8493964503658,,"Tyler Ferguson","19481",621053
"Lake Bachar ","MIA","RP",999,52,-7.08957163749014,-4.07339261102802,-7.050696326374877,-7.29937475282838,0.277401419112532,-25.23563390860889,10.619999995417226,-13.615633913191662,-18.8493964503658,,"Lake Bachar","19222",669199
"Brock Stewart ","LAD","RP",999,40,-7.08957163749014,-4.07339261102802,-0.32843651575455335,-8.02306608273872,-5.73594556572708,-25.250412412738505,10.619999995417226,-13.630412417321281,-18.869467039787683,,"Brock Stewart","16727",592779
"Foster Griffin ","WSN","SP",999,148,1.85223043747956,-4.07339261102802,-19.61446193021936,2.2292277576577,-5.73594556572708,-25.342341911837206,10.619999995417226,-13.722341916419982,-18.994315888898946,,"Foster Griffin","16432",656492
"Kyle Backhus ","PHI","RP",999,52,-7.08957163749014,-4.07339261102802,-7.050696326374877,-7.54060519613182,0.277401419112532,-25.476864351912333,10.619999995417226,-13.856864356495109,-19.17700993148247,,"Kyle Backhus","29615",679775
"Connor Brogdon ","CLE","RP",999,52,-7.08957163749014,-4.07339261102802,-7.050696326374877,-7.54060519613182,0.277401419112532,-25.476864351912333,10.619999995417226,-13.856864356495109,-19.17700993148247,,"Connor Brogdon","21205",641401
"Connelly Early ","BOS","SP",266.4800109863281,73,-3.51285080750227,-4.07339261102802,-7.407117965365254,-4.76645509814221,-5.73594556572708,-25.49576204776482,10.619999995417226,-13.875762052347596,-19.202674768136315,,"Connelly Early","33666",813349
"Brusdar Graterol ","LAD","RP",999,44,-7.08957163749014,-4.07339261102802,0.3746897055471078,-8.98798785595249,-5.73594556572708,-25.512207964650624,10.619999995417226,-13.8922079692334,-19.225009859874035,,"Brusdar Graterol","20367",660813
"Craig Yoho ","MIL","RP",999,42,-7.08957163749014,-4.07339261102802,-0.7128432779808317,-7.90245086108698,-5.73594556572708,-25.51420395331306,10.619999995417226,-13.89420395789584,-19.22772059897071,,"Craig Yoho","33248",684974
"Keaton Winn ","SFG","RP",999,58,-7.08957163749014,-4.07339261102802,-5.260037121545277,-7.4199899744801,-1.72704757583401,-25.57003892037755,10.619999995417226,-13.950038924960321,-19.303549701125203,,"Keaton Winn","23499",676775
"Zak Kent ","MIN","RP",999,54,-7.08957163749014,-4.07339261102802,-7.4351030886011555,-7.29937475282838,0.277401419112532,-25.62004067083517,10.619999995417226,-14.000040675417944,-19.371456750107168,,"Zak Kent","25703",687849
"Brent Suter ","LAA","RP",999,61,-7.08957163749014,-4.07339261102802,-10.988436375024454,-7.78183563943526,4.2862994090056,-25.646936853972296,10.619999995417226,-14.026936858555064,-19.40798427982372,,"Brent Suter","13942",608718
"Mick Abel ","MIN","SP",298.7799987792969,129,1.85223043747956,-4.07339261102802,-19.64244705345526,1.86738209270253,-5.73594556572708,-25.732172700028272,10.619999995417226,-14.112172704611046,-19.523742522688607,,"Mick Abel","27756",690953
"Zac Gallen ","ARI","SP",222.69000244140625,181,5.42895126746743,-4.07339261102802,-26.693143379830055,6.33014529381627,-6.73817006320034,-25.74560949277472,10.619999995417226,-14.125609497357493,-19.54199094269076,,"Zac Gallen","19291",668678
"Yoendrys Gómez ","TBR","SP/RP",999,58,-7.08957163749014,-4.07339261102802,-8.20391661305371,-6.69629864456976,0.277401419112532,-25.785778087029115,10.619999995417226,-14.165778091611887,-19.596543646798224,,"Yoendrys Gomez","22872",672782
"Sam Moll ","CIN","RP",999,52,-7.08957163749014,-4.07339261102802,-5.578756580620659,-7.4199899744801,-1.72704757583401,-25.888758379452927,10.619999995417226,-14.268758384035703,-19.736400505764156,,"Sam Moll","14874",594580
"Brandon Sproat ","MIL","SP",528.2000122070312,96,-1.72449039250832,-4.07339261102802,-11.091825858090342,-3.31907243832154,-5.73594556572708,-25.944726865675307,10.619999995417226,-14.324726870258079,-19.81241093941028,,"Brandon Sproat","33850",687075
"Parker Messick ","CLE","SP",294.17999267578125,128,0.0638700224856139,-4.07339261102802,-15.770394307956575,0.419999432881863,-6.73817006320034,-26.098087526817466,10.619999995417226,-14.478087531400236,-20.020689046332038,,"Parker Messick","31986",800048
"Jacob Latz ","TEX","SP",730.9299926757812,96,-1.72449039250832,-4.07339261102802,-12.563765603844557,-2.11292022180431,-5.73594556572708,-26.210514394912295,10.619999995417226,-14.590514399495063,-20.17337523768998,,"Jacob Latz","21306",656641
"Ryan Lambert ","NYM","RP",999,36,-8.87793205248409,-4.07339261102802,0.44037700869800084,-8.14368130439044,-5.73594556572708,-26.390574524931612,10.619999995417226,-14.770574529514388,-20.417913717983474,,"Ryan Lambert","sa3025613",822038
"Robert Gasser ","MIL","SP",748.5800170898438,75,-5.3012112224962,-4.07339261102802,-6.319584981837314,-5.00768554144565,-5.73594556572708,-26.43781992253427,10.619999995417226,-14.817819927117043,-20.482077382251486,,"Robert Gasser","29812",688107
"Michael Petersen ","MIA","RP",999,48,-7.08957163749014,-4.07339261102802,-4.809943056168103,-7.78183563943526,-2.72927207330727,-26.484015017428813,10.619999995417226,-14.864015022011582,-20.544814637307965,,"Michael Petersen","20827",656848
"Steven Matz ","TBR","SP",712.989990234375,134,0.0638700224856139,-4.07339261102802,-16.92361459463541,0.178768989578418,-5.73594556572708,-26.490313759326472,10.619999995417226,-14.870313763909245,-20.553368917321258,,"Steven Matz","13361",571927
"Cooper Criswell ","SEA","RP",999,72,-5.3012112224962,-4.07339261102802,-10.89476394863766,-6.81691386622149,0.277401419112532,-26.80888022927084,10.619999995417226,-15.188880233853613,-20.986011948425926,,"Cooper Criswell","24975",681867
"Brandan Bidois ","PIT","RP",999,52,-7.08957163749014,-4.07339261102802,-8.522636072129096,-7.4199899744801,0.277401419112532,-26.828188876014835,10.619999995417226,-15.208188880597604,-21.012234894787184,,"Brandan Bidois","sa3015277",684049
"Brandon Pfaadt ","ARI","SP",588.5999755859375,163,3.64059085247349,-4.07339261102802,-23.23348251979355,3.43537997417492,-6.73817006320034,-26.969074367373498,10.619999995417226,-15.349074371956274,-21.203570555538704,,"Brandon Pfaadt","27782",694297
"Roki Sasaki ","LAD","SP",289.7200012207031,120,0.0638700224856139,-4.07339261102802,-17.176646750559897,-0.0624614537250271,-5.73594556572708,-26.984576358554417,10.619999995417226,-15.36457636313719,-21.224623707974487,,"Roki Sasaki","35323",808963
"Alex Lange ","KCR","RP",999,52,-7.08957163749014,-4.07339261102802,-8.522636072129096,-7.66122041778354,0.277401419112532,-27.069419319318275,10.619999995417226,-15.449419323901047,-21.339848375903852,,"Alex Lange","19883",656638
"Hunter Barco ","PIT","SP",999,87,-3.51285080750227,-4.07339261102802,-10.097965300949197,-3.6809181032767,-5.73594556572708,-27.101072388483264,10.619999995417226,-15.48107239306604,-21.38283620130085,,"Hunter Barco","33174",682995
"Roddery Muñoz ","HOU","RP",999,54,-7.08957163749014,-4.07339261102802,-11.85092232586381,-7.4199899744801,3.28407491153234,-27.14980163732974,10.619999995417226,-15.52980164191251,-21.449015074200044,,"Roddery Munoz","25311",682610
"Brady Singer ","CIN","SP",388.25,170,5.42895126746743,-4.07339261102802,-26.786815806216847,5.00337785564732,-6.73817006320034,-27.166049357330458,10.619999995417226,-15.546049361913237,-21.47108099604951,,"Brady Singer","25377",663903
"Chris Bassitt ","BAL","SP",359.3599853515625,175,7.21731168246137,-4.07339261102802,-29.955742330413873,5.36522352060248,-5.73594556572708,-27.182545304105123,10.619999995417226,-15.562545308687891,-21.493484033050787,,"Chris Bassitt","12304",605135
"Hunter Bigge ","TBR","RP",999,44,-7.08957163749014,-4.07339261102802,-2.5691897859613273,-7.78183563943526,-5.73594556572708,-27.249935239641836,10.619999995417226,-15.629935244224612,-21.58500586201679,,"Hunter Bigge","26259",685801
"Ryan Johnson ","LAA","RP",999,67,-5.3012112224962,-4.07339261102802,-6.253897678686419,-5.97260731465944,-5.73594556572708,-27.337054392597157,10.619999995417226,-15.717054397179929,-21.70332181161576,,"Ryan Johnson","35325",696270
"Shota Imanaga ","CHC","SP",157.92999267578125,148,3.64059085247349,-4.07339261102802,-22.558341421727793,2.34984297930942,-6.73817006320034,-27.379470264173243,10.619999995417226,-15.759470268756015,-21.760926528298054,,"Shota Imanaga","33829",684007
"Austin Warren ","NYM","RP",999,48,-7.08957163749014,-4.07339261102802,-6.281882801922319,-8.26429652604216,-1.72704757583401,-27.43619115231665,10.619999995417226,-15.816191156899421,-21.837958794052817,,"Austin Warren","24937",681810
"Nick Martinez ","TBR","SP",738.3400268554688,147,1.85223043747956,-4.07339261102802,-20.158228421983328,0.661229876185308,-5.73594556572708,-27.45410628507357,10.619999995417226,-15.834106289656344,-21.86228921821814,,"Nick Martinez","12730",607259
"Eduarniel Núñez ","ATH","RP",999,50,-7.08957163749014,-4.07339261102802,-6.666289564148598,-6.93752908787321,-2.72927207330727,-27.496054973847247,10.619999995417226,-15.87605497843002,-21.919259457004035,,"Eduarniel Nunez","23162",674384
"Joel Peguero ","SFG","RP",999,48,-7.08957163749014,-1.6402194241882,-4.809943056168103,-8.26429652604216,-5.73594556572708,-27.53997620961568,10.619999995417226,-15.919976214198453,-21.97890859891164,,"Joel Peguero","21951",666711
"JT Brubaker ","SFG","RP",999,57,-7.08957163749014,-4.07339261102802,-13.163502342080337,-8.62614219099732,5.28852390647888,-27.664084875116956,10.619999995417226,-16.04408487969973,-22.14745976262389,,"JT Brubaker","17578",664141
"Trevor Rogers ","BAL","SP",146.07000732421875,150,5.42895126746743,-4.07339261102802,-24.414687929708286,1.98799731435425,-6.73817006320034,-27.809302022114963,10.619999995417226,-16.18930202669774,-22.612916174200155,2,"Trevor Rogers","22286",669432
"Chris Roycroft ","STL","RP",999,52,-7.08957163749014,-4.07339261102802,-8.522636072129096,-8.5055269693456,0.277401419112532,-27.913725870880334,10.619999995417226,-16.293725875463107,-22.486495559812198,,"Chris Roycroft","31261",688297
"Nate Pearson ","HOU","RP",999,50,-7.08957163749014,-4.07339261102802,-6.666289564148598,-7.4199899744801,-2.72927207330727,-27.97851586045414,10.619999995417226,-16.358515865036914,-22.57448641923738,,"Nate Pearson","20160",663878
"Brandyn Garcia ","ARI","RP",999,46,-7.08957163749014,-4.07339261102802,-5.897476039696041,-8.38491174769388,-2.72927207330727,-28.174624109215365,10.619999995417226,-16.554624113798138,-22.840819744221324,,"Brandyn Garcia","33568",805299
"DL Hall ","MIL","RP",999,52,-7.08957163749014,-4.07339261102802,-8.522636072129096,-7.78183563943526,-0.724823078360737,-28.192259038443265,10.619999995417226,-16.572259043026037,-22.86476962581372,,"DL Hall","22207",669084
"Josh White ","MIA","RP",999,47,-7.08957163749014,-4.07339261102802,-3.8817698021778546,-7.4199899744801,-5.73594556572708,-28.200669590903196,10.619999995417226,-16.58066959548597,-22.876191941885356,,"Josh White","sa3019953",687985
"Kyle Hurt ","LAD","RP",999,49,-7.08957163749014,-4.07339261102802,-4.266176564404133,-7.05814430952493,-5.73594556572708,-28.223230688174308,10.619999995417226,-16.60323069275708,-22.90683201995172,,"Kyle Hurt","27514",669165
"Colin Selby ","BAL","RP",999,45,-7.08957163749014,-4.07339261102802,-3.4973630399515767,-7.90245086108698,-5.73594556572708,-28.298723715283813,10.619999995417226,-16.678723719866586,-23.009358604377336,,"Colin Selby","24986",681882
"Jalen Beeks ","TEX","RP",999,58,-7.08957163749014,-4.07339261102802,-9.675856358807929,-7.78183563943526,0.277401419112532,-28.34325482764884,10.619999995417226,-16.723254832231614,-23.06983601568629,,"Jalen Beeks","17192",656222
"Robert Stephenson ","LAA","RP",683.219970703125,36,-8.87793205248409,-4.07339261102802,-1.031562737056217,-8.74675741264905,-5.73594556572708,-28.465590378944444,10.619999995417226,-16.845590383527217,-23.235979124638195,,"Robert Stephenson","13594",596112
"Brennan Bernardino ","COL","RP",999,58,-7.08957163749014,-4.07339261102802,-14.091675596070582,-7.54060519613182,4.2862994090056,-28.50894563171497,10.619999995417226,-16.888945636297738,-23.294859608752624,,"Brennan Bernardino","16835",657514
"J.T. Ginn ","ATH","SP",748.3499755859375,83,-3.51285080750227,-4.07339261102802,-10.801091522250857,-4.40460943318703,-5.73594556572708,-28.52788993969526,10.619999995417226,-16.907889944278033,-23.32058774903118,,"J.T. Ginn","27889",669372
"Rob Zastryzny ","MIL","RP",999,48,-7.08957163749014,-4.07339261102802,-6.281882801922319,-8.38491174769388,-2.72927207330727,-28.559030871441635,10.619999995417226,-16.939030876024404,-23.362880043962683,,"Rob Zastryzny","15094",642239
"Johan Oviedo ","BOS","SP",536.780029296875,97,-1.72449039250832,-4.07339261102802,-14.963878603589027,-2.11292022180431,-5.73594556572708,-28.610627394656763,10.619999995417226,-16.990627399239536,-23.432952943355243,,"Johan Oviedo","22487",670912
"Tim Mayza ","PHI","RP",999,48,-7.08957163749014,-4.07339261102802,-6.281882801922319,-8.62614219099732,-2.72927207330727,-28.800261314745082,10.619999995417226,-17.180261319327855,-23.69049352507935,,"Tim Mayza","15042",641835
"Paul Blackburn ","NYY","RP",999,60,-7.08957163749014,-4.07339261102802,-13.004142612542642,-8.02306608273872,3.28407491153234,-28.90609803226718,10.619999995417226,-17.286098036849953,-23.834229676215802,,"Paul Blackburn","14739",621112
"Ken Waldichuk ","WSN","RP",999,54,-7.08957163749014,-4.07339261102802,-13.322862071618028,-7.78183563943526,3.28407491153234,-28.983587048039126,10.619999995417226,-17.363587052621902,-23.9394669997381,,"Ken Waldichuk","27681",686610
"Dustin May ","STL","SP",414.6700134277344,163,3.64059085247349,-4.07339261102802,-26.17736201130199,3.3147647525232,-5.73594556572708,-29.031344583060395,10.619999995417226,-17.411344587643168,-24.004326194471606,,"Dustin May","19716",669160
"Colin Holderman ","CLE","RP",999,42,-7.08957163749014,-4.07339261102802,-3.656722769489267,-8.74675741264905,-5.73594556572708,-29.302389996383553,10.619999995417226,-17.682390000966326,-24.372431190605145,,"Colin Holderman","22361",670059
"River Ryan ","LAD","SP",675.5399780273438,57,-5.3012112224962,-4.07339261102802,-7.275743359063465,-7.05814430952493,-5.73594556572708,-29.4444370678397,10.619999995417226,-17.824437072422473,-24.56534438566004,,"River Ryan","29514",689981
"Jacob Lopez ","ATH","SP",409.239990234375,120,0.0638700224856139,-4.07339261102802,-20.120526242068333,1.38492120609564,-6.73817006320034,-29.48329768771545,10.619999995417226,-17.863297692298218,-24.941509729864936,4,"Jacob Lopez","25098",682052
"Zach Agnos ","COL","RP",743.47998046875,60,-7.08957163749014,-1.6402194241882,-17.419961849805297,-7.66122041778354,4.2862994090056,-29.524673920261584,10.619999995417226,-17.904673924844356,-24.674313528094157,,"Zach Agnos","31552",688642
"Seth Halvorsen ","COL","RP",712.510009765625,50,-7.08957163749014,-4.07339261102802,-8.138229309902817,-7.66122041778354,-2.72927207330727,-29.691686049511798,10.619999995417226,-18.07168605409457,-24.90113160421709,,"Seth Halvorsen","33294",678020
"Robby Snelling ","MIA","SP",999,94,-3.51285080750227,-4.07339261102802,-12.17935884161828,-3.19845721666981,-6.73817006320034,-29.70222954001873,10.619999995417226,-18.0822295446015,-24.915450649445354,,"Robby Snelling","sa3020707",702281
"Ryan Weiss ","HOU","SP",725.9600219726562,89,-3.51285080750227,-4.07339261102802,-13.426251554683912,-3.19845721666981,-5.73594556572708,-29.946897755611086,10.619999995417226,-18.32689776019386,-25.247732946534978,,"Ryan Weiss","24621",680802
"Tommy Kahnle ","BOS","RP",748.510009765625,46,-7.08957163749014,-4.07339261102802,-7.3694157854502595,-8.74675741264905,-2.72927207330727,-30.008409519924747,10.619999995417226,-18.38840952450752,-25.331271669759378,,"Tommy Kahnle","11384",592454
"Joey Lucchesi ","LAA","RP",999,54,-7.08957163749014,-4.07339261102802,-10.378982580109591,-8.74675741264905,0.277401419112532,-30.01130282216427,10.619999995417226,-18.391302826747047,-25.335201044533278,,"Joey Lucchesi","19320",664192
"Cade Cavalli ","WSN","SP",305.2200012207031,137,0.0638700224856139,-4.07339261102802,-19.708134356606152,0.419999432881863,-6.73817006320034,-30.035827575467046,10.619999995417226,-18.415827580049818,-25.36850795096275,,"Cade Cavalli","27473",676917
"Brenan Hanifee ","DET","RP",999,42,-7.08957163749014,-4.07339261102802,-3.656722769489267,-9.5910639642111,-5.73594556572708,-30.146696547945616,10.619999995417226,-18.52669655252839,-25.519078374513494,,"Brenan Hanifee","22304",669724
"David Festa ","MIN","SP",999,58,-7.08957163749014,-4.07339261102802,-6.731976867299494,-6.57568342291804,-5.73594556572708,-30.20657010446278,10.619999995417226,-18.586570109045553,-25.60039225848605,,"David Festa","30056",701581
"Justin Wrobleski ","LAD","RP",650.3499755859375,65,-5.3012112224962,-4.07339261102802,-8.813370407968577,-6.3344529796146,-5.73594556572708,-30.25837278683448,10.619999995417226,-18.63837279141725,-25.670745141275496,,"Justin Wrobleski","31204",680736
"Patrick Sandoval ","BOS","SP",999,83,-3.51285080750227,-4.07339261102802,-12.273031268005077,-4.76645509814221,-5.73594556572708,-30.36167535040465,10.619999995417226,-18.74167535498742,-25.811039674569237,,"Patrick Sandoval","19447",663776
"Kyle Nicolas ","CIN","RP",999,42,-7.08957163749014,-4.07339261102802,-5.128662515243485,-8.38491174769388,-5.73594556572708,-30.412484077182604,10.619999995417226,-18.79248408176538,-25.8800426727932,,"Kyle Nicolas","27775",693312
"Matt Pushard ","STL","RP",999,50,-7.08957163749014,-4.07339261102802,-8.138229309902817,-8.38491174769388,-2.72927207330727,-30.415377379422132,10.619999995417226,-18.795377384004905,-25.8839720475671,,"Matt Pushard","31870",690155
"Corbin Burnes ","ARI","SP",738.0999755859375,42,-7.08957163749014,-4.07339261102802,-3.656722769489267,-8.86737263430077,-6.73817006320034,-30.425229715508546,10.619999995417226,-18.805229720091322,-25.897352440515025,,"Corbin Burnes","19361",669203
"Shane Drohan ","MIL","RP",999,57,-7.08957163749014,-4.07339261102802,-7.275743359063465,-6.45506820126632,-5.73594556572708,-30.62972137457502,10.619999995417226,-19.009721379157796,-26.17507121998855,,"Shane Drohan","sa3014447",675660
"Daniel Lynch IV ","KCR","RP",999,59,-7.08957163749014,-4.07339261102802,-15.01984885006083,-8.74675741264905,4.2862994090056,-30.64327110222244,10.619999995417226,-19.023271106805215,-26.19347301613817,,"Daniel Lynch IV","21537",663738
"Didier Fuentes ","ATL","RP",600.4400024414062,59,-5.3012112224962,-4.07339261102802,-9.132089867043959,-6.57568342291804,-5.73594556572708,-30.818322689213304,10.619999995417226,-19.198322693796072,-26.431209427031114,,"Didier Fuentes","30661",800311
"Evan Sisk ","PIT","RP",999,40,-8.87793205248409,-4.07339261102802,-3.2723160072629893,-8.98798785595249,-5.73594556572708,-30.94757409245466,10.619999995417226,-19.327574097037434,-26.606744909100637,,"Evan Sisk","24995",681895
"Brent Headrick ","NYY","RP",999,42,-8.87793205248409,-4.07339261102802,-3.656722769489267,-8.62614219099732,-5.73594556572708,-30.97013518972577,10.619999995417226,-19.350135194308542,-26.637384987166996,,"Brent Headrick","27702",687396
"Troy Melton ","DET","RP",743.22998046875,53,-7.08957163749014,-4.07339261102802,-6.506929834610908,-7.66122041778354,-5.73594556572708,-31.067060066639698,10.619999995417226,-19.44706007122247,-26.769018026089174,,"Troy Melton","31807",675512
"Connor Prielipp ","MIN","RP",999,57,-7.08957163749014,-4.07339261102802,-7.275743359063465,-6.93752908787321,-5.73594556572708,-31.112182261181918,10.619999995417226,-19.492182265764686,-26.830298182221892,,"Connor Prielipp","sa3020808",687570
"Merrill Kelly ","ARI","SP",284.17999267578125,170,3.64059085247349,-4.07339261102802,-28.258755551971063,4.27968652573699,-6.73817006320034,-31.150040847988954,10.619999995417226,-19.530040852571727,-27.26520390893922,3,"Merrill Kelly","11156",518876
"Bryce Elder ","ATL","SP",740.5499877929688,118,1.85223043747956,-4.07339261102802,-21.208059225596273,-1.99230500015259,-5.73594556572708,-31.157471965024403,10.619999995417226,-19.53747196960717,-26.891805831635427,,"Bryce Elder","27779",693821
"Gus Varland ","WSN","RP",999,46,-7.08957163749014,-4.07339261102802,-5.897476039696041,-8.38491174769388,-5.73594556572708,-31.181297601635162,10.619999995417226,-19.561297606217938,-26.924163272275926,,"Gus Varland","24737",681402
"Orlando Ribalta ","WSN","RP",999,48,-7.08957163749014,-4.07339261102802,-9.225762293430757,-8.14368130439044,-2.72927207330727,-31.26167991964663,10.619999995417226,-19.6416799242294,-27.03332997057212,,"Orlando Ribalta","26247",687377
"Adbert Alzolay ","NYM","RP",999,42,-8.87793205248409,-4.07339261102802,-3.656722769489267,-8.98798785595249,-5.73594556572708,-31.33198085468094,10.619999995417226,-19.711980859263708,-27.128805208842003,,"Adbert Alzolay","17859",640470
"Anthony Kay ","CHW","SP",717.8599853515625,152,1.85223043747956,-4.07339261102802,-24.799094691934567,1.38492120609564,-5.73594556572708,-31.371281225114462,10.619999995417226,-19.751281229697234,-27.18217878387916,,"Anthony Kay","20387",641743
"Zach Maxwell ","CIN","RP",999,40,-8.87793205248409,-4.07339261102802,-4.744255753017207,-8.14368130439044,-5.73594556572708,-31.575207286646823,10.619999995417226,-19.955207291229595,-27.45912942905535,,"Zach Maxwell","31610",687209
"Luis Gil ","NYY","SP",376.5,91,-3.51285080750227,-4.07339261102802,-15.282598062664405,-3.07784199501809,-5.73594556572708,-31.68262904193986,10.619999995417226,-20.062629046522638,-27.60501820958106,,"Luis Gil","21052",661563
"Yaramil Hiraldo ","BAL","RP",999,38,-8.87793205248409,-4.07339261102802,-4.359848990790931,-8.74675741264905,-5.73594556572708,-31.793876632679154,10.619999995417226,-20.173876637261927,-27.756102832105654,,"Yaramil Hiraldo","25215",682274
"Spencer Arrighetti ","HOU","SP",728.3099975585938,84,-3.51285080750227,-4.07339261102802,-14.673144267749542,-3.80153332492842,-5.73594556572708,-31.796866576935326,10.619999995417226,-20.1768665815181,-27.760163455767806,,"Spencer Arrighetti","29921",681293
"George Klassen ","LAA","RP",999,49,-7.08957163749014,-4.07339261102802,-7.210056055912568,-7.78183563943526,-5.73594556572708,-31.89080150959308,10.619999995417226,-20.270801514175854,-27.88773587102783,,"George Klassen","sa3023440",691946
"Ryan Yarbrough ","NYY","SP/RP",999,60,-7.08957163749014,-4.07339261102802,-13.004142612542642,-8.02306608273872,0.277401419112532,-31.912771524686985,10.619999995417226,-20.29277152926976,-27.917573204270415,,"Ryan Yarbrough","16502",642232
"Tyler Wells ","BAL","RP",748.469970703125,72,-5.3012112224962,-4.07339261102802,-16.782522931654533,-6.09322253631115,0.277401419112532,-31.972947882377376,10.619999995417226,-20.35294788696015,-27.99929832052811,,"Tyler Wells","20000",669330
"Slade Cecconi ","CLE","SP",584.5599975585938,152,1.85223043747956,-4.07339261102802,-24.799094691934567,1.74676687105081,-6.73817006320034,-32.01166005763257,10.619999995417226,-20.39166006221534,-28.051873071555693,,"Slade Cecconi","27500",677944
"Tyler Mahle ","SFG","SP",322.7200012207031,137,1.85223043747956,-4.07339261102802,-22.65201384811459,-0.424307118680195,-6.73817006320034,-32.035653203543596,10.619999995417226,-20.415653208126365,-28.084458005477007,,"Tyler Mahle","16358",641816
"Adrian Houser ","SFG","SP",743.219970703125,147,3.64059085247349,-4.07339261102802,-24.57404765924598,-0.303691897028472,-6.73817006320034,-32.04871137802933,10.619999995417226,-20.428711382612104,-28.102192226505313,,"Adrian Houser","12718",605288
"José Suarez ","ATL","RP",999,65,-7.08957163749014,-4.07339261102802,-11.757249899477012,-6.45506820126632,-2.72927207330727,-32.104554422568775,10.619999995417226,-20.484554427151544,-28.17803229862551,,"Jose Suarez","19911",660761
"Cody Laweryson ","MIN","RP",999,50,-7.08957163749014,-4.07339261102802,-9.610169055657035,-8.62614219099732,-2.72927207330727,-32.128547568479796,10.619999995417226,-20.508547573062568,-28.210617232546817,,"Cody Laweryson","26429",689520
"Ryan Fernandez ","STL","RP",999,40,-8.87793205248409,-4.07339261102802,-4.744255753017207,-8.74675741264905,-5.73594556572708,-32.17828339490543,10.619999995417226,-20.5582833994882,-28.278163131847016,,"Ryan Fernandez","24862",681676
"Luis Morales ","ATH","SP",735.3200073242188,121,0.0638700224856139,-4.07339261102802,-22.5206392418128,0.0581537679266951,-5.73594556572708,-32.20795362815558,10.619999995417226,-20.58795363273836,-28.318458080807495,,"Luis Morales","32227",806960
"Julian Fernández ","WSN","RP",999,38,-8.87793205248409,-4.07339261102802,-4.359848990790931,-9.22921829925593,-5.73594556572708,-32.276337519286045,10.619999995417226,-20.656337523868817,-28.411329794338993,,"Julian Fernandez","18341",642759
"Ethan Roberts ","CHC","RP",999,42,-8.87793205248409,-4.07339261102802,-5.128662515243485,-8.5055269693456,-5.73594556572708,-32.32145971382826,10.619999995417226,-20.701459718411037,-28.47260995047171,,"Ethan Roberts","24930",681799
"Mason Fluharty ","TOR","RP",999,42,-8.87793205248409,-4.07339261102802,-5.128662515243485,-8.62614219099732,-5.73594556572708,-32.44207493547999,10.619999995417226,-20.822074940062766,-28.636416691030053,,"Mason Fluharty","31553",689254
"Ron Marinaccio ","SDP","RP",999,40,-8.87793205248409,-4.07339261102802,-4.744255753017207,-9.10860307760421,-5.73594556572708,-32.5401290598606,10.619999995417226,-20.92012906444337,-28.76958335352202,,"Ron Marinaccio","23488",676760
"Griffin Canning ","SDP","SP",999,107,-1.72449039250832,-4.07339261102802,-18.357852160474636,-2.71599633006292,-5.73594556572708,-32.607677059800984,10.619999995417226,-20.98767706438376,-28.861319848716793,,"Griffin Canning","19867",656288
"Gregory Santos ","SFG","RP",999,36,-8.87793205248409,-4.07339261102802,-3.9754422285646527,-9.95290962916628,-5.73594556572708,-32.615622086970106,10.619999995417226,-20.995622091552878,-28.872109937947645,,"Gregory Santos","21894",666619
"Trevor McDonald ","SFG","RP",748.5800170898438,65,-5.3012112224962,-4.07339261102802,-10.285310153722794,-7.29937475282838,-5.73594556572708,-32.695234305802465,10.619999995417226,-21.075234310385238,-28.98023076960521,,"Trevor McDonald","26448",686790
"Cody Bradford ","TEX","RP",999,67,-5.3012112224962,-4.07339261102802,-10.669716915949074,-6.93752908787321,-5.73594556572708,-32.71779540307359,10.619999995417226,-21.09779540765636,-29.01087084767158,,"Cody Bradford","27597",674003
"Enmanuel De Jesus ","DET","RP",999,50,-8.87793205248409,-4.07339261102802,-8.138229309902817,-8.98798785595249,-2.72927207330727,-32.80681390267468,10.619999995417226,-21.18681390725746,-29.131766287478957,,"Enmanuel De Jesus","18554",646241
"Hurston Waldrep ","ATL","SP",999,63,-5.3012112224962,-4.07339261102802,-9.900903391496517,-6.81691386622149,-6.73817006320034,-32.83059115444257,10.619999995417226,-21.210591159025345,-29.16405801698205,,"Hurston Waldrep","33527",694462
"Carter Baumler ","TEX","RP",999,54,-7.08957163749014,-4.07339261102802,-11.85092232586381,-8.14368130439044,-1.72704757583401,-32.88461545460641,10.619999995417226,-21.264615459189187,-29.237428064307732,,"Carter Baumler","30231",691945
"Javier Assad ","CHC","SP",999,68,-7.08957163749014,-4.07339261102802,-13.06982991569354,-6.93752908787321,-1.72704757583401,-32.89737082791893,10.619999995417226,-21.277370832501703,-29.254751053050896,,"Javier Assad","21741",665871
"Yerry De los Santos ","NYY","RP",999,40,-8.87793205248409,-4.07339261102802,-4.744255753017207,-9.71167918586282,-5.73594556572708,-33.14320516811922,10.619999995417226,-21.52320517270199,-29.588617056313705,,"Yerry De los Santos","21420",660787
"Brayan Bello ","BOS","SP",421.4100036621094,150,3.64059085247349,-4.07339261102802,-27.358567421216723,1.38492120609564,-6.73817006320034,-33.144618036875954,10.619999995417226,-21.524618041458726,-30.05277878707388,3,"Brayan Bello","23920",678394
"Dylan Dodd ","ATL","RP",999,42,-8.87793205248409,-4.07339261102802,-5.128662515243485,-9.34983352090765,-5.73594556572708,-33.165766265390324,10.619999995417226,-21.545766269973097,-29.619257134380064,,"Dylan Dodd","29928",689266
"Zach Pop ","PHI","RP",999,42,-8.87793205248409,-4.07339261102802,-5.128662515243485,-9.34983352090765,-5.73594556572708,-33.165766265390324,10.619999995417226,-21.545766269973097,-29.619257134380064,,"Zach Pop","20185",647315
"Luis Mey ","CIN","RP",999,36,-8.87793205248409,-4.07339261102802,-5.447381974318871,-9.10860307760421,-5.73594556572708,-33.24325528116227,10.619999995417226,-21.62325528574504,-29.724494457902352,,"Luis Mey","25620",682825
"Richard Lovelady ","NYM","RP",999,46,-7.08957163749014,-4.07339261102802,-7.3694157854502595,-8.98798785595249,-5.73594556572708,-33.25631345564799,10.619999995417226,-21.636313460230767,-29.742228678930644,,"Richard Lovelady","19337",663992
"Peyton Pallette ","CLE","RP",999,48,-8.87793205248409,-4.07339261102802,-9.225762293430757,-8.38491174769388,-2.72927207330727,-33.291270777944014,10.619999995417226,-21.671270782526783,-29.789703988808967,,"Peyton Pallette","31865",688883
"Andrew Abbott ","CIN","SP",221.92999267578125,167,5.42895126746743,-4.07339261102802,-32.833934518771414,4.8827626339956,-6.73817006320034,-33.333783291536754,10.619999995417226,-21.713783296119527,-30.31753911153114,5,"Andrew Abbott","29911",671096
"Steven Cruz ","KCR","RP",999,45,-7.08957163749014,-4.07339261102802,-7.913182277214229,-8.74675741264905,-5.73594556572708,-33.558849504108515,10.619999995417226,-21.93884950869129,-30.153100899874822,,"Steven Cruz","23165",674444
"Shane Smith ","CHW","SP",245.5399932861328,161,1.85223043747956,-4.07339261102802,-28.736834740584147,3.91784086078181,-6.73817006320034,-33.77832611655114,10.619999995417226,-22.158326121133914,-30.939996760813784,1,"Shane Smith","31687",681343
"Brandon Eisert ","CHW","RP",999,36,-8.87793205248409,-4.07339261102802,-5.447381974318871,-9.71167918586282,-5.73594556572708,-33.846331389420875,10.619999995417226,-22.22633139400365,-30.543528160694017,,"Brandon Eisert","27668",685126
"Gage Jump ","ATH","SP",999,48,-7.08957163749014,-4.07339261102802,-7.753822547676538,-8.26429652604216,-6.73817006320034,-33.91925338543721,10.619999995417226,-22.29925339001998,-30.642563044673548,,"Gage Jump","sa3034986",695611
"Lance McCullers Jr. ","HOU","SP",999,112,-1.72449039250832,-4.07339261102802,-21.526778684671655,-0.906768005287084,-5.73594556572708,-33.967375259222166,10.619999995417226,-22.34737526380494,-30.70791704548975,,"Lance McCullers Jr.","14120",621121
"Luis Curvelo ","TEX","RP",999,40,-8.87793205248409,-4.07339261102802,-6.216195498771425,-9.10860307760421,-5.73594556572708,-34.012068805614824,10.619999995417226,-22.392068810197593,-30.768615057385073,,"Luis Curvelo","24710",681168
"Yuki Matsui ","SDP","RP",999,44,-8.87793205248409,-4.07339261102802,-6.985009023223982,-8.38491174769388,-5.73594556572708,-34.05719100015704,10.619999995417226,-22.43719100473981,-30.82989521351779,,"Yuki Matsui","33826",673513
"Emerson Hancock ","SEA","SP",733.4199829101562,79,-5.3012112224962,-4.07339261102802,-12.976157489306736,-5.97260731465944,-5.73594556572708,-34.05931420321747,10.619999995417226,-22.43931420780024,-30.83277872165308,,"Emerson Hancock","27470",676106
"Jesse Scholtens ","TBR","RP",999,36,-8.87793205248409,-4.07339261102802,-5.447381974318871,-9.95290962916628,-5.73594556572708,-34.087561832724326,10.619999995417226,-22.4675618373071,-30.8711416418107,,"Jesse Scholtens","19205",669947
"Tyler Gilbert ","CHW","RP",999,40,-8.87793205248409,-4.07339261102802,-6.216195498771425,-9.34983352090765,-5.73594556572708,-34.25329924891826,10.619999995417226,-22.633299253501033,-31.09622853850174,,"Tyler Gilbert","17964",656457
"Christian Roa ","HOU","RP",999,46,-8.87793205248409,-4.07339261102802,-7.3694157854502595,-8.26429652604216,-5.73594556572708,-34.32098254073159,10.619999995417226,-22.70098254531437,-31.188148772700828,,"Christian Roa","27662",685005
"Justin Verlander ","DET","SP",658.8499755859375,141,3.64059085247349,-4.07339261102802,-27.836646609829796,0.661229876185308,-6.73817006320034,-34.346388555399365,10.619999995417226,-22.726388559982137,-31.22265251440369,,"Justin Verlander","8700",434378
"Andrew Painter ","PHI","SP",999,117,0.0638700224856139,-4.07339261102802,-23.223765463114457,-1.38922889189398,-5.73594556572708,-34.35846250927791,10.619999995417226,-22.738462513860686,-31.752874051512478,1,"Andrew Painter","sa3017880",691725
"Travis Adams ","MIN","RP",999,49,-7.08957163749014,-4.07339261102802,-8.681995801666785,-8.86737263430077,-5.73594556572708,-34.448278250212795,10.619999995417226,-22.828278254795563,-31.361028239915882,,"Travis Adams","30180",701519
"Dean Kremer ","BAL","SP",999,115,0.0638700224856139,-4.07339261102802,-22.839358700888184,-1.87168977850086,-5.73594556572708,-34.45651663365853,10.619999995417226,-22.836516638241303,-31.372216734379812,,"Dean Kremer","19350",665152
"Drew Smith ","MIN","RP",999,36,-8.87793205248409,-4.07339261102802,-5.447381974318871,-9.34983352090765,-6.73817006320034,-34.48671022193898,10.619999995417226,-22.86671022652175,-31.413222448370554,,"Drew Smith","17755",622098
"Cade Winquest ","NYY","RP",999,50,-8.87793205248409,-4.07339261102802,-11.082108801411254,-8.86737263430077,-1.72704757583401,-34.627853675058134,10.619999995417226,-23.00785367964091,-31.604908445295194,,"Cade Winquest","sa3020805",685464
"Steven Wilson ","TBR","RP",999,43,-8.87793205248409,-4.07339261102802,-7.5287755149879505,-8.62614219099732,-5.73594556572708,-34.84218793522446,10.619999995417226,-23.222187939807228,-31.895994396695308,,"Steven Wilson","20353",621051
"Kutter Crawford ","BOS","RP",999,63,-7.08957163749014,-4.07339261102802,-11.372843137250733,-6.57568342291804,-5.73594556572708,-34.847436374414016,10.619999995417226,-23.227436378996792,-31.903122267497082,,"Kutter Crawford","20531",676710
"Carson Whisenhunt ","SFG","SP",999,55,-7.08957163749014,-4.07339261102802,-9.835216088345621,-8.14368130439044,-5.73594556572708,-34.877807206981295,10.619999995417226,-23.25780721156407,-31.944368695789976,,"Carson Whisenhunt","31676",687931
"Spencer Bivens ","SFG","RP",999,42,-8.87793205248409,-4.07339261102802,-6.600602260997704,-9.5910639642111,-5.73594556572708,-34.87893645444799,10.619999995417226,-23.25893645903076,-31.94590231935978,,"Spencer Bivens","30226",702352
"Max Scherzer ","TOR","SP",546.9299926757812,113,-1.72449039250832,-4.07339261102802,-22.454951938661903,-1.02738322693881,-5.73594556572708,-35.01616373486413,10.619999995417226,-23.39616373944691,-32.13226978785029,,"Max Scherzer","3137",453286
"Wikelman González ","CHW","RP",999,45,-8.87793205248409,-4.07339261102802,-10.857061768722664,-8.5055269693456,-2.72927207330727,-35.04318547488765,10.619999995417226,-23.42318547947042,-32.16896783554984,,"Wikelman Gonzalez","26641",682790
"Blade Tidwell ","SFG","RP",999,36,-8.87793205248409,-4.07339261102802,-6.919321720073088,-9.71167918586282,-5.73594556572708,-35.3182711351751,10.619999995417226,-23.69827113975787,-32.54255986455708,,"Blade Tidwell","31701",694918
"Keider Montero ","DET","SP/RP",999,54,-7.08957163749014,-4.07339261102802,-10.378982580109591,-8.14368130439044,-5.73594556572708,-35.42157369874526,10.619999995417226,-23.80157370332804,-32.68285439785082,,"Keider Montero","22630",672456
"Tanner McDougal ","CHW","RP",999,49,-7.08957163749014,-4.07339261102802,-10.153935547421005,-8.38491174769388,-5.73594556572708,-35.43775710936013,10.619999995417226,-23.817757113942896,-32.7048329815456,,"Tanner McDougal","sa3017471",701780
"Rhett Lowder ","CIN","SP",552.219970703125,119,0.0638700224856139,-4.07339261102802,-23.608172225340738,-2.11292022180431,-5.73594556572708,-35.46656060141452,10.619999995417226,-23.846560605997297,-32.7439508149792,,"Rhett Lowder","33876",695076
"Eric Lauer ","TOR","SP/RP",720.5399780273438,67,-7.08957163749014,-4.07339261102802,-15.085536153211727,-6.57568342291804,-2.72927207330727,-35.55345589795521,10.619999995417226,-23.933455902537982,-32.86196274665131,,"Eric Lauer","19316",641778
"Janson Junk ","MIA","SP",999,91,-3.51285080750227,-4.07339261102802,-16.75453780841863,-5.49014642805254,-5.73594556572708,-35.56687322072853,10.619999995417226,-23.946873225311304,-32.8801847246108,,"Janson Junk","23301",676083
"Nick Anderson ","ATH","RP",999,40,-8.87793205248409,-4.07339261102802,-7.688135244525642,-9.22921829925593,-5.73594556572708,-35.604623773020755,10.619999995417226,-23.984623777603527,-32.93145350180645,,"Nick Anderson","18337",623433
"Kyle Hart ","SDP","RP",999,48,-8.87793205248409,-4.07339261102802,-10.697702039184973,-9.22921829925593,-2.72927207330727,-35.6075170752603,10.619999995417226,-23.987517079843062,-32.93538287658037,,"Kyle Hart","19646",606996
"JR Ritchie ","ATL","SP",999,37,-7.08957163749014,-4.07339261102802,-7.847494974063337,-9.95290962916628,-6.73817006320034,-35.70153891494812,10.619999995417226,-24.081538919530896,-33.0630733197073,,"JR Ritchie","sa3020395",702275
"Chase Shugart ","PHI","RP",999,38,-8.87793205248409,-4.07339261102802,-7.303728482299365,-9.71167918586282,-5.73594556572708,-35.70267789740137,10.619999995417226,-24.082677901984145,-33.06462016429844,,"Chase Shugart","21544",663767
"Zach Eflin ","BAL","SP",395.20001220703125,158,3.64059085247349,-4.07339261102802,-30.368134215876047,0.78184509783703,-5.73594556572708,-35.75503644232062,10.619999995417226,-24.135036446903392,-33.13572796036389,,"Zach Eflin","13774",621107
"Kendry Rojas ","MIN","RP",999,40,-8.87793205248409,-4.07339261102802,-7.688135244525642,-9.47044874255938,-5.73594556572708,-35.845854216324206,10.619999995417226,-24.22585422090698,-33.25906698292314,,"Kendry Rojas","sa3016746",696070
"Michael Kopech ",,"RP",999,38,-8.87793205248409,-4.07339261102802,-7.303728482299365,-8.86737263430077,-6.73817006320034,-35.86059584331258,10.619999995417226,-24.240595847895356,-33.27908748974163,,"Michael Kopech","17282",656629
"Ryan Rolison ","CHC","RP",999,36,-8.87793205248409,-4.07339261102802,-6.919321720073088,-10.3147552941214,-5.73594556572708,-35.92134724343371,10.619999995417226,-24.301347248016476,-33.36159356734874,,"Ryan Rolison","22200",669020
"Ryan Watson ","BOS","RP",999,42,-8.87793205248409,-4.07339261102802,-8.072542006751922,-9.22921829925593,-5.73594556572708,-35.98903053524704,10.619999995417226,-24.369030539829815,-33.453513801547835,,"Ryan Watson","27853",670245
"Jedixson Paez ","CHW","RP",999,52,-8.87793205248409,-4.07339261102802,-12.938455309391747,-9.47044874255938,-0.724823078360737,-36.08505179382397,10.619999995417226,-24.46505179840674,-33.583919642339744,,"Jedixson Paez","29114",699151
"Sean Burke ","CHW","SP",748.5599975585938,141,0.0638700224856139,-4.07339261102802,-27.836646609829796,2.47045820096114,-6.73817006320034,-36.11388106061141,10.619999995417226,-24.493881065194184,-33.623072480269045,,"Sean Burke","29878",680732
"Andre Pallante ","STL","SP",999,135,0.0638700224856139,-4.07339261102802,-23.739546831642528,-1.75107455684914,-6.73817006320034,-36.23831404023442,10.619999995417226,-24.618314044817193,-33.792064092860564,,"Andre Pallante","26108",669467
"Colin Rea ","CHC","SP",748.260009765625,87,-5.3012112224962,-4.07339261102802,-15.98572428396607,-5.24891598474909,-5.73594556572708,-36.345189667966466,10.619999995417226,-24.725189672549238,-33.937211181131595,,"Colin Rea","12317",607067
"Carlos Rodriguez ","MIL","RP",999,37,-8.87793205248409,-4.07339261102802,-7.847494974063337,-9.83229440751454,-5.73594556572708,-36.367059610817066,10.619999995417226,-24.74705961539984,-33.96691260691762,,"Carlos Rodriguez","30161",692230
"Quinn Mathews ","STL","SP",999,40,-8.87793205248409,-4.07339261102802,-7.688135244525642,-9.10860307760421,-6.73817006320034,-36.4862330488423,10.619999995417226,-24.866233053425077,-34.12876127059966,,"Quinn Mathews","sa3023407",687273
"Ryan Gusto ","MIA","SP/RP",999,46,-8.87793205248409,-4.07339261102802,-8.841355531204478,-8.98798785595249,-5.73594556572708,-36.51661361639616,10.619999995417226,-24.896613620978925,-34.170020919913895,,"Ryan Gusto","26440",687473
"Simeon Woods Richardson ","MIN","SP",664.0399780273438,145,1.85223043747956,-4.07339261102802,-30.07739988003657,1.50553642774737,-5.73594556572708,-36.52897119156475,10.619999995417226,-24.908971196147522,-34.18680366160977,,"Simeon Woods Richardson","24494",680573
"Luis Severino ","ATH","SP",642.52001953125,172,3.64059085247349,-4.07339261102802,-33.058981551459986,3.43537997417492,-6.73817006320034,-36.79457339903994,10.619999995417226,-25.174573403622713,-34.547516275621604,,"Luis Severino","15890",622663
"Keegan Thompson ","COL","RP",999,40,-8.87793205248409,-4.07339261102802,-9.160074990279861,-8.98798785595249,-5.73594556572708,-36.83533307547153,10.619999995417226,-25.215333080054307,-34.60287172455285,,"Keegan Thompson","19795",624522
"Gordon Graceffo ","STL","RP",999,44,-8.87793205248409,-4.07339261102802,-8.456948768978199,-9.71167918586282,-5.73594556572708,-36.8558981840802,10.619999995417226,-25.235898188662976,-34.630801063522526,,"Gordon Graceffo","29519",700669
"Connor Seabold ","DET","RP",999,52,-8.87793205248409,-4.07339261102802,-14.410395055145967,-8.86737263430077,-0.724823078360737,-36.95391543131958,10.619999995417226,-25.33391543590235,-34.763917643411126,,"Connor Seabold","19695",657756
"Luis Medina ","ATH","SP",999,78,-5.3012112224962,-4.07339261102802,-16.463803472579144,-5.49014642805254,-5.73594556572708,-37.064499299882996,10.619999995417226,-25.444499304465765,-34.914100869206706,,"Luis Medina","21649",665622
"Jameson Taillon ","CHC","SP",504.4700012207031,141,1.85223043747956,-4.07339261102802,-27.836646609829796,-0.303691897028472,-6.73817006320034,-37.099670743607085,10.619999995417226,-25.47967074818986,-34.96186697599055,,"Jameson Taillon","11674",592791
"Jason Alexander ","HOU","SP/RP",999,41,-8.87793205248409,-4.07339261102802,-8.616308498515892,-9.83229440751454,-5.73594556572708,-37.13587313526962,10.619999995417226,-25.515873139852392,-35.01103320640034,,"Jason Alexander","19666",669920
"Michael McGreevy ","STL","SP",715.3800048828125,133,0.0638700224856139,-4.07339261102802,-24.827079815170467,-2.5953811084112,-5.73594556572708,-37.167929077851156,10.619999995417226,-25.547929082433924,-35.05456817153905,,"Michael McGreevy","29869",700241
"Jordan Montgomery ","TEX","RP",999,52,-7.08957163749014,-4.07339261102802,-11.46651556363753,-8.86737263430077,-5.73594556572708,-37.232798012183544,10.619999995417226,-25.61279801676632,-35.142666245322516,,"Jordan Montgomery","16511",656756
"Stephen Kolek ","KCR","SP",999,73,-5.3012112224962,-4.07339261102802,-14.766816694136342,-7.4199899744801,-5.73594556572708,-37.29735606786774,10.619999995417226,-25.67735607245051,-35.230342116855105,,"Stephen Kolek","21487",663568
"Richard Fitts ","STL","SP",748.5800170898438,126,-1.72449039250832,-4.07339261102802,-24.217626020255604,-1.75107455684914,-5.73594556572708,-37.50252914636817,10.619999995417226,-25.882529150950944,-35.50898632758765,,"Richard Fitts","30160",690916
"Bailey Ober ","MIN","SP",494.3399963378906,152,1.85223043747956,-4.07339261102802,-30.68685367495144,2.10861253600597,-6.73817006320034,-37.53757337569428,10.619999995417226,-25.917573380277044,-35.5565796653329,,"Bailey Ober","21224",641927
"AJ Blubaugh ","HOU","RP",748.5399780273438,44,-8.87793205248409,-4.07339261102802,-9.928888514732417,-8.98798785595249,-5.73594556572708,-37.604146599924086,10.619999995417226,-25.984146604506858,-35.646992324035566,,"AJ Blubaugh","31764",805123
"Jackson Rutledge ","WSN","RP",999,42,-8.87793205248409,-4.07339261102802,-9.544481752506139,-9.47044874255938,-5.73594556572708,-37.702200724304696,10.619999995417226,-26.082200728887468,-35.78015898652754,,"Jackson Rutledge","26215",671131
"Luinder Avila ","KCR","RP",999,42,-8.87793205248409,-4.07339261102802,-9.544481752506139,-9.47044874255938,-5.73594556572708,-37.702200724304696,10.619999995417226,-26.082200728887468,-35.78015898652754,,"Luinder Avila","24452",679883
"Dan Altavilla ","MIN","RP",999,42,-8.87793205248409,-4.07339261102802,-9.544481752506139,-9.47044874255938,-5.73594556572708,-37.702200724304696,10.619999995417226,-26.082200728887468,-35.78015898652754,,"Dan Altavilla","16507",656186
"Cade Gibson ","MIA","RP",999,40,-8.87793205248409,-4.07339261102802,-9.160074990279861,-10.073524850818,-5.73594556572708,-37.92087007033704,10.619999995417226,-26.300870074919807,-36.077132389577855,,"Cade Gibson","31815",806188
"Walbert Urena ","LAA","RP",999,42,-8.87793205248409,-4.07339261102802,-9.544481752506139,-9.71167918586282,-5.73594556572708,-37.943431167608146,10.619999995417226,-26.32343117219092,-36.10777246764421,,"Walbert Urena","29357",700712
"John Klein ","MIN","RP",999,39,-8.87793205248409,-4.07339261102802,-9.703841482043828,-9.71167918586282,-5.73594556572708,-38.10279089714584,10.619999995417226,-26.482790901728613,-36.3241978699637,,"John Klein","sa3020405",804619
"Logan Allen ","CLE","SP",999,113,-1.72449039250832,-4.07339261102802,-23.92689168441612,-3.07784199501809,-5.73594556572708,-38.53856224869764,10.619999995417226,-26.918562253280406,-36.916016081205036,,"Logan Allen","27589",671106
"Jack Kochanowicz ","LAA","SP",999,78,-5.3012112224962,-4.07339261102802,-16.463803472579144,-7.17875953117665,-5.73594556572708,-38.7531124030071,10.619999995417226,-27.133112407589877,-37.207395237023384,,"Jack Kochanowicz","27688",686799
"Patrick Corbin ",,"SP",999,62,-5.3012112224962,-4.07339261102802,-14.86048912052314,-7.90245086108698,-6.73817006320034,-38.8757138783347,10.619999995417226,-27.255713882917473,-37.37389949565706,,"Patrick Corbin","9323",571578
"Noah Cameron ","KCR","SP",298,142,1.85223043747956,-4.07339261102802,-30.236759609574264,0.299384211230141,-6.73817006320034,-38.89670763509294,10.619999995417226,-27.276707639675706,-37.40241097886413,,"Noah Cameron","30184",702070
"Caden Dana ","LAA","SP",999,69,-5.3012112224962,-4.07339261102802,-16.941882661192224,-6.21383775796288,-6.73817006320034,-39.268494315879664,10.619999995417226,-27.64849432046244,-37.907332028866676,,"Caden Dana","31508",702674
"Brandon Williamson ","CIN","SP",748.4500122070312,88,-3.51285080750227,-4.07339261102802,-21.32971677521897,-4.64583987649049,-5.73594556572708,-39.29774563596681,10.619999995417226,-27.67774564054959,-37.947058054611084,,"Brandon Williamson","25463",682227
"Eduardo Rodriguez ","ARI","SP",738.219970703125,130,0.0638700224856139,-4.07339261102802,-29.40225878197081,-0.303691897028472,-5.73594556572708,-39.45141883326876,10.619999995417226,-27.831418837851537,-38.15576061483931,,"Eduardo Rodriguez","13164",593958
"Walker Buehler ","SDP","SP",740.9299926757812,80,-5.3012112224962,-4.07339261102802,-18.320149980559638,-6.09322253631115,-5.73594556572708,-39.52392191612209,10.619999995417226,-27.90392192070486,-38.254226575602765,,"Walker Buehler","19374",621111
"Hunter Dobbins ","STL","SP",999,87,-5.3012112224962,-4.07339261102802,-18.9296037754745,-5.8519920930077,-5.73594556572708,-39.89214526773352,10.619999995417226,-28.272145272316294,-38.75430829164937,,"Hunter Dobbins","30240",690928
"Luis Peralta ","COL","RP",999,42,-8.87793205248409,-4.07339261102802,-12.488361244014575,-8.74675741264905,-5.73594556572708,-39.922388885902805,10.619999995417226,-28.302388890485577,-38.79538195090364,,"Luis Peralta","24203",678821
"José Berríos ","TOR","SP",715.6500244140625,117,-1.72449039250832,-4.07339261102802,-26.167644954622897,-2.35415066510775,-5.73594556572708,-40.055624188994074,10.619999995417226,-28.435624193576846,-38.97632794120081,,"Jose Berrios","14168",621244
"Mike Clevinger ","PIT","RP",748.0900268554688,48,-8.87793205248409,-4.07339261102802,-12.169641784939191,-9.22921829925593,-5.73594556572708,-40.08613031343432,10.619999995417226,-28.46613031801709,-39.01775810849803,,"Mike Clevinger","12808",605182
"Davis Martin ","CHW","SP",999,148,0.0638700224856139,-4.07339261102802,-29.918040150498882,0.178768989578418,-6.73817006320034,-40.48696381266323,10.619999995417226,-28.866963817245992,-39.56212745190371,,"Davis Martin","21448",663436
"José Urquidy ","PIT","RP",999,61,-7.08957163749014,-4.07339261102802,-15.40425561228711,-8.38491174769388,-5.73594556572708,-40.68807717422624,10.619999995417226,-29.068077178809002,-39.83525818771989,,"Jose Urquidy","18413",664353
"Drew Thorpe ","CHW","SP",999,44,-8.87793205248409,-4.07339261102802,-11.400828260486634,-9.71167918586282,-6.73817006320034,-40.802002173061915,10.619999995417226,-29.18200217764468,-39.98997898060016,,"Drew Thorpe","31967",689672
"Randy Vásquez ","SDP","SP",721.1699829101562,139,0.0638700224856139,-4.07339261102802,-30.39611933911196,-1.38922889189398,-5.73594556572708,-41.53081638527542,10.619999995417226,-29.910816389858184,-40.97977677676895,,"Randy Vasquez","24719",681190
"Ryan Bergert ","KCR","SP",999,56,-7.08957163749014,-4.07339261102802,-16.65114832535274,-8.38491174769388,-5.73594556572708,-41.93496988729186,10.619999995417226,-30.31496989187463,-41.528654994161045,,"Ryan Bergert","29863",686701
"Mitchell Parker ","WSN","SP",999,50,-8.87793205248409,-4.07339261102802,-14.025988292919688,-9.22921829925593,-5.73594556572708,-41.9424768214148,10.619999995417226,-30.322476825997573,-41.53885011210243,,"Mitchell Parker","27636",680730
"Chase Petty ","CIN","RP",999,47,-8.87793205248409,-4.07339261102802,-14.18534802245738,-9.47044874255938,-5.73594556572708,-42.34306699425593,10.619999995417226,-30.723066998838704,-42.082888995538575,,"Chase Petty","30170",695534
"Gunnar Hoglund ","ATH","SP",999,60,-7.08957163749014,-4.07339261102802,-17.419961849805297,-8.38491174769388,-5.73594556572708,-42.70378341174441,10.619999995417226,-31.083783416327186,-42.572775593643776,,"Gunnar Hoglund","31318",680684
"Mason Black ","KCR","RP",999,57,-7.08957163749014,-4.07339261102802,-17.579321579342988,-8.26429652604216,-5.73594556572708,-42.74252791963039,10.619999995417226,-31.12252792421316,-42.62539425540493,,"Mason Black","30171",696131
"Chris Paddack ","MIA","SP",748.510009765625,134,0.0638700224856139,-4.07339261102802,-31.643012052177586,-1.75107455684914,-5.73594556572708,-43.13955476329621,10.619999995417226,-31.51955476787898,-43.16459380488511,,"Chris Paddack","20099",663978
"Alek Manoah ","LAA","SP",748.5599975585938,44,-8.87793205248409,-4.07339261102802,-14.34470775199507,-9.5910639642111,-6.73817006320034,-43.625266442918615,10.619999995417226,-32.00526644750139,-43.82423564776793,,"Alek Manoah","26410",666201
"Seth Lugo ","KCR","SP",493.1000061035156,157,3.64059085247349,-4.07339261102802,-38.27159943641111,1.50553642774737,-6.73817006320034,-43.937034830418625,10.619999995417226,-32.317034835001394,-44.247646247741514,,"Seth Lugo","12447",607625
"Aaron Civale ","ATH","SP",748.5800170898438,132,0.0638700224856139,-4.07339261102802,-32.730545035705525,-0.665537561983639,-6.73817006320034,-44.143775249431926,10.619999995417226,-32.52377525401469,-44.52841905333332,,"Aaron Civale","19479",650644
"Cristian Javier ","HOU","SP",470.2799987792969,146,1.85223043747956,-4.07339261102802,-36.89333211704369,1.62615164939909,-6.73817006320034,-44.226512704393414,10.619999995417226,-32.60651270897619,-44.640784247657386,,"Cristian Javier","17606",664299
"Germán Márquez ","SDP","SP",743.3200073242188,111,-1.72449039250832,-4.07339261102802,-29.430243905206716,-3.80153332492842,-5.73594556572708,-44.76560579939855,10.619999995417226,-33.145605803981326,-45.37292304026587,,"German Marquez","15038",608566
"Lucas Giolito ",,"SP",728.47998046875,114,0.0638700224856139,-4.07339261102802,-32.21476366717746,-1.99230500015259,-6.73817006320034,-44.954761319072794,10.619999995417226,-33.33476132365557,-45.62981390952882,,"Lucas Giolito","15474",608337
"Jonathan Cannon ","CHW","SP",999,109,-3.51285080750227,-4.07339261102802,-27.573897397226215,-4.28399421153531,-5.73594556572708,-45.1800805930189,10.619999995417226,-33.56008059760167,-45.93581853601499,,"Jonathan Cannon","31730",686563
"Michael Wacha ","KCR","SP",609.2899780273438,165,3.64059085247349,-4.07339261102802,-39.80922648531622,1.26430598444392,-6.73817006320034,-45.715892322627184,10.619999995417226,-34.09589232720995,-46.66350092782364,,"Michael Wacha","14078",608379
"Tyler Anderson ","LAA","SP",999,72,-5.3012112224962,-4.07339261102802,-22.670281914671396,-7.17875953117665,-6.73817006320034,-45.96181534257262,10.619999995417226,-34.341815347155396,-46.99748736646607,,"Tyler Anderson","12880",542881
"Andrew Alvarez ","WSN","SP",999,94,-5.3012112224962,-4.07339261102802,-25.42681655340624,-6.09322253631115,-5.73594556572708,-46.6305884889687,10.619999995417226,-35.01058849355147,-47.90574378538149,,"Andrew Alvarez","29914",674841
"Chase Dollander ","COL","SP",743.4400024414062,120,-3.51285080750227,-4.07339261102802,-33.36798395385629,-0.183076675376749,-5.73594556572708,-46.8732496134904,10.619999995417226,-35.25324961807318,-48.23530026526674,,"Chase Dollander","33482",801403
"Tanner Gordon ","COL","SP",999,58,-7.08957163749014,-4.07339261102802,-21.45137432484167,-8.86737263430077,-5.73594556572708,-47.21765677338768,10.619999995417226,-35.59765677797046,-48.7030373677249,,"Tanner Gordon","27669",685299
"Josiah Gray ","WSN","SP",999,79,-7.08957163749014,-4.07339261102802,-23.27973570958626,-6.3344529796146,-6.73817006320034,-47.51532300091937,10.619999995417226,-35.89532300550214,-49.10729591684117,,"Josiah Gray","24580",680686
"Bailey Falter ","KCR","SP",999,72,-7.08957163749014,-4.07339261102802,-25.614161406179836,-8.02306608273872,-2.72927207330727,-47.529463810743984,10.619999995417226,-35.90946381532676,-49.12650045781456,,"Bailey Falter","20070",663559
"Zack Littell ","WSN","SP",709.4099731445312,151,0.0638700224856139,-4.07339261102802,-37.11837914973228,-0.906768005287084,-6.73817006320034,-48.772839806762114,10.619999995417226,-37.15283981134489,-50.815121233924486,,"Zack Littell","15823",641793
"Erick Fedde ","CHW","SP",999,108,-3.51285080750227,-4.07339261102802,-31.06154338049862,-4.52522465483875,-5.73594556572708,-48.90895701959475,10.619999995417226,-37.28895702417751,-50.9999811269186,,"Erick Fedde","17425",607200
"Jake Irvin ","WSN","SP",999,137,-1.72449039250832,-4.07339261102802,-37.37141130565676,-1.5098441135457,-5.73594556572708,-50.4150839884659,10.619999995417226,-38.79508399304867,-53.04544227402136,,"Jake Irvin","21504",663623
"Jeffrey Springs ","ATH","SP",722.25,163,1.85223043747956,-4.07339261102802,-43.8406389603526,2.10861253600597,-6.73817006320034,-50.69135866109544,10.619999995417226,-39.07135866567821,-54.901004680528125,2,"Jeffrey Springs","17677",605488
"Antonio Senzatela ","COL","SP",999,96,-5.3012112224962,-4.07339261102802,-34.64286179015782,-5.97260731465944,-0.724823078360737,-50.71489601670221,10.619999995417226,-39.09489602128499,-53.452615020985135,,"Antonio Senzatela","15488",622608
"Miles Mikolas ","WSN","SP",999,139,-1.72449039250832,-4.07339261102802,-37.75581806788305,-2.5953811084112,-6.73817006320034,-52.88725224303093,10.619999995417226,-41.267252247613705,-56.40287774813927,,"Miles Mikolas","9803",571945
"Taijuan Walker ","PHI","SP",748.25,121,-1.72449039250832,-4.07339261102802,-38.71197644510919,-3.56030288162498,-5.73594556572708,-53.80610789599759,10.619999995417226,-42.18610790058037,-57.65076957717128,,"Taijuan Walker","11836",592836
"Ryan Feltner ","COL","SP",999,115,-3.51285080750227,-4.07339261102802,-37.55875615843036,-2.95722677336637,-5.73594556572708,-53.838171916054094,10.619999995417226,-42.21817192063686,-57.6943155122757,,"Ryan Feltner","21446",663372
"Michael Lorenzen ","COL","SP",999,143,-1.72449039250832,-4.07339261102802,-45.88433032110669,0.0581537679266951,-6.73817006320034,-58.3622296199167,10.619999995417226,-46.742229624499466,-63.8384085746539,,"Michael Lorenzen","14843",547179
"Kyle Freeland ","COL","SP",999,161,0.0638700224856139,-4.07339261102802,-53.75981041840585,0.299384211230141,-6.73817006320034,-64.20811885891845,10.619999995417226,-52.588118863501236,-71.77767236567846,,"Kyle Freeland","16256",607536
"Tomoyuki Sugano ","COL","SP",999,116,-3.51285080750227,-4.07339261102802,-45.8466281411917,-4.64583987649049,-6.73817006320034,-64.81688149941282,10.619999995417226,-53.196881503995584,-75.33863374539949,5,"Tomoyuki Sugano","35321",608372
"Jose Quintana ","COL","SP",999,144,-1.72449039250832,-4.07339261102802,-57.116081795376466,-2.35415066510775,-6.73817006320034,-72.00628552722092,10.619999995417226,-60.38628553180369,-85.89340392871141,5,"Jose Quintana","11423",500779