Name,Team,W,L,QS,ERA,G,GS,SV,HLD,BS,IP,TBF,H,R,ER,HR,BB,IBB,HBP,SO,K/9,BB/9,K/BB,HR/9,K%,BB%,K-BB%,AVG,WHIP,BABIP,LOB%,GB%,HR/FB,FIP,WAR,RA9-WAR,ADP,InterSD,InterSK,IntraSD,Vol,Skew,Dim,FPTS,FPTS/IP,SPTS,SPTS/IP,P10,P20,P30,P40,P50,P60,P70,P80,P90,TT10,TT20,TT30,TT40,TT50,TT60,TT70,TT80,TT90,NameASCII,PlayerId,MLBAMID
"Tarik Skubal","DET",14,9,22,2.83362,32,32,0,0,,198,789,160,68,62,18,43,,7,229,10.406,1.93289,5.38366,0.828834,0.2903,0.0539225,0.23637786135077477,0.216108,1.02151,0.287615,0.760726,,,2.80056,5.4938,5.53381,14.180000305175781,,,,,,,1135.8,5.736363636363636,1064,5.373737373737374,,,,,,,,,,,,,,,,,,,"Tarik Skubal","22267",669373
"Paul Skenes","PIT",11,7,20,3.00098,31,31,0,0,,174,700,139,64,58,16,50,,6,213,11.0601,2.57572,4.29401,0.85461,0.304773,0.0709764,0.23379705846309662,0.214979,1.08431,0.294373,0.75497,,,2.90205,4.7962,4.88722,11.079999923706055,,,,,,,987.4000000000002,5.674712643678162,920,5.287356321839081,,,,,,,,,,,,,,,,,,,"Paul Skenes","33677",694973
"Zack Wheeler","PHI",14,9,20,3.29923,32,32,0,0,,202,821,170,80,74,21,53,,8,214,9.52468,2.36115,4.03392,0.952929,0.260563,0.0645931,0.1959703266620636,0.22436,1.10538,0.284249,0.739745,,,3.33851,4.78304,4.93397,21.760000228881836,,,,,,,1039.5000000000002,5.146039603960397,982,4.861386138613861,,,,,,,,,,,,,,,,,,,"Zack Wheeler","10310",554430
"Chris Sale","ATL",14,7,20,3.02914,31,31,0,0,,182,743,152,67,61,18,47,,10,224,11.0564,2.3097,4.78696,0.890388,0.30131,0.0629438,0.2383657917380333,0.22116,1.08992,0.30092,0.760368,,,2.92374,4.59488,4.9585,36.209999084472656,,,,,,,1007.1999999999998,5.534065934065933,953,5.236263736263736,,,,,,,,,,,,,,,,,,,"Chris Sale","10603",519242
"Garrett Crochet","BOS",13,7,19,2.98487,31,31,0,0,,157,639,126,57,52,14,49,,5,200,11.4743,2.7988,4.09971,0.811864,0.312784,0.076294,0.23648962378501892,0.215814,1.11684,0.302099,0.762181,,,2.81526,4.53832,4.60541,24.489999771118164,,,,,,,899.9999999999999,5.732484076433121,841,5.356687898089172,,,,,,,,,,,,,,,,,,,"Garrett Crochet","27463",676979
"Jacob deGrom","TEX",9,5,16,2.98634,26,26,0,0,,132,518,100,47,44,16,27,,4,177,12.1162,1.8435,6.5724,1.10352,0.34294,0.0521787,0.29076099023222923,0.205777,0.964952,0.286515,0.768185,,,2.76307,4.04216,3.5605,49.040000915527344,,,,,,,781.0000000000002,5.916666666666669,713,5.401515151515151,,,,,,,,,,,,,,,,,,,"Jacob deGrom","10954",594798
"Logan Webb","SFG",13,10,20,3.3225,32,32,0,0,,201,831,194,82,74,16,44,,6,171,7.6773,1.98391,3.86978,0.698659,0.206229,0.0532921,0.15293660014867783,0.248431,1.18612,0.300378,0.72413,,,3.21728,3.9439,4.05999,97.75,,,,,,,978.2000000000002,4.866666666666667,989,4.920398009950249,,,,,,,,,,,,,,,,,,,"Logan Webb","17995",657277
"Corbin Burnes","ARI",13,8,19,3.33215,31,31,0,0,,188,773,167,76,70,18,53,,7,188,8.99891,2.53675,3.54741,0.871974,0.243236,0.068567,0.1746685951948166,0.233488,1.16696,0.29258,0.741467,,,3.38609,3.7413,4.42762,36.41999816894531,,,,,,,931.5999999999999,4.955319148936169,902,4.797872340425532,,,,,,,,,,,,,,,,,,,"Corbin Burnes","19361",669203
"Dylan Cease","SDP",13,10,19,3.45712,32,32,0,0,,185,766,150,76,71,21,69,,6,218,10.6445,3.37349,3.15533,1.0208,0.285056,0.0903412,0.1947150006890297,0.216433,1.18492,0.284729,0.751168,,,3.49404,3.68753,3.85043,47.61000061035156,,,,,,,931.7,5.036216216216216,863,4.664864864864865,,,,,,,,,,,,,,,,,,,"Dylan Cease","18525",656302
"Cole Ragans","KCR",12,9,18,3.50653,31,31,0,0,,179,748,153,75,70,19,67,,6,201,10.1171,3.36924,3.00279,0.938013,0.26847,0.0894068,0.17906346172094345,0.22643,1.23004,0.294612,0.745059,,,3.49753,3.58545,4.02011,46,,,,,,,876.1000000000001,4.89441340782123,831,4.64245810055866,,,,,,,,,,,,,,,,,,,"Cole Ragans","21846",666142
"Yoshinobu Yamamoto","LAD",12,7,16,3.43337,28,28,0,0,,163,650,136,67,62,18,39,,4,168,9.32286,2.16948,4.29728,1.02023,0.259225,0.060323,0.19890177994966507,0.22457,1.07833,0.280683,0.723543,,,3.37142,3.55428,3.48388,59.529998779296875,,,,,,,838.1999999999999,5.1423312883435575,788,4.8343558282208585,,,,,,,,,,,,,,,,,,,"Yoshinobu Yamamoto","33825",808967
"Pablo López","MIN",13,10,18,3.69961,32,32,0,0,,192,793,175,85,79,24,48,,9,201,9.42164,2.2386,4.20873,1.12165,0.253212,0.0601636,0.19304868951439857,0.238315,1.16393,0.296225,0.726343,,,3.57492,3.54316,3.31573,71.94000244140625,,,,,,,901.6000000000001,4.695833333333334,879,4.578125,,,,,,,,,,,,,,,,,,,"Pablo Lopez","17085",641154
"Sonny Gray","STL",13,9,18,3.4172,31,31,0,0,,181,744,159,75,69,20,50,,6,191,9.49776,2.48681,3.81926,0.989865,0.256831,0.0672464,0.18958504498004913,0.230653,1.1522,0.290981,0.739502,,,3.42025,3.53768,3.78941,119.11000061035156,,,,,,,894.0000000000001,4.9392265193370175,859,4.745856353591161,,,,,,,,,,,,,,,,,,,"Sonny Gray","12768",543243
"Sandy Alcantara","MIA",11,10,17,3.64704,29,29,0,0,,190,786,181,84,77,20,46,,7,166,7.88425,2.16686,3.63856,0.929186,0.211869,0.0582287,0.15364009141921997,0.24756,1.19508,0.295963,0.718465,,,3.59625,3.51676,3.75044,141.11000061035156,,,,,,,862.4,4.538947368421052,863,4.542105263157895,,,,,,,,,,,,,,,,,,,"Sandy Alcantara","18684",645261
"Aaron Nola","PHI",11,10,17,3.83461,31,31,0,0,,188,775,176,86,80,25,43,,6,185,8.85998,2.05965,4.30169,1.19907,0.238664,0.0554815,0.18318281322717667,0.242025,1.16464,0.291964,0.720504,,,3.70449,3.50141,3.31849,87.11000061035156,,,,,,,849.1,4.516489361702128,838,4.457446808510638,,,,,,,,,,,,,,,,,,,"Aaron Nola","16149",605400
"Logan Gilbert","SEA",12,9,19,3.35852,32,32,0,0,,196,792,171,80,73,24,44,,5,201,9.23402,2.00295,4.6102,1.11767,0.25418,0.0551343,0.19904597848653793,0.230126,1.09425,0.283392,0.748807,,,3.47467,3.489,3.55596,26.25,,,,,,,965.6,4.926530612244898,923,4.709183673469388,,,,,,,,,,,,,,,,,,,"Logan Gilbert","22250",669302
"Tyler Glasnow","LAD",10,6,14,3.31459,24,24,0,0,,140,561,112,56,52,17,40,,2,173,11.1076,2.55034,4.35533,1.08563,0.308121,0.0707458,0.23737524449825287,0.215243,1.0818,0.287861,0.746289,,,3.15443,3.45448,3.16551,92.41999816894531,,,,,,,755.7,5.397857142857143,699,4.992857142857143,,,,,,,,,,,,,,,,,,,"Tyler Glasnow","14374",607192
"Blake Snell","LAD",11,7,17,3.44484,29,29,0,0,,160,665,123,66,61,18,70,,4,209,11.7896,3.96624,2.97249,1.02493,0.314203,0.105704,0.20849931985139847,0.20812,1.2119,0.28808,0.758187,,,3.41773,3.4407,3.39342,43.189998626708984,,,,,,,838.8,5.2425,762,4.7625,,,,,,,,,,,,,,,,,,,"Blake Snell","13543",605483
"Max Fried","NYY",12,9,17,3.42353,29,29,0,0,,176,727,160,73,67,17,51,,6,163,8.3311,2.59197,3.2142,0.872889,0.22373,0.0696068,0.15412311255931854,0.23805,1.19626,0.290492,0.736192,,,3.54216,3.43544,3.56133,96.23999786376953,,,,,,,832.3000000000002,4.728977272727274,814,4.625,,,,,,,,,,,,,,,,,,,"Max Fried","13743",608331
"Michael King","SDP",13,9,18,3.45832,31,31,0,0,,178,748,154,74,69,20,63,,7,193,9.75021,3.19408,3.05259,1.00143,0.258449,0.0846653,0.1737833172082901,0.227216,1.21719,0.288809,0.754346,,,3.63648,3.33208,3.61609,63.13999938964844,,,,,,,846.8000000000001,4.757303370786517,806,4.52808988764045,,,,,,,,,,,,,,,,,,,"Michael King","19853",650633
"Framber Valdez","HOU",13,9,18,3.34572,29,29,0,0,,181,752,163,74,67,16,59,,9,171,8.47692,2.91515,2.90788,0.800316,0.227002,0.0780644,0.14893770217895508,0.237975,1.22245,0.294945,0.742627,,,3.55906,3.27674,3.76829,62.5,,,,,,,856.8000000000002,4.733701657458565,835,4.613259668508287,,,,,,,,,,,,,,,,,,,"Framber Valdez","17295",664285
"Spencer Strider","ATL",10,6,14,3.24289,23,23,0,0,,128,521,99,50,46,14,40,,6,171,12.0347,2.83146,4.25034,0.997172,0.328884,0.0773783,0.2515057399868965,0.209255,1.09042,0.294319,0.748435,,,3.0075,3.19396,3.15656,106.68000030517578,,,,,,,721.6,5.6375,662,5.171875,,,,,,,,,,,,,,,,,,,"Spencer Strider","27498",675911
"George Kirby","SEA",11,9,17,3.41719,28,28,0,0,,159,647,149,65,60,19,24,,6,150,8.46917,1.3374,6.33255,1.07382,0.231122,0.0364974,0.19462425634264946,0.241469,1.08689,0.28986,0.73497,,,3.39285,3.08942,2.8712,82.27999877929688,,,,,,,765.5000000000001,4.814465408805032,758,4.767295597484277,,,,,,,,,,,,,,,,,,,"George Kirby","25436",669923
"Cristopher Sánchez","PHI",10,9,16,3.67681,29,29,0,0,,171,714,166,77,70,18,46,,6,147,7.73296,2.4444,3.16355,0.945239,0.205757,0.0650399,0.14071673154830933,0.250136,1.24005,0.29697,0.724768,,,3.72602,3.07405,3.14257,154.61000061035156,,,,,,,750.4,4.3883040935672515,759,4.43859649122807,,,,,,,,,,,,,,,,,,,"Cristopher Sanchez","20778",650911
"Reynaldo López","ATL",11,8,18,3.56494,31,31,0,0,,173,717,152,73,68,19,58,,4,184,9.59194,3.03011,3.16554,1.00734,0.256511,0.0810321,0.17547854781150818,0.231876,1.2163,0.293485,0.746343,,,3.57418,3.05366,3.66357,166.80999755859375,,,,,,,833.3,4.816763005780347,800,4.624277456647399,,,,,,,,,,,,,,,,,,,"Reynaldo Lopez","16400",625643
"Kevin Gausman","TOR",13,11,18,3.78426,32,32,0,0,,192,805,182,87,81,24,54,,4,189,8.85238,2.52102,3.51143,1.14795,0.234488,0.0667786,0.16770988702774048,0.24352,1.22872,0.294893,0.738833,,,3.7552,3.05093,2.95901,168.1300048828125,,,,,,,856.4000000000001,4.460416666666667,852,4.4375,,,,,,,,,,,,,,,,,,,"Kevin Gausman","14107",592332
"Hunter Greene","CIN",9,9,16,3.89583,29,29,0,0,,169,702,135,79,73,23,60,,16,195,10.3818,3.19334,3.25108,1.21074,0.278343,0.0856155,0.1927274763584137,0.215606,1.15204,0.27503,0.714036,,,3.94829,3.0295,3.14161,95.06999969482422,,,,,,,778.7000000000003,4.607692307692309,708,4.189349112426036,,,,,,,,,,,,,,,,,,,"Hunter Greene","22182",668881
"Joe Ryan","MIN",10,9,15,3.76819,28,28,0,0,,158,643,138,71,66,22,36,,7,172,9.7902,2.07516,4.7178,1.26746,0.267075,0.0566101,0.2104646936058998,0.229469,1.10159,0.284433,0.719476,,,3.6533,2.9942,2.61316,93.95999908447266,,,,,,,754.8,4.777215189873417,719,4.550632911392405,,,,,,,,,,,,,,,,,,,"Joe Ryan","21390",657746
"Justin Steele","CHC",10,7,17,3.46607,29,29,0,0,,165,683,151,69,64,17,45,,6,158,8.60864,2.46458,3.49294,0.943111,0.231436,0.0662583,0.16517774760723114,0.239612,1.18978,0.293757,0.740962,,,3.5468,2.92538,3.29742,117.25,,,,,,,782.3000000000001,4.741212121212121,767,4.648484848484848,,,,,,,,,,,,,,,,,,,"Justin Steele","17312",657006
"Tanner Houck","BOS",11,9,15,3.89049,40,29,0,1,,180,762,174,84,78,17,55,,13,161,8.07126,2.73612,2.94989,0.855342,0.211744,0.0717803,0.13996347039937973,0.250466,1.27065,0.303957,0.704809,,,3.73638,2.92312,3.10517,220.6300048828125,,,,,,,792.5000000000001,4.402777777777779,801,4.45,,,,,,,,,,,,,,,,,,,"Tanner Houck","19879",656557
"Shota Imanaga","CHC",10,9,17,3.59453,29,29,0,0,,171,704,157,74,68,24,38,,6,172,9.05372,2.01397,4.49546,1.25016,0.244485,0.0543848,0.1900998130440712,0.238178,1.14274,0.287479,0.750296,,,3.72928,2.8397,3.13892,77.05999755859375,,,,,,,774,4.526315789473684,755,4.415204678362573,,,,,,,,,,,,,,,,,,,"Shota Imanaga","33829",684007
"Shane McClanahan","TBR",10,7,14,3.34071,32,24,0,1,,150,607,129,60,56,18,41,,3,162,9.74136,2.45239,3.97219,1.05696,0.266722,0.0671473,0.19957472383975983,0.228423,1.13287,0.289444,0.754769,,,3.40284,2.82497,2.93876,134.72000122070312,,,,,,,749.1999999999999,4.994666666666666,712,4.746666666666667,,,,,,,,,,,,,,,,,,,"Shane McClanahan","21483",663556
"Luis Castillo","SEA",12,10,18,3.55825,31,31,0,0,,181,748,160,77,72,22,52,,7,184,9.1479,2.56781,3.56253,1.11594,0.246293,0.0691343,0.17715878784656525,0.231643,1.16674,0.284249,0.744449,,,3.71099,2.82417,2.91192,99.23999786376953,,,,,,,843.8000000000002,4.661878453038675,810,4.475138121546961,,,,,,,,,,,,,,,,,,,"Luis Castillo","15689",622491
"Hunter Brown","HOU",11,9,16,3.70953,29,29,0,0,,166,701,150,74,69,19,59,,6,172,9.28891,3.17369,2.92685,1.00236,0.244729,0.0836153,0.1611139476299286,0.236429,1.25783,0.295635,0.734986,,,3.71619,2.81661,2.77163,98.81999969482422,,,,,,,753.7,4.540361445783133,732,4.409638554216867,,,,,,,,,,,,,,,,,,,"Hunter Brown","25880",686613
"Nick Martinez","CIN",11,10,11,4.0014,46,24,0,1,,174,733,175,83,77,22,45,,6,148,7.68042,2.31934,3.31147,1.11538,0.20241,0.061124,0.1412862464785576,0.255926,1.26145,0.298779,0.718571,,,3.95303,2.78239,2.66004,321.3900146484375,,,,,,,709,4.074712643678161,731,4.2011494252873565,,,,,,,,,,,,,,,,,,,"Nick Martinez","12730",607259
"Freddy Peralta","MIL",11,10,17,3.75923,31,31,0,0,,171,712,140,77,72,23,63,,8,195,10.2536,3.30847,3.09919,1.19825,0.274005,0.0884119,0.18559295684099197,0.218951,1.18696,0.277848,0.73774,,,3.8659,2.76697,3.01699,102.66999816894531,,,,,,,795.5,4.652046783625731,733,4.286549707602339,,,,,,,,,,,,,,,,,,,"Freddy Peralta","18679",642547
"Yusei Kikuchi","LAA",10,10,16,3.91802,31,31,0,0,,169,711,157,79,74,25,54,,5,189,10.0671,2.87616,3.5002,1.32542,0.265854,0.0759539,0.18989963084459305,0.240669,1.24776,0.301413,0.747466,,,3.89618,2.73865,2.69218,170.6300048828125,,,,,,,735.9000000000001,4.354437869822486,721,4.266272189349112,,,,,,,,,,,,,,,,,,,"Yusei Kikuchi","20633",579328
"Spencer Schwellenbach","ATL",12,8,16,3.70937,29,29,0,0,,165,683,156,74,68,20,38,,8,159,8.66844,2.08266,4.16219,1.10674,0.232944,0.0559667,0.17697739973664284,0.244339,1.17394,0.295727,0.725635,,,3.67057,2.72505,3.02472,80.62999725341797,,,,,,,749.4,4.541818181818182,745,4.515151515151516,,,,,,,,,,,,,,,,,,,"Spencer Schwellenbach","31846",680885
"Ranger Suárez","PHI",10,9,14,3.61497,38,26,0,1,,157,658,148,69,63,16,49,,5,141,8.08326,2.81906,2.86737,0.90423,0.213852,0.0745812,0.13927044719457626,0.244283,1.25522,0.294492,0.732445,,,3.70738,2.72387,2.9552,267.44000244140625,,,,,,,704.2,4.485350318471338,701,4.464968152866242,,,,,,,,,,,,,,,,,,,"Ranger Suarez","17277",624133
"Seth Lugo","KCR",11,11,17,3.97817,31,31,0,0,,188,794,187,90,83,23,52,,7,161,7.70163,2.50031,3.08027,1.08532,0.202641,0.0657868,0.13685449957847595,0.254789,1.27303,0.298536,0.718795,,,3.97328,2.6862,3.04147,180.7100067138672,,,,,,,767.1000000000001,4.080319148936171,786,4.180851063829787,,,,,,,,,,,,,,,,,,,"Seth Lugo","12447",607625
"Brandon Woodruff","MIL",9,8,15,3.60711,26,26,0,0,,153,630,133,67,61,21,43,,6,170,9.94975,2.53396,3.92657,1.23693,0.268948,0.0684945,0.20045388489961624,0.229529,1.15148,0.28758,0.747112,,,3.70354,2.67209,2.90252,253.5800018310547,,,,,,,721.1000000000001,4.713071895424838,685,4.477124183006536,,,,,,,,,,,,,,,,,,,"Brandon Woodruff","16162",605540
"Zach Eflin","BAL",11,10,16,3.83227,29,29,0,0,,174,719,176,80,74,23,30,,5,145,7.48502,1.54456,4.84604,1.20706,0.201321,0.0415434,0.15977781638503075,0.257551,1.18355,0.296232,0.725752,,,3.85271,2.65649,2.5102,191.9199981689453,,,,,,,732.1000000000003,4.207471264367817,756,4.344827586206897,,,,,,,,,,,,,,,,,,,"Zach Eflin","13774",621107
"Clay Holmes","NYM",13,10,12,3.61581,46,24,0,1,,170,737,168,75,68,13,60,,8,152,8.06047,3.1956,2.52237,0.680428,0.206505,0.0818695,0.12463538348674774,0.251015,1.34223,0.307805,0.728267,,,3.57091,2.64999,2.48438,223.3800048828125,,,,,,,765.3,4.501764705882353,785,4.617647058823529,,,,,,,,,,,,,,,,,,,"Clay Holmes","13649",605280
"Carlos Rodón","NYY",12,11,16,4.00398,31,31,0,0,,173,720,150,83,77,26,55,,8,192,10.0319,2.85138,3.51826,1.34509,0.267086,0.0759144,0.19117189198732376,0.228007,1.18586,0.282484,0.723811,,,3.96586,2.64652,2.28941,138.55999755859375,,,,,,,765.4000000000001,4.424277456647399,722,4.173410404624278,,,,,,,,,,,,,,,,,,,"Carlos Rodon","16137",607074
"MacKenzie Gore","WSN",10,10,17,3.85458,31,31,0,0,,167,711,150,77,71,20,63,,7,178,9.60586,3.39551,2.82899,1.08646,0.250263,0.0884639,0.16179954260587692,0.2347,1.27976,0.294203,0.735765,,,3.8597,2.64077,2.80906,203.69000244140625,,,,,,,745.8,4.4658682634730535,721,4.317365269461078,,,,,,,,,,,,,,,,,,,"MacKenzie Gore","22201",669022
"Roki Sasaki","LAD",10,7,14,3.60332,24,24,0,0,,133,545,112,58,53,18,40,,8,163,10.987,2.71369,4.04873,1.18791,0.298409,0.0737044,0.22470497339963913,0.226396,1.14598,0.299704,0.741048,,,3.52359,2.6289,2.46794,999,,,,,,,653.6000000000001,4.9142857142857155,613,4.609022556390977,,,,,,,,,,,,,,,,,,,"Roki Sasaki","35323",808963
"Nathan Eovaldi","TEX",10,10,15,3.98743,29,29,0,0,,172,714,162,82,76,23,46,,6,163,8.53675,2.39404,3.56583,1.18213,0.228147,0.0639815,0.1641654595732689,0.243944,1.20634,0.291543,0.711624,,,3.88534,2.62311,2.36031,202.49000549316406,,,,,,,738.7,4.294767441860466,731,4.25,,,,,,,,,,,,,,,,,,,"Nathan Eovaldi","9132",543135
"Tanner Bibee","CLE",10,9,16,3.68192,29,29,0,0,,167,696,151,74,68,22,47,,7,171,9.19362,2.53701,3.6238,1.19603,0.245713,0.0678055,0.17790794372558594,0.234776,1.18214,0.286318,0.744428,,,3.81961,2.58796,2.74413,89.22000122070312,,,,,,,752.5999999999998,4.506586826347304,729,4.365269461077844,,,,,,,,,,,,,,,,,,,"Tanner Bibee","30134",676440
"Zac Gallen","ARI",12,9,16,3.68777,29,29,0,0,,170,709,155,75,69,19,53,,6,167,8.87186,2.81665,3.14979,1.02509,0.235719,0.0748365,0.16088297218084335,0.23865,1.22715,0.293039,0.734034,,,3.72945,2.58492,3.31455,119.25,,,,,,,778.3,4.578235294117647,760,4.470588235294118,,,,,,,,,,,,,,,,,,,"Zac Gallen","19291",668678
"Brayan Bello","BOS",10,10,14,4.08143,28,28,0,0,,153,658,151,75,69,16,55,,6,140,8.2655,3.22117,2.566,0.91581,0.213433,0.0831774,0.1302555501461029,0.253001,1.34535,0.307233,0.708119,,,3.85253,2.44872,2.43112,367.8900146484375,,,,,,,639.8000000000001,4.181699346405229,654,4.2745098039215685,,,,,,,,,,,,,,,,,,,"Brayan Bello","23920",678394
"Mitch Keller","PIT",10,11,16,4.13181,31,31,0,0,,180,769,176,89,83,22,55,,12,163,8.13094,2.72532,2.98348,1.09192,0.211615,0.0709289,0.140686497092247,0.250992,1.282,0.29823,0.70745,,,4.04075,2.41577,2.60072,298.1099853515625,,,,,,,728.8000000000001,4.048888888888889,739,4.105555555555555,,,,,,,,,,,,,,,,,,,"Mitch Keller","17594",656605
"Kodai Senga","NYM",10,8,14,3.65118,34,26,0,1,,160,675,134,70,65,18,69,,5,173,9.70917,3.84895,2.52255,1.02852,0.256255,0.101586,0.15466953068971634,0.223365,1.26494,0.282931,0.748481,,,3.87873,2.40804,2.51023,156.39999389648438,,,,,,,742.1999999999999,4.63875,694,4.3375,,,,,,,,,,,,,,,,,,,"Kodai Senga","31838",673540
"Bailey Ober","MIN",10,10,15,3.97963,29,29,0,0,,167,688,153,79,74,26,41,,6,171,9.23323,2.18635,4.22313,1.4035,0.248839,0.0589228,0.1899157576262951,0.237902,1.15735,0.284944,0.725513,,,3.9792,2.39185,2.33966,82.80999755859375,,,,,,,719.2,4.3065868263473055,698,4.179640718562874,,,,,,,,,,,,,,,,,,,"Bailey Ober","21224",641927
"Jack Flaherty","DET",11,9,16,3.79677,29,29,0,0,,164,690,146,75,69,22,52,,8,178,9.77178,2.87231,3.40207,1.18987,0.257625,0.075726,0.1818990409374237,0.23271,1.21406,0.290261,0.734882,,,3.82028,2.38852,2.44055,139.02999877929688,,,,,,,739.4,4.508536585365854,710,4.329268292682927,,,,,,,,,,,,,,,,,,,"Jack Flaherty","17479",656427
"Brady Singer","CIN",9,11,14,4.53313,29,29,0,0,,167,717,169,91,84,25,49,,10,159,8.61443,2.66627,3.23089,1.3426,0.222459,0.0688539,0.15360558032989502,0.25695,1.31082,0.304483,0.694539,,,4.2539,2.20875,1.82919,333.8500061035156,,,,,,,629.9,3.7718562874251496,651,3.8982035928143715,,,,,,,,,,,,,,,,,,,"Brady Singer","25377",663903
"Jared Jones","PIT",8,9,12,3.89116,32,24,0,1,,141,591,127,66,61,18,46,,7,144,9.18809,2.91173,3.15555,1.1201,0.243714,0.0772336,0.16648077219724655,0.236165,1.2254,0.29079,0.720274,,,3.85288,2.15598,2.31417,182.55999755859375,,,,,,,624.8000000000002,4.431205673758867,604,4.283687943262412,,,,,,,,,,,,,,,,,,,"Jared Jones","27863",683003
"Nick Lodolo","CIN",8,8,12,4.23959,24,24,0,0,,132,565,119,67,62,17,43,,16,144,9.82463,2.95496,3.3248,1.16895,0.255253,0.0767724,0.17848018556833267,0.236224,1.23163,0.297193,0.689719,,,4.02989,2.15508,1.92345,239.67999267578125,,,,,,,569.3000000000002,4.312878787878789,550,4.166666666666667,,,,,,,,,,,,,,,,,,,"Nick Lodolo","26378",666157
"Brandon Pfaadt","ARI",9,8,12,3.91672,33,24,0,1,,146,610,140,69,64,19,34,,6,144,8.87703,2.11705,4.19311,1.18363,0.236622,0.0564311,0.18019058927893639,0.245169,1.18941,0.296555,0.715255,,,3.73295,2.13959,2.20756,178.1300048828125,,,,,,,654.7,4.484246575342466,655,4.486301369863014,,,,,,,,,,,,,,,,,,,"Brandon Pfaadt","27782",694297
"Nick Pivetta","SDP",10,9,14,4.03637,28,28,0,0,,155,643,137,75,69,24,50,,4,173,10.0305,2.89185,3.46852,1.42066,0.268508,0.0774126,0.19109492003917694,0.23195,1.20316,0.286217,0.734424,,,4.03608,2.11356,1.97152,179.92999267578125,,,,,,,679.5999999999999,4.384516129032257,647,4.174193548387096,,,,,,,,,,,,,,,,,,,"Nick Pivetta","15454",601713
"Bryce Miller","SEA",11,10,17,3.7676,31,31,0,0,,173,713,156,78,72,23,46,,7,163,8.4892,2.37814,3.56968,1.21829,0.228951,0.0641377,0.16481361538171768,0.236824,1.16823,0.280671,0.733236,,,3.94786,2.09689,2.28802,78.06999969482422,,,,,,,758.7000000000002,4.385549132947978,733,4.236994219653179,,,,,,,,,,,,,,,,,,,"Bryce Miller","29837",682243
"Drew Rasmussen","TBR",9,6,10,3.32051,45,19,0,1,,127,519,115,51,47,12,31,,4,123,8.70883,2.23002,3.90528,0.876752,0.236708,0.0606124,0.17609591037034988,0.2372,1.1516,0.293738,0.739854,,,3.33023,2.0922,2.21304,241.42999267578125,,,,,,,638.2000000000002,5.025196850393702,624,4.913385826771654,,,,,,,,,,,,,,,,,,,"Drew Rasmussen","25385",656876
"Clarke Schmidt","NYY",9,8,13,3.99213,32,26,0,1,,143,608,131,69,64,18,48,,9,142,8.89628,3.00485,2.96064,1.14511,0.232788,0.0786276,0.15416020154953003,0.238005,1.25055,0.288561,0.718263,,,4.02783,2.08658,1.77325,241.19000244140625,,,,,,,613.2,4.288111888111889,598,4.181818181818182,,,,,,,,,,,,,,,,,,,"Clarke Schmidt","19899",657376
"Grayson Rodriguez","BAL",8,7,13,3.73015,23,23,0,0,,127,531,114,57,53,16,40,,5,135,9.59329,2.80547,3.41949,1.11927,0.255313,0.0746639,0.1806487962603569,0.234532,1.20875,0.29329,0.734994,,,3.70192,2.06693,1.98334,184.88999938964844,,,,,,,581.6000000000003,4.57952755905512,562,4.425196850393701,,,,,,,,,,,,,,,,,,,"Grayson Rodriguez","24492",680570
"José Soriano","LAA",9,8,14,3.97057,26,26,0,0,,146,630,132,70,64,14,63,,13,142,8.73674,3.86555,2.26015,0.873734,0.22518,0.0996304,0.125549778342247,0.237852,1.3314,0.295452,0.710657,,,4.04448,2.06097,2.14351,328,,,,,,,621,4.2534246575342465,604,4.136986301369863,,,,,,,,,,,,,,,,,,,"Jose Soriano","22100",667755
"Germán Márquez","COL",8,11,13,4.67359,28,28,0,0,,153,660,161,86,80,21,52,,4,127,7.44073,3.05133,2.43852,1.22311,0.192083,0.0787704,0.11331254988908768,0.265804,1.38603,0.306113,0.689793,,,4.37514,2.05882,2.01978,622.3599853515625,,,,,,,541.3000000000001,3.5379084967320265,578,3.7777777777777777,,,,,,,,,,,,,,,,,,,"German Marquez","15038",608566
"Nestor Cortes","MIL",9,7,10,3.7422,44,21,0,1,,144,591,129,64,60,21,37,,4,144,9.04082,2.34725,3.85167,1.2917,0.243992,0.0633471,0.180644653737545,0.234235,1.15794,0.28099,0.743289,,,3.88431,2.01961,2.24168,263.260009765625,,,,,,,640.9000000000002,4.450694444444446,616,4.277777777777778,,,,,,,,,,,,,,,,,,,"Nestor Cortes","17874",641482
"Chris Bassitt","TOR",11,11,16,4.08745,31,31,0,0,,177,759,169,87,80,22,60,,12,161,8.1884,3.07263,2.66495,1.13097,0.21239,0.0796976,0.13269224017858505,0.247047,1.29815,0.292919,0.718386,,,4.21348,1.98314,1.99419,346.82000732421875,,,,,,,705.7999999999998,3.9875706214689255,705,3.983050847457627,,,,,,,,,,,,,,,,,,,"Chris Bassitt","12304",605135
"Jesús Luzardo","PHI",10,9,12,4.14415,40,26,0,1,,157,661,142,78,72,23,54,,6,162,9.28348,3.1033,2.99148,1.30806,0.245386,0.0820283,0.16335811465978622,0.236251,1.24767,0.286421,0.720438,,,4.13875,1.98154,1.94579,239.5,,,,,,,657.7,4.189171974522293,634,4.038216560509555,,,,,,,,,,,,,,,,,,,"Jesus Luzardo","19959",666200
"Shohei Ohtani","LAD",9,5,12,3.62763,21,21,0,0,,123,502,98,53,49,16,44,,8,137,10.0911,3.19886,3.1546,1.18415,0.273527,0.0867074,0.186819389462471,0.21685,1.15345,0.27457,0.742255,,,3.89185,1.97408,2.35543,1.4900000095367432,,,,,,,576.6000000000001,4.687804878048782,525,4.2682926829268295,,,,,,,,,,,,,,,,,,,"Shohei Ohtani","19755",660271
"Michael Wacha","KCR",9,9,14,4.17793,28,28,0,0,,155,655,153,77,72,21,46,,5,132,7.64691,2.64868,2.88706,1.2177,0.201221,0.0696975,0.13152377307415009,0.253135,1.28067,0.292297,0.716473,,,4.20372,1.97221,2.2201,276.3299865722656,,,,,,,601.9000000000001,3.8832258064516134,613,3.9548387096774196,,,,,,,,,,,,,,,,,,,"Michael Wacha","14078",608379
"Mason Miller","ATH",4,2,0,2.69557,67,0,30,2,,67,265,44,22,20,6,23,,3,98,13.1839,3.1273,4.21575,0.827875,0.36992,0.0877472,0.28217294812202454,0.184914,1.00762,0.282226,0.77359,,,2.60256,1.96608,1.89809,46.279998779296875,,,,,,,583.6,8.71044776119403,533,7.955223880597015,,,,,,,,,,,,,,,,,,,"Mason Miller","31757",695243
"Taj Bradley","TBR",10,10,15,4.06348,29,29,0,0,,159,669,145,77,72,23,52,,5,164,9.27728,2.95871,3.13558,1.29412,0.245192,0.0781968,0.16699543595314026,0.237466,1.24148,0.288097,0.726005,,,4.05542,1.91751,1.79349,197.49000549316406,,,,,,,673.7000000000003,4.237106918238996,653,4.1069182389937104,,,,,,,,,,,,,,,,,,,"Taj Bradley","22543",671737
"Reese Olson","DET",8,8,14,3.90468,26,26,0,0,,134,568,125,63,58,15,45,,5,124,8.29614,3.01237,2.75402,0.97815,0.217783,0.0790782,0.13870500773191452,0.240456,1.26318,0.289595,0.713583,,,3.84979,1.91462,1.81649,254.61000061035156,,,,,,,580.0999999999999,4.329104477611939,573,4.276119402985074,,,,,,,,,,,,,,,,,,,"Reese Olson","24968",681857
"Jhoan Duran","MIN",7,3,0,2.57691,65,0,23,5,,65,265,51,20,19,4,20,,4,81,11.2054,2.81773,3.97676,0.548311,0.305273,0.0767642,0.2285085767507553,0.211347,1.0966,0.300919,0.77571,,,2.582,1.91418,2.12467,69.25,,,,,,,524.1999999999999,8.064615384615383,498,7.661538461538462,,,,,,,,,,,,,,,,,,,"Jhoan Duran","21029",661395
"Max Scherzer","TOR",8,6,11,3.75896,27,21,0,1,,122,499,108,54,51,18,30,,6,127,9.35977,2.20619,4.24251,1.31432,0.253464,0.0597438,0.19371986389160156,0.232541,1.13158,0.281954,0.739224,,,3.85806,1.89069,1.84471,275.0299987792969,,,,,,,550.6000000000001,4.513114754098361,526,4.311475409836065,,,,,,,,,,,,,,,,,,,"Max Scherzer","3137",453286
"Eduardo Rodriguez","ARI",10,8,12,3.84737,32,24,0,1,,143,606,139,66,61,17,45,,4,132,8.30502,2.8321,2.93247,1.06723,0.217626,0.0742126,0.14341332763433456,0.250407,1.29137,0.300137,0.73896,,,3.88188,1.8783,2.3756,383.07000732421875,,,,,,,608.7,4.256643356643357,615,4.300699300699301,,,,,,,,,,,,,,,,,,,"Eduardo Rodriguez","13164",593958
"José Berríos","TOR",12,12,17,4.17879,32,32,0,0,,194,822,191,97,90,28,53,,11,167,7.75071,2.48199,3.12277,1.30379,0.202845,0.0649568,0.13788845390081406,0.252267,1.26225,0.289772,0.719491,,,4.33266,1.8772,2.02023,245.05999755859375,,,,,,,736.6000000000003,3.7969072164948465,748,3.8556701030927836,,,,,,,,,,,,,,,,,,,"Jose Berrios","14168",621244
"Bryan Woo","SEA",8,7,14,3.70864,26,26,0,0,,134,547,121,60,55,18,29,,7,125,8.39544,1.9769,4.24677,1.18624,0.228389,0.0537794,0.17460934817790985,0.237804,1.12647,0.281959,0.723729,,,3.8275,1.84835,1.82071,130.8300018310547,,,,,,,597.5999999999999,4.459701492537313,578,4.313432835820896,,,,,,,,,,,,,,,,,,,"Bryan Woo","30279",693433
"Kumar Rocker","TEX",6,5,11,3.8437,29,23,0,1,,115,479,105,53,49,15,34,,3,117,9.21858,2.6632,3.46147,1.14649,0.244738,0.0707034,0.1740344986319542,0.238168,1.21517,0.292415,0.726946,,,3.75057,1.80812,1.69613,314.1400146484375,,,,,,,520.5,4.526086956521739,507,4.408695652173913,,,,,,,,,,,,,,,,,,,"Kumar Rocker","31843",677958
"Erick Fedde","STL",9,10,15,4.21012,29,29,0,0,,164,699,163,83,77,23,51,,4,144,7.90982,2.82404,2.80089,1.27667,0.205848,0.073494,0.13235439360141754,0.253848,1.31104,0.294172,0.725479,,,4.27564,1.78999,1.81439,327.42999267578125,,,,,,,629.9000000000003,3.840853658536587,644,3.926829268292683,,,,,,,,,,,,,,,,,,,"Erick Fedde","17425",607200
"Walker Buehler","BOS",8,8,12,4.25438,38,26,0,1,,148,632,150,75,70,19,46,,5,127,7.75223,2.77457,2.79402,1.12892,0.201613,0.0721586,0.12945422530174255,0.258446,1.32321,0.302523,0.710121,,,4.11036,1.78182,1.94162,249.9600067138672,,,,,,,576.5,3.89527027027027,598,4.04054054054054,,,,,,,,,,,,,,,,,,,"Walker Buehler","19374",621111
"Sean Manaea","NYM",9,8,14,4.17112,28,28,0,0,,159,671,145,80,74,23,54,,8,159,9.02855,3.07478,2.93632,1.28414,0.237438,0.0808622,0.1565753072500229,0.238108,1.25497,0.286494,0.714342,,,4.18267,1.78024,1.55686,258.67999267578125,,,,,,,648.7000000000003,4.079874213836479,628,3.949685534591195,,,,,,,,,,,,,,,,,,,"Sean Manaea","15873",640455
"Ryan Pepiot","TBR",10,9,15,4.03124,29,29,0,0,,155,653,136,74,69,22,57,,9,163,9.48127,3.3181,2.85744,1.27361,0.249516,0.0873214,0.1621944159269333,0.232273,1.25008,0.284606,0.731477,,,4.18138,1.77521,1.86409,166.85000610351562,,,,,,,650.8,4.198709677419354,617,3.9806451612903224,,,,,,,,,,,,,,,,,,,"Ryan Pepiot","26221",686752
"Jeffrey Springs","ATH",8,7,13,3.71162,34,26,0,1,,133,554,124,59,55,18,37,,3,131,8.87069,2.52101,3.51871,1.21944,0.236392,0.0671814,0.16921033710241318,0.241931,1.21514,0.291405,0.752953,,,3.87057,1.74913,2.06144,265.8500061035156,,,,,,,586.4000000000001,4.409022556390978,577,4.338345864661654,,,,,,,,,,,,,,,,,,,"Jeffrey Springs","17677",605488
"David Peterson","NYM",9,8,13,3.89578,32,26,0,1,,147,634,139,69,63,15,58,,7,136,8.34763,3.5823,2.33024,0.942637,0.214471,0.092038,0.12243274599313736,0.244705,1.34639,0.296708,0.727947,,,4.02044,1.73263,1.79396,335.3900146484375,,,,,,,622.9,4.237414965986394,621,4.224489795918367,,,,,,,,,,,,,,,,,,,"David Peterson","20302",656849
"Matthew Boyd","CHC",8,6,11,3.7878,33,23,0,1,,124,518,111,56,52,16,39,,6,126,9.14279,2.85324,3.20435,1.15391,0.243102,0.0758661,0.16723574697971344,0.234936,1.21303,0.28759,0.734401,,,3.89636,1.72051,1.79863,322.80999755859375,,,,,,,553.1999999999999,4.461290322580645,533,4.298387096774194,,,,,,,,,,,,,,,,,,,"Matthew Boyd","15440",571510
"Ryan Feltner","COL",7,10,13,4.78042,29,29,0,0,,161,699,168,92,85,23,57,,7,139,7.7738,3.18285,2.44241,1.29927,0.198684,0.0813476,0.11733614653348923,0.263799,1.39562,0.305127,0.690244,,,4.50823,1.71929,1.99261,681.7899780273438,,,,,,,557.7,3.4639751552795035,592,3.6770186335403725,,,,,,,,,,,,,,,,,,,"Ryan Feltner","21446",663372
"Yu Darvish","SDP",9,8,12,4.09906,24,24,0,0,,136,564,125,66,62,20,37,,7,129,8.52432,2.46437,3.45903,1.29428,0.227846,0.0658699,0.16197588294744492,0.2401,1.19314,0.283245,0.710096,,,4.12581,1.71913,1.71132,250.82000732421875,,,,,,,561.4000000000001,4.127941176470589,546,4.014705882352941,,,,,,,,,,,,,,,,,,,"Yu Darvish","13074",506433
"Edwin Díaz","NYM",5,3,0,2.94241,65,0,36,2,,65,264,45,23,21,6,23,,4,93,12.8564,3.24092,3.9669,0.827091,0.352147,0.0887715,0.2633758783340454,0.190515,1.05282,0.28399,0.760007,,,2.76565,1.70623,1.57014,41.560001373291016,,,,,,,583.2,8.972307692307693,540,8.307692307692308,,,,,,,,,,,,,,,,,,,"Edwin Diaz","14710",621242
"Emmanuel Clase","CLE",5,2,0,2.62654,66,0,34,2,,66,261,55,21,19,5,14,,2,66,9.04259,1.96206,4.60872,0.624021,0.253743,0.0550571,0.19868582487106323,0.225571,1.05669,0.290982,0.770086,,,2.78322,1.63119,1.98781,34.4900016784668,,,,,,,545.9000000000001,8.271212121212123,527,7.984848484848484,,,,,,,,,,,,,,,,,,,"Emmanuel Clase","21032",661403
"Félix Bautista","BAL",5,2,0,2.65957,60,0,25,4,,60,238,41,19,18,6,22,,2,85,12.7937,3.23788,3.95126,0.850445,0.358842,0.0908172,0.26802510023117065,0.189873,1.03826,0.283853,0.794104,,,2.71583,1.62907,1.81144,65.06999969482422,,,,,,,502.6,8.376666666666667,461,7.683333333333334,,,,,,,,,,,,,,,,,,,"Felix Bautista","20666",642585
"Robbie Ray","SFG",9,9,15,3.90524,28,28,0,0,,151,632,136,71,65,22,48,,6,161,9.6385,2.89137,3.33354,1.3388,0.255174,0.0765474,0.17862630635499954,0.235195,1.22324,0.288004,0.74388,,,4.04418,1.60586,2.02632,141.0800018310547,,,,,,,653.2,4.325827814569537,629,4.1655629139072845,,,,,,,,,,,,,,,,,,,"Robbie Ray","11486",592662
"Gavin Williams","CLE",8,8,13,3.99093,26,26,0,0,,132,562,119,64,59,17,51,,6,133,9.06115,3.43859,2.63514,1.12299,0.237461,0.0901134,0.14734788239002228,0.235464,1.27965,0.288318,0.723961,,,4.05851,1.60364,1.57541,209.25999450683594,,,,,,,553.3000000000002,4.191666666666668,534,4.045454545454546,,,,,,,,,,,,,,,,,,,"Gavin Williams","30122",668909
"Reid Detmers","LAA",6,7,8,4.1288,26,18,0,1,,106,450,95,53,49,15,37,,5,117,9.85128,3.16735,3.11026,1.23357,0.258779,0.0832016,0.17557697743177414,0.233806,1.24679,0.291942,0.71287,,,3.96644,1.55529,1.23303,376.5400085449219,,,,,,,464.9000000000001,4.385849056603774,447,4.216981132075472,,,,,,,,,,,,,,,,,,,"Reid Detmers","27468",672282
"Luis Severino","ATH",9,10,15,4.3025,31,31,0,0,,177,754,173,91,85,24,58,,9,152,7.72863,2.94471,2.62458,1.22171,0.201299,0.0766976,0.12460150569677353,0.252033,1.30678,0.291758,0.706893,,,4.35131,1.54236,1.50233,301.82000732421875,,,,,,,667.8,3.772881355932203,676,3.8192090395480225,,,,,,,,,,,,,,,,,,,"Luis Severino","15890",622663
"Merrill Kelly","ARI",9,8,14,4.03142,26,26,0,0,,149,629,146,72,67,20,46,,4,131,7.89369,2.78868,2.83062,1.19792,0.2076,0.0733408,0.13425906747579575,0.25232,1.29165,0.294593,0.732039,,,4.14394,1.5373,2.24409,302.8599853515625,,,,,,,589.0000000000001,3.9530201342281885,597,4.006711409395973,,,,,,,,,,,,,,,,,,,"Merrill Kelly","11156",518876
"Ryan Helsley","STL",6,3,0,2.91502,66,0,35,2,,66,266,49,23,21,6,24,,1,82,11.1463,3.30514,3.37241,0.810668,0.307028,0.0910411,0.21598701179027557,0.20439,1.11342,0.282535,0.768448,,,3.00947,1.53342,1.77509,53.58000183105469,,,,,,,559.2000000000002,8.472727272727274,524,7.9393939393939394,,,,,,,,,,,,,,,,,,,"Ryan Helsley","18138",664854
"Lucas Giolito","BOS",8,9,10,4.41768,33,23,0,1,,137,586,133,72,67,20,48,,5,137,9.01046,3.1613,2.85024,1.33336,0.233824,0.0820367,0.1517876237630844,0.248926,1.3209,0.29916,0.712063,,,4.24928,1.50607,1.5547,391.9200134277344,,,,,,,541.0000000000002,3.948905109489053,544,3.9708029197080292,,,,,,,,,,,,,,,,,,,"Lucas Giolito","15474",608337
"Bowden Francis","TOR",11,9,12,4.12795,36,26,0,1,,157,655,144,78,72,24,43,,10,144,8.28698,2.46871,3.35681,1.38859,0.220667,0.0657372,0.15492982417345047,0.239994,1.19409,0.277608,0.715792,,,4.35109,1.50257,1.58143,252.14999389648438,,,,,,,625.1999999999999,3.982165605095541,606,3.859872611464968,,,,,,,,,,,,,,,,,,,"Bowden Francis","20548",670102
"Miles Mikolas","STL",9,11,14,4.45698,29,29,0,0,,166,702,179,89,82,25,32,,6,116,6.29116,1.75231,3.59021,1.33676,0.165703,0.046154,0.1195485070347786,0.269706,1.26997,0.295209,0.691993,,,4.39441,1.48817,1.32803,591.719970703125,,,,,,,573.5000000000001,3.4548192771084345,623,3.753012048192771,,,,,,,,,,,,,,,,,,,"Miles Mikolas","9803",571945
"Mitchell Parker","WSN",8,9,12,4.28752,35,26,0,1,,147,632,143,75,70,20,55,,3,130,7.95153,3.3621,2.36504,1.20425,0.204962,0.0866629,0.11829866468906403,0.249076,1.34859,0.29035,0.719599,,,4.32697,1.48467,1.53261,504.4200134277344,,,,,,,560,3.8095238095238093,565,3.8435374149659864,,,,,,,,,,,,,,,,,,,"Mitchell Parker","27636",680730
"Alex Cobb","DET",5,6,10,3.82224,18,18,0,0,,95,405,96,44,40,8,29,,3,78,7.41929,2.75039,2.69754,0.806091,0.192699,0.0714353,0.12126421928405762,0.256617,1.31663,0.304525,0.715069,,,3.69656,1.48118,1.35661,615.1099853515625,,,,,,,415,4.368421052631579,431,4.536842105263158,,,,,,,,,,,,,,,,,,,"Alex Cobb","6562",502171
"Tyler Mahle","TEX",7,8,12,4.28392,24,24,0,0,,132,555,124,68,63,19,42,,5,123,8.38179,2.86805,2.92247,1.29256,0.221036,0.0756332,0.14540261775255203,0.244122,1.26078,0.28679,0.705579,,,4.2336,1.46013,1.27886,464.260009765625,,,,,,,525.7000000000002,3.9825757575757588,518,3.9242424242424243,,,,,,,,,,,,,,,,,,,"Tyler Mahle","16358",641816
"Marcus Stroman","NYY",9,11,14,4.4433,29,29,0,0,,161,696,165,86,79,20,57,,6,119,6.65952,3.16854,2.10176,1.13202,0.170626,0.0811822,0.08944352716207504,0.26088,1.38142,0.29337,0.703466,,,4.49451,1.45954,1.2305,496.8599853515625,,,,,,,565.4000000000001,3.511801242236025,594,3.68944099378882,,,,,,,,,,,,,,,,,,,"Marcus Stroman","13431",573186
"Josh Hader","HOU",6,4,0,3.10267,68,0,33,2,,68,276,48,25,23,8,26,,3,96,12.7334,3.46843,3.67124,1.03312,0.349186,0.0951139,0.2540721893310547,0.192891,1.08407,0.279033,0.768908,,,3.11791,1.45769,1.55099,39.58000183105469,,,,,,,558.0000000000001,8.205882352941178,514,7.5588235294117645,,,,,,,,,,,,,,,,,,,"Josh Hader","14212",623352
"Ronel Blanco","HOU",10,10,14,4.15425,28,28,0,0,,159,675,145,79,73,24,66,,4,158,8.93342,3.74809,2.38346,1.3328,0.233769,0.0980797,0.13568896055221558,0.238744,1.32516,0.285355,0.740656,,,4.42609,1.45156,1.78812,246.74000549316406,,,,,,,610.4000000000001,3.8389937106918244,589,3.7044025157232703,,,,,,,,,,,,,,,,,,,"Ronel Blanco","19407",669854
"Andrés Muñoz","SEA",6,3,0,2.72523,64,0,26,4,,64,261,46,21,19,5,25,,4,85,11.9331,3.46291,3.44597,0.680748,0.324913,0.0942878,0.23062538355588913,0.197186,1.10206,0.286952,0.776588,,,2.82738,1.45143,1.65131,61.650001525878906,,,,,,,521.5,8.1484375,484,7.5625,,,,,,,,,,,,,,,,,,,"Andres Munoz","20373",662253
"Jameson Taillon","CHC",10,10,14,4.31059,29,29,0,0,,165,695,168,85,79,25,40,,5,132,7.18113,2.17344,3.30404,1.34908,0.189974,0.0574975,0.1324765793979168,0.258941,1.25882,0.290986,0.710533,,,4.33315,1.44264,1.575,345.760009765625,,,,,,,605.7,3.6709090909090913,629,3.812121212121212,,,,,,,,,,,,,,,,,,,"Jameson Taillon","11674",592791
"Shane Bieber","CLE",6,5,8,3.63064,21,15,0,1,,92,385,88,40,37,11,24,,3,89,8.64692,2.31324,3.73801,1.05195,0.230346,0.0616228,0.16872364282608032,0.245367,1.21015,0.297931,0.737208,,,3.62394,1.43636,1.43138,439.739990234375,,,,,,,417.7,4.540217391304347,418,4.543478260869565,,,,,,,,,,,,,,,,,,,"Shane Bieber","19427",669456
"Tanner Scott","LAD",6,3,0,3.02773,66,0,25,8,,66,274,50,24,22,5,29,,3,82,11.1355,4.01103,2.77622,0.686379,0.297642,0.107211,0.19043082743883133,0.207007,1.20485,0.290125,0.761739,,,3.15196,1.43116,1.62186,109.08000183105469,,,,,,,521.9000000000001,7.907575757575759,490,7.424242424242424,,,,,,,,,,,,,,,,,,,"Tanner Scott","17586",656945
"Jeff Hoffman","TOR",4,2,0,2.97337,65,0,27,3,,65,263,49,23,21,6,22,,3,80,11.0329,3.01818,3.65547,0.861676,0.303333,0.0829808,0.2203526645898819,0.206745,1.09164,0.282714,0.770922,,,3.10927,1.41287,1.57856,98.22000122070312,,,,,,,511.80000000000007,7.873846153846155,479,7.369230769230769,,,,,,,,,,,,,,,,,,,"Jeff Hoffman","17432",656546
"Andre Pallante","STL",8,8,10,3.9206,37,21,0,1,,134,579,134,64,58,11,54,,5,99,6.64939,3.62239,1.83564,0.726417,0.170662,0.0929716,0.07769060134887695,0.25797,1.4064,0.300516,0.719528,,,4.05074,1.40458,1.69495,536.75,,,,,,,532.9,3.9768656716417907,552,4.119402985074627,,,,,,,,,,,,,,,,,,,"Andre Pallante","26108",669467
"Jake Irvin","WSN",9,11,14,4.43173,29,29,0,0,,163,692,160,86,80,24,52,,8,135,7.46863,2.8673,2.60477,1.33381,0.195555,0.0750758,0.12047917395830154,0.253929,1.30321,0.288471,0.705694,,,4.53146,1.3835,1.6207,428.2099914550781,,,,,,,585,3.588957055214724,593,3.638036809815951,,,,,,,,,,,,,,,,,,,"Jake Irvin","21504",663623
"Cade Smith","CLE",4,2,0,3.01925,68,0,2,14,,68,279,52,25,23,6,23,,4,86,11.3544,3.08569,3.67968,0.772849,0.307025,0.083438,0.22358736395835876,0.206393,1.10774,0.287901,0.751316,,,2.96903,1.38342,1.39313,364.1700134277344,,,,,,,451.2000000000001,6.63529411764706,419,6.161764705882353,,,,,,,,,,,,,,,,,,,"Cade Smith","27867",671922
"Max Meyer","MIA",7,8,11,4.29606,32,24,0,1,,133,574,135,69,64,18,46,,5,117,7.88305,3.10602,2.53799,1.19761,0.20322,0.0800712,0.12314880639314651,0.257154,1.35554,0.300434,0.717516,,,4.28702,1.37245,1.46343,365.7900085449219,,,,,,,496.80000000000007,3.7353383458646623,516,3.8796992481203008,,,,,,,,,,,,,,,,,,,"Max Meyer","27474",676974
"Chris Paddack","MIN",7,6,7,4.24926,46,18,0,1,,122,518,124,62,58,17,31,,3,112,8.25644,2.29327,3.60029,1.25764,0.215676,0.0599051,0.15577082708477974,0.256933,1.27621,0.302122,0.710056,,,3.9828,1.36244,0.94412,547.510009765625,,,,,,,497.3000000000002,4.076229508196723,515,4.221311475409836,,,,,,,,,,,,,,,,,,,"Chris Paddack","20099",663978
"Devin Williams","NYY",5,3,0,2.9473,63,0,31,3,,63,257,44,22,21,5,28,,3,84,11.9397,4.04378,2.95262,0.76474,0.325066,0.110094,0.21497172117233276,0.195522,1.15073,0.283321,0.770867,,,3.09906,1.3559,1.61676,40.7400016784668,,,,,,,532.3000000000001,8.449206349206351,492,7.809523809523809,,,,,,,,,,,,,,,,,,,"Devin Williams","15816",642207
"Jon Gray","TEX",6,7,8,4.34989,30,18,0,1,,109,462,105,57,53,14,33,,4,100,8.22912,2.74798,2.9946,1.19741,0.215702,0.0720303,0.14367187023162842,0.247875,1.27064,0.292336,0.692284,,,4.10119,1.33367,0.942663,517.2100219726562,,,,,,,454.4000000000001,4.168807339449542,456,4.18348623853211,,,,,,,,,,,,,,,,,,,"Jon Gray","14916",592351
"Tobias Myers","MIL",8,8,10,4.19068,42,23,0,1,,142,602,137,71,66,21,44,,6,129,8.21278,2.78174,2.9524,1.35097,0.214549,0.0726695,0.14187964797019958,0.246952,1.27349,0.286463,0.726105,,,4.33687,1.32546,1.57313,330.8500061035156,,,,,,,548.3,3.8612676056338024,549,3.8661971830985915,,,,,,,,,,,,,,,,,,,"Tobias Myers","22191",668964
"Dean Kremer","BAL",9,9,13,4.21215,26,26,0,0,,140,598,137,71,66,20,47,,5,124,7.94613,3.02505,2.62677,1.27028,0.207155,0.0788628,0.12829193472862244,0.250475,1.31119,0.290685,0.72464,,,4.34295,1.32368,1.31505,442.9200134277344,,,,,,,525.8,3.7557142857142853,532,3.8,,,,,,,,,,,,,,,,,,,"Dean Kremer","19350",665152
"Kris Bubic","KCR",7,6,8,4.04631,50,18,0,1,,123,528,119,60,55,14,44,,5,118,8.60694,3.19025,2.69789,1.05115,0.222775,0.0825736,0.1402011588215828,0.247789,1.32123,0.300508,0.721802,,,3.94594,1.32157,1.4509,329.3500061035156,,,,,,,521.6,4.2406504065040656,526,4.276422764227642,,,,,,,,,,,,,,,,,,,"Kris Bubic","21455",663460
"Aaron Civale","MIL",8,8,11,4.30781,39,24,0,1,,146,620,141,75,70,23,44,,6,136,8.40633,2.69409,3.12028,1.44412,0.219711,0.0704137,0.1492970734834671,0.248226,1.26926,0.287766,0.723068,,,4.41583,1.29561,1.46437,367.0299987792969,,,,,,,556.9000000000001,3.814383561643836,557,3.815068493150685,,,,,,,,,,,,,,,,,,,"Aaron Civale","19479",650644
"Orion Kerkering","PHI",4,3,0,3.16545,63,0,4,11,,63,260,51,24,22,5,20,,5,72,10.3457,2.82923,3.65671,0.775909,0.278334,0.0761161,0.202218197286129,0.217022,1.12685,0.289574,0.73855,,,3.14667,1.28385,1.38576,315.7799987792969,,,,,,,405.1,6.43015873015873,383,6.079365079365079,,,,,,,,,,,,,,,,,,,"Orion Kerkering","31776",689147
"Griffin Jax","MIN",5,3,0,3.2104,70,0,8,11,,70,285,58,27,25,7,20,,3,83,10.6323,2.54389,4.17955,0.947151,0.290162,0.0694243,0.2207380160689354,0.220594,1.10921,0.293177,0.751354,,,3.14518,1.27622,1.31464,288.94000244140625,,,,,,,462.09999999999997,6.6014285714285705,440,6.285714285714286,,,,,,,,,,,,,,,,,,,"Griffin Jax","20253",643377
"Justin Verlander","SFG",8,9,12,4.18208,24,24,0,0,,138,587,139,69,64,18,38,,5,111,7.20332,2.46135,2.92658,1.20114,0.188687,0.0644738,0.1242135614156723,0.254855,1.27505,0.289743,0.713983,,,4.23618,1.2673,1.42076,342.44000244140625,,,,,,,531.4000000000001,3.85072463768116,549,3.9782608695652173,,,,,,,,,,,,,,,,,,,"Justin Verlander","8700",434378
"Spencer Arrighetti","HOU",9,9,13,4.3233,26,26,0,0,,138,597,125,71,66,20,60,,8,145,9.43048,3.86967,2.43702,1.29533,0.242981,0.099704,0.14327708631753922,0.235236,1.33033,0.286993,0.721314,,,4.39655,1.2648,1.30027,201.27999877929688,,,,,,,536.2,3.885507246376812,516,3.739130434782609,,,,,,,,,,,,,,,,,,,"Spencer Arrighetti","29921",681293
"Edward Cabrera","MIA",7,8,10,4.16933,33,23,0,1,,123,528,108,61,57,15,58,,7,131,9.60272,4.27113,2.24828,1.1093,0.248276,0.110429,0.1378466784954071,0.233169,1.35298,0.293032,0.722796,,,4.2256,1.25355,1.60112,442.75,,,,,,,515.9000000000001,4.194308943089432,491,3.991869918699187,,,,,,,,,,,,,,,,,,,"Edward Cabrera","21690",665795
"Andrew Abbott","CIN",7,8,10,4.56453,21,21,0,0,,115,494,112,63,58,19,42,,3,110,8.59843,3.28865,2.61458,1.51295,0.222671,0.0851653,0.13750618696212769,0.250072,1.34011,0.29075,0.719804,,,4.61964,1.2499,1.23068,503.1499938964844,,,,,,,411.09999999999997,3.574782608695652,413,3.591304347826087,,,,,,,,,,,,,,,,,,,"Andrew Abbott","29911",671096
"Kyle Freeland","COL",8,11,12,5.04387,28,28,0,0,,153,671,175,92,86,25,42,,6,110,6.49558,2.47934,2.61989,1.48788,0.164674,0.0628552,0.10181829333305359,0.281179,1.42024,0.30759,0.689757,,,4.80677,1.24958,1.48128,738.5800170898438,,,,,,,445.70000000000005,2.913071895424837,516,3.372549019607843,,,,,,,,,,,,,,,,,,,"Kyle Freeland","16256",607536
"Zack Littell","TBR",8,9,11,4.27081,34,24,0,1,,142,602,146,73,68,22,33,,5,121,7.67317,2.06906,3.70853,1.41804,0.201951,0.0544559,0.14749548956751823,0.258834,1.25405,0.294094,0.719234,,,4.30424,1.24623,1.05243,408.57000732421875,,,,,,,532.5999999999999,3.750704225352112,556,3.915492957746479,,,,,,,,,,,,,,,,,,,"Zack Littell","15823",641793
"Davis Martin","CHW",6,8,11,4.50979,24,24,0,0,,121,528,121,65,61,17,45,,7,106,7.86111,3.34928,2.34711,1.26778,0.200957,0.0856189,0.11533783376216888,0.255279,1.37266,0.295923,0.709567,,,4.53232,1.24544,1.02625,615.239990234375,,,,,,,427.70000000000005,3.534710743801653,440,3.6363636363636362,,,,,,,,,,,,,,,,,,,"Davis Martin","21448",663436
"Antonio Senzatela","COL",6,9,9,5.07494,39,24,0,1,,139,617,164,85,78,19,40,,6,87,5.64379,2.61998,2.15414,1.2414,0.141174,0.0655364,0.075638048350811,0.286982,1.47078,0.311377,0.674212,,,4.69942,1.24014,1.06936,744.0999755859375,,,,,,,408.5000000000001,2.93884892086331,488,3.5107913669064748,,,,,,,,,,,,,,,,,,,"Antonio Senzatela","15488",622608
"Charlie Morton","BAL",9,9,14,4.28903,28,28,0,0,,156,674,146,80,74,21,62,,13,154,8.91289,3.57077,2.49607,1.22558,0.228775,0.0916541,0.13712073862552643,0.244391,1.33742,0.295493,0.717074,,,4.3954,1.2401,1.37278,392.739990234375,,,,,,,599.5000000000001,3.8429487179487185,590,3.782051282051282,,,,,,,,,,,,,,,,,,,"Charlie Morton","4676",450203
"Lance McCullers Jr.","HOU",6,6,7,3.71121,41,15,0,1,,108,459,98,49,45,11,43,,5,106,8.80234,3.58483,2.45544,0.940102,0.230169,0.0937385,0.13643095642328262,0.237644,1.30217,0.293799,0.73713,,,3.90571,1.23026,1.34744,594.1300048828125,,,,,,,481.1000000000001,4.45462962962963,469,4.342592592592593,,,,,,,,,,,,,,,,,,,"Lance McCullers Jr.","14120",621121
"Grant Holmes","ATL",7,6,7,3.96657,58,15,0,1,,127,544,123,61,56,15,41,,6,123,8.69571,2.93259,2.9652,1.0508,0.22612,0.0762581,0.14986202120780945,0.246655,1.28865,0.299964,0.722098,,,3.86026,1.22483,1.3272,282.1099853515625,,,,,,,544.5000000000002,4.287401574803152,549,4.322834645669292,,,,,,,,,,,,,,,,,,,"Grant Holmes","16944",656550
"Kutter Crawford","BOS",8,8,6,4.33466,51,16,0,1,,125,521,118,64,60,19,35,,5,120,8.67394,2.51189,3.45315,1.39975,0.230553,0.0667659,0.1637866348028183,0.246116,1.22902,0.289888,0.704089,,,4.22264,1.21847,1.25467,402.75,,,,,,,508.49999999999994,4.068,502,4.016,,,,,,,,,,,,,,,,,,,"Kutter Crawford","20531",676710
"Aroldis Chapman","BOS",5,3,0,3.22839,63,0,19,8,,63,268,45,25,23,6,36,,2,93,13.3146,5.10978,2.60571,0.841097,0.348346,0.133686,0.21466070413589478,0.196239,1.28208,0.300339,0.771284,,,3.24307,1.21576,1.45644,273.8299865722656,,,,,,,474.4000000000001,7.530158730158732,436,6.920634920634921,,,,,,,,,,,,,,,,,,,"Aroldis Chapman","10233",547973
"Tyler Anderson","LAA",9,12,13,4.61761,29,29,0,0,,169,731,171,93,87,26,61,,7,136,7.26903,3.26977,2.2231,1.39394,0.18657,0.0839234,0.10264664888381958,0.257476,1.37382,0.288855,0.711283,,,4.77764,1.20828,1.27408,497.1099853515625,,,,,,,554.2000000000002,3.2792899408284035,575,3.4023668639053253,,,,,,,,,,,,,,,,,,,"Tyler Anderson","12880",542881
"Andrew Heaney","PIT",8,9,10,4.50707,36,24,0,1,,139,593,135,75,69,21,43,,9,132,8.57934,2.82198,3.04018,1.38925,0.22295,0.0733343,0.1496153622865677,0.249828,1.28679,0.293713,0.697416,,,4.40675,1.2003,1.32152,453.2799987792969,,,,,,,531.3000000000002,3.8223021582733825,534,3.841726618705036,,,,,,,,,,,,,,,,,,,"Andrew Heaney","15423",571760
"Shane Baz","TBR",8,8,11,4.29035,36,24,0,1,,139,592,131,71,66,19,51,,7,128,8.30975,3.30528,2.51408,1.24723,0.216246,0.0860139,0.1302320808172226,0.244793,1.30999,0.288303,0.71383,,,4.37707,1.18957,1.05608,192.02999877929688,,,,,,,540.3000000000001,3.8870503597122306,534,3.841726618705036,,,,,,,,,,,,,,,,,,,"Shane Baz","22264",669358
"Martín Pérez","CHW",6,9,11,4.5566,24,24,0,0,,134,594,145,73,68,18,49,,5,99,6.64368,3.29524,2.01615,1.18971,0.167168,0.0829147,0.0842534750699997,0.269754,1.44776,0.302436,0.713936,,,4.62707,1.18419,1.03618,676.0599975585938,,,,,,,429.19999999999993,3.202985074626865,472,3.5223880597014925,,,,,,,,,,,,,,,,,,,"Martin Perez","6902",527048
"Raisel Iglesias","ATL",5,3,0,3.14126,68,0,33,1,,68,276,58,25,24,7,17,,2,76,10.0811,2.25736,4.46589,0.990204,0.276131,0.061831,0.2142995409667492,0.22645,1.10442,0.292822,0.769119,,,3.2175,1.18054,1.7133,52.38999938964844,,,,,,,530.3,7.798529411764705,513,7.544117647058823,,,,,,,,,,,,,,,,,,,"Raisel Iglesias","17130",628452
"Will Warren","NYY",6,7,8,4.27815,36,18,0,1,,112,483,108,58,53,14,38,,6,103,8.27048,3.05213,2.70974,1.14549,0.214143,0.0790271,0.13511600345373154,0.246461,1.30013,0.292229,0.699423,,,4.15931,1.17769,0.837547,408.3599853515625,,,,,,,453.8000000000001,4.051785714285716,456,4.071428571428571,,,,,,,,,,,,,,,,,,,"Will Warren","30182",701542
"Bryan Abreu","HOU",4,2,0,3.15184,72,0,2,15,,72,299,55,27,25,7,29,,4,93,11.5823,3.67536,3.15134,0.8985,0.310412,0.0985015,0.21191032230854034,0.20617,1.16787,0.287176,0.766667,,,3.27656,1.17658,1.4501,449.7799987792969,,,,,,,460.70000000000005,6.398611111111112,426,5.916666666666667,,,,,,,,,,,,,,,,,,,"Bryan Abreu","16609",650556
"Casey Mize","DET",6,6,11,4.23349,23,23,0,0,,118,503,118,60,55,15,33,,6,94,7.1761,2.54288,2.82204,1.16109,0.187056,0.0662841,0.12077197432518005,0.255621,1.28716,0.291505,0.703259,,,4.24643,1.17501,1.12922,381.32000732421875,,,,,,,452.90000000000003,3.8381355932203394,466,3.9491525423728815,,,,,,,,,,,,,,,,,,,"Casey Mize","20492",663554
"Ryan Walker","SFG",5,3,0,3.03838,68,0,28,5,,68,280,55,25,23,6,21,,5,81,10.6912,2.8236,3.78639,0.787182,0.288967,0.0763174,0.21265004575252533,0.215641,1.11776,0.292096,0.753263,,,3.07469,1.15914,1.47852,77.3499984741211,,,,,,,530.4000000000001,7.800000000000002,506,7.4411764705882355,,,,,,,,,,,,,,,,,,,"Ryan Walker","20423",676254
"Jose Quintana","MIL",8,8,12,4.29861,24,24,0,0,,131,573,132,68,63,16,52,,5,108,7.36285,3.52793,2.08702,1.11456,0.187556,0.0898682,0.09768828749656677,0.256144,1.39874,0.295439,0.720742,,,4.43462,1.15433,1.37563,478.6700134277344,,,,,,,474.40000000000015,3.6213740458015278,492,3.7557251908396947,,,,,,,,,,,,,,,,,,,"Jose Quintana","11423",500779
"Sean Burke","CHW",6,11,11,4.67941,34,26,0,1,,141,616,134,78,73,21,65,,6,133,8.48941,4.14097,2.0501,1.3404,0.215423,0.105079,0.1103438213467598,0.246307,1.41441,0.289468,0.712189,,,4.72882,1.15191,0.877762,413.7799987792969,,,,,,,493.70000000000016,3.5014184397163133,489,3.4680851063829787,,,,,,,,,,,,,,,,,,,"Sean Burke","29878",680732
"Chris Martin","TEX",4,2,0,3.3709,58,0,19,6,,58,238,54,23,22,6,11,,3,58,9.01394,1.64955,5.4645,0.922032,0.243978,0.0446478,0.19933003187179565,0.241087,1.11834,0.300093,0.73335,,,3.17496,1.15038,1.07534,272.0299987792969,,,,,,,408.0000000000001,7.034482758620691,405,6.982758620689655,,,,,,,,,,,,,,,,,,,"Chris Martin","11847",455119
"Steven Matz","STL",7,6,7,3.97307,55,16,0,1,,123,525,122,59,54,15,37,,5,109,7.98463,2.71092,2.94536,1.09886,0.207527,0.0704591,0.13706842064857483,0.252754,1.296,0.298201,0.727462,,,3.99694,1.14556,1.209,628.3200073242188,,,,,,,504.50000000000006,4.101626016260163,516,4.195121951219512,,,,,,,,,,,,,,,,,,,"Steven Matz","13361",571927
"Justin Martinez","ARI",5,3,0,3.10882,67,0,17,9,,67,285,52,25,23,4,35,,3,84,11.2908,4.73925,2.38241,0.551044,0.294631,0.123669,0.17096202075481415,0.209447,1.29774,0.300041,0.75957,,,3.18172,1.14527,1.66385,182.44000244140625,,,,,,,486.3999999999999,7.259701492537312,458,6.835820895522388,,,,,,,,,,,,,,,,,,,"Justin Martinez","24453",679885
"Zebby Matthews","MIN",6,6,6,4.05499,40,15,0,1,,101,427,102,49,46,15,21,,4,92,8.19641,1.88954,4.33779,1.30326,0.216345,0.0498745,0.1664705127477646,0.253917,1.21664,0.296269,0.722258,,,3.9622,1.13492,0.96688,398.30999755859375,,,,,,,410.7000000000001,4.066336633663368,423,4.188118811881188,,,,,,,,,,,,,,,,,,,"Zebby Matthews","31827",805673
"Clayton Kershaw","LAD",5,3,7,3.80521,13,13,0,0,,68,284,65,31,29,9,18,,2,63,8.36328,2.41418,3.46423,1.15486,0.222942,0.0643554,0.15858644247055054,0.245682,1.21908,0.292438,0.731386,,,3.86995,1.13445,1.11397,546.5,,,,,,,289.50000000000006,4.257352941176471,289,4.25,,,,,,,,,,,,,,,,,,,"Clayton Kershaw","2036",477132
"Jonathan Cannon","CHW",7,11,11,4.75259,32,26,0,1,,154,666,161,87,81,23,52,,6,113,6.62708,3.06125,2.16483,1.33901,0.169942,0.0785014,0.09144072979688644,0.265217,1.38798,0.293259,0.695033,,,4.77397,1.13271,0.811939,691.1500244140625,,,,,,,494.10000000000014,3.2084415584415593,527,3.4220779220779223,,,,,,,,,,,,,,,,,,,"Jonathan Cannon","31730",686563
"Gregory Santos","SEA",3,2,0,2.94651,62,0,5,13,,62,263,54,22,20,4,20,,4,67,9.73926,2.93531,3.31797,0.573858,0.255576,0.0770279,0.17854849994182587,0.225857,1.19536,0.298027,0.759596,,,2.98793,1.11458,1.04733,713.5599975585938,,,,,,,408.19999999999993,6.583870967741935,397,6.403225806451613,,,,,,,,,,,,,,,,,,,"Gregory Santos","21894",666619
"Eury Pérez","MIA",4,4,8,3.85641,15,15,0,0,,73,305,65,34,31,10,23,,2,80,9.75552,2.8766,3.39134,1.27405,0.260888,0.0769279,0.18396031856536865,0.233188,1.2066,0.289123,0.740309,,,3.89229,1.09363,1.25509,494.3999938964844,,,,,,,333.20000000000005,4.564383561643837,320,4.383561643835616,,,,,,,,,,,,,,,,,,,"Eury Perez","27768",691587
"Aaron Bummer","ATL",5,2,0,3.02662,61,0,1,14,,61,260,52,22,21,3,24,,3,71,10.4203,3.61049,2.88611,0.488081,0.271717,0.0941464,0.17757049947977066,0.224678,1.25667,0.3087,0.754719,,,2.91615,1.09083,1.27241,744.4199829101562,,,,,,,401.3000000000001,6.578688524590166,388,6.360655737704918,,,,,,,,,,,,,,,,,,,"Aaron Bummer","16258",607481
"Robert Garcia","TEX",5,3,0,3.46309,64,0,8,10,,64,268,54,27,25,6,23,,2,74,10.4526,3.23684,3.22925,0.912994,0.27738,0.0858963,0.19148408621549606,0.220897,1.19655,0.291178,0.736162,,,3.3576,1.06512,0.86405,465.5299987792969,,,,,,,412.4,6.44375,395,6.171875,,,,,,,,,,,,,,,,,,,"Robert Garcia","23363",676395
"Rhett Lowder","CIN",5,7,7,4.67116,32,18,0,1,,107,459,111,60,55,16,34,,5,84,7.10973,2.83521,2.50766,1.31511,0.183677,0.0732464,0.11043044924736023,0.263403,1.35339,0.296818,0.68968,,,4.56233,1.04461,0.882385,521.5700073242188,,,,,,,361.4,3.3775700934579436,382,3.5700934579439254,,,,,,,,,,,,,,,,,,,"Rhett Lowder","33876",695076
"Simeon Woods Richardson","MIN",6,7,11,4.54562,24,24,0,0,,122,527,121,66,61,17,47,,4,104,7.68763,3.44155,2.23377,1.25925,0.197289,0.088321,0.10896800458431244,0.254271,1.37862,0.292868,0.706884,,,4.51194,1.04426,0.855057,489.7799987792969,,,,,,,434.10000000000014,3.5581967213114765,444,3.639344262295082,,,,,,,,,,,,,,,,,,,"Simeon Woods Richardson","24494",680573
"Trevor Megill","MIL",3,2,0,3.4296,64,0,28,2,,64,268,54,26,24,8,23,,2,78,10.9628,3.19493,3.43132,1.05791,0.290511,0.0846644,0.2058461606502533,0.221192,1.19688,0.293195,0.764775,,,3.41868,1.03986,1.18761,131.4199981689453,,,,,,,463.80000000000007,7.246875000000001,445,6.953125,,,,,,,,,,,,,,,,,,,"Trevor Megill","17722",656730
"Luis Gil","NYY",6,6,7,4.17684,26,16,0,1,,94,404,79,47,44,13,46,,4,106,10.0678,4.34095,2.31925,1.25221,0.260994,0.112534,0.14846010506153107,0.222612,1.31908,0.278933,0.729542,,,4.31983,1.0371,0.93104,438.3800048828125,,,,,,,396.30000000000007,4.2159574468085115,367,3.904255319148936,,,,,,,,,,,,,,,,,,,"Luis Gil","21052",661563
"Jordan Hicks","SFG",8,8,11,4.05533,42,23,0,1,,138,604,130,67,62,14,62,,9,129,8.36794,4.02762,2.07764,0.881028,0.213185,0.102609,0.11057580262422562,0.244715,1.38952,0.299148,0.720481,,,4.11537,1.02737,1.36966,453.75,,,,,,,560,4.057971014492754,557,4.036231884057971,,,,,,,,,,,,,,,,,,,"Jordan Hicks","19618",663855
"Alec Marsh","KCR",7,8,7,4.47006,38,18,0,1,,113,488,109,60,56,15,41,,8,108,8.61383,3.30369,2.60734,1.21917,0.22086,0.0847073,0.13615311682224274,0.247485,1.33155,0.295594,0.698672,,,4.32236,1.0102,1.03811,660.3900146484375,,,,,,,441.30000000000007,3.905309734513275,443,3.920353982300885,,,,,,,,,,,,,,,,,,,"Alec Marsh","27451",679525
"DJ Herz","WSN",6,8,8,4.19911,34,19,0,1,,107,467,92,54,50,14,54,,6,117,9.77167,4.55671,2.14446,1.15058,0.249807,0.116489,0.13331717997789383,0.225899,1.36036,0.28289,0.726883,,,4.35379,1.00632,1.16235,368.0400085449219,,,,,,,438.40000000000015,4.097196261682244,411,3.8411214953271027,,,,,,,,,,,,,,,,,,,"DJ Herz","26389",687792
"David Festa","MIN",5,5,6,4.01709,28,13,0,1,,79,338,73,38,35,10,29,,3,82,9.36853,3.33059,2.81288,1.09503,0.243914,0.0867134,0.15720054507255554,0.237911,1.28804,0.29538,0.72063,,,3.89393,0.995574,0.833903,338.4200134277344,,,,,,,343.8,4.351898734177215,337,4.265822784810126,,,,,,,,,,,,,,,,,,,"David Festa","30056",701581
"AJ Smith-Shawver","ATL",7,7,8,4.27528,45,19,0,1,,120,511,110,61,57,17,49,,4,122,9.18917,3.68192,2.49575,1.27834,0.239133,0.0958157,0.14331679791212082,0.239811,1.32754,0.291137,0.724324,,,4.29043,0.994909,1.12448,456.2099914550781,,,,,,,481.9,4.015833333333333,468,3.9,,,,,,,,,,,,,,,,,,,"AJ Smith-Shawver","29960",700363
"Landen Roupp","SFG",5,5,7,3.8993,42,16,0,1,,110,471,101,52,48,11,45,,4,105,8.55278,3.66579,2.33314,0.940553,0.222218,0.0952443,0.1269736886024475,0.239986,1.328,0.293421,0.72408,,,3.94461,0.992437,1.07587,457.2799987792969,,,,,,,483.1,4.391818181818182,474,4.3090909090909095,,,,,,,,,,,,,,,,,,,"Landen Roupp","30076",694738
"Frankie Montas","NYM",6,7,9,4.35489,19,19,0,0,,102,439,97,53,49,14,39,,4,97,8.56923,3.45306,2.48163,1.25174,0.220946,0.0890327,0.1319136917591095,0.244618,1.33432,0.29036,0.710317,,,4.33965,0.97775,0.827996,508.2200012207031,,,,,,,395.40000000000015,3.8764705882352954,393,3.8529411764705883,,,,,,,,,,,,,,,,,,,"Frankie Montas","14309",593423
"Jordan Montgomery","ARI",6,6,7,4.06287,41,15,0,1,,108,463,112,53,49,12,33,,3,86,7.17406,2.73956,2.61869,1.01462,0.185814,0.0709569,0.11485753208398819,0.262042,1.34163,0.303271,0.719853,,,4.03253,0.957839,1.20913,506.8800048828125,,,,,,,428.40000000000003,3.966666666666667,452,4.185185185185185,,,,,,,,,,,,,,,,,,,"Jordan Montgomery","16511",656756
"Ryan Weathers","MIA",5,7,9,4.30905,19,19,0,0,,100,435,100,52,48,13,37,,5,88,7.88244,3.33572,2.36304,1.17168,0.202396,0.0856506,0.11674509197473526,0.25343,1.36159,0.296392,0.716469,,,4.35864,0.956923,1.16642,343.3599853515625,,,,,,,370.1,3.701,381,3.81,,,,,,,,,,,,,,,,,,,"Ryan Weathers","23796",677960
"José Alvarado","PHI",4,2,0,3.31109,61,0,5,12,,61,256,49,25,22,5,27,,2,71,10.4139,4.02459,2.58756,0.74646,0.275583,0.106503,0.16907986253499985,0.217899,1.25817,0.293353,0.7483,,,3.36112,0.953142,0.923981,544.260009765625,,,,,,,390.5000000000001,6.401639344262297,368,6.032786885245901,,,,,,,,,,,,,,,,,,,"Jose Alvarado","17780",621237
"Matthew Liberatore","STL",8,7,8,4.10231,58,18,0,1,,131,564,125,65,60,16,49,,7,118,8.06775,3.36507,2.3975,1.0825,0.208619,0.0870153,0.12160346657037735,0.246102,1.3264,0.291633,0.718773,,,4.21688,0.950379,1.11708,696.6699829101562,,,,,,,519.6000000000001,3.966412213740459,519,3.9618320610687023,,,,,,,,,,,,,,,,,,,"Matthew Liberatore","22294",669461
"Lance Lynn",,5,6,9,4.40599,18,18,0,0,,101,433,99,53,49,15,34,,5,93,8.31261,3.08093,2.69808,1.37258,0.214621,0.0795459,0.13507547229528427,0.251639,1.32769,0.293295,0.719147,,,4.46495,0.946426,0.966237,599.1900024414062,,,,,,,374.5000000000001,3.707920792079209,379,3.7524752475247523,,,,,,,,,,,,,,,,,,,"Lance Lynn","2520",458681
"A.J. Puk","ARI",5,3,0,3.26366,64,0,18,7,,64,266,53,25,23,7,22,,3,78,10.9278,3.15055,3.46855,0.944952,0.291942,0.0841681,0.2077733799815178,0.219101,1.17264,0.294678,0.759554,,,3.31714,0.942351,1.31868,232.4199981689453,,,,,,,448.7,7.0109375,428,6.6875,,,,,,,,,,,,,,,,,,,"A.J. Puk","19343",640462
"Bailey Falter","PIT",7,9,8,4.49062,43,21,0,1,,130,555,135,70,65,19,38,,4,96,6.63267,2.6333,2.51877,1.30007,0.172842,0.0686214,0.1042201966047287,0.263563,1.33184,0.292259,0.704446,,,4.53259,0.929739,1.08439,714.4600219726562,,,,,,,447.29999999999995,3.4407692307692304,473,3.6384615384615384,,,,,,,,,,,,,,,,,,,"Bailey Falter","20070",663559
"Lucas Erceg","KCR",4,3,0,3.45341,67,0,11,10,,67,285,57,28,26,5,28,,6,76,10.1422,3.74193,2.71042,0.736833,0.264588,0.0976185,0.16696903854608536,0.224723,1.2609,0.299085,0.733998,,,3.47209,0.922644,1.16655,188.74000549316406,,,,,,,431.09999999999997,6.434328358208955,415,6.1940298507462686,,,,,,,,,,,,,,,,,,,"Lucas Erceg","19360",668674
"Kyle Gibson","BAL",6,7,9,4.36507,27,19,0,1,,117,509,120,62,57,16,43,,4,99,7.60123,3.27978,2.31761,1.19402,0.194559,0.0839482,0.11061065644025803,0.258758,1.38372,0.29934,0.715685,,,4.4074,0.898173,0.742244,670.8499755859375,,,,,,,418.0000000000002,3.5726495726495746,438,3.7435897435897436,,,,,,,,,,,,,,,,,,,"Kyle Gibson","10123",502043
"David Bednar","PIT",4,4,0,3.70376,64,0,28,4,,64,268,56,28,26,7,23,,2,68,9.61793,3.28144,2.93101,0.973,0.255101,0.0870352,0.1680656000971794,0.230647,1.23822,0.293196,0.730751,,,3.63911,0.896595,0.99941,141.72000122070312,,,,,,,458.9,7.1703125,446,6.96875,,,,,,,,,,,,,,,,,,,"David Bednar","19569",670280
"Austin Gomber","COL",7,10,10,5.16801,26,26,0,0,,143,620,161,88,82,25,40,,3,102,6.42294,2.50872,2.56025,1.58547,0.164569,0.0642784,0.10029046982526779,0.279867,1.4082,0.303031,0.682612,,,4.93187,0.886454,1.20733,745.5399780273438,,,,,,,407.1,2.846853146853147,465,3.2517482517482517,,,,,,,,,,,,,,,,,,,"Austin Gomber","16561",596295
"Cade Cavalli","WSN",5,5,6,4.23447,29,15,0,1,,89,387,83,46,42,11,36,,6,84,8.49886,3.66456,2.31921,1.0689,0.218031,0.0940112,0.12402002513408661,0.241419,1.33759,0.290824,0.706918,,,4.25335,0.885325,0.909881,659.75,,,,,,,353.49999999999994,3.97191011235955,348,3.9101123595505616,,,,,,,,,,,,,,,,,,,"Cade Cavalli","27473",676917
"Keegan Akin","BAL",3,3,0,3.42299,70,0,2,16,,70,287,61,29,27,9,19,,2,79,10.2072,2.48241,4.11179,1.14257,0.276494,0.0672441,0.2092495560646057,0.228716,1.14548,0.292259,0.760074,,,3.44704,0.881742,0.790216,686.6300048828125,,,,,,,417.69999999999993,5.967142857142856,402,5.742857142857143,,,,,,,,,,,,,,,,,,,"Keegan Akin","19362",669211
"Jeremiah Estrada","SDP",4,2,0,3.25705,63,0,4,13,,63,261,47,25,23,7,27,,2,85,12.1155,3.90604,3.10174,1.01145,0.325012,0.104784,0.22022858262062073,0.201767,1.17692,0.283579,0.769169,,,3.31477,0.879078,0.920044,430.3500061035156,,,,,,,412.90000000000003,6.553968253968255,379,6.015873015873016,,,,,,,,,,,,,,,,,,,"Jeremiah Estrada","22210",669093
"Pete Fairbanks","TBR",4,3,0,3.4615,60,0,25,6,,60,250,51,25,23,6,23,,2,67,10.0384,3.39102,2.96028,0.892351,0.267886,0.0904934,0.17739219963550568,0.224928,1.2217,0.293394,0.74733,,,3.44638,0.878806,0.796194,151.2100067138672,,,,,,,445.6,7.426666666666667,430,7.166666666666667,,,,,,,,,,,,,,,,,,,"Pete Fairbanks","17998",664126
"Matt Strahm","PHI",5,3,0,3.26344,66,0,3,12,,66,264,52,26,24,8,17,,4,78,10.5991,2.32926,4.55043,1.124,0.293874,0.0645816,0.22929225116968155,0.215354,1.0541,0.280458,0.753391,,,3.37813,0.878062,0.932715,544.0700073242188,,,,,,,410.8000000000001,6.224242424242426,382,5.787878787878788,,,,,,,,,,,,,,,,,,,"Matt Strahm","13799",621381
"Ryan Pressly","CHC",3,3,0,3.39715,61,0,25,5,,61,254,55,25,23,6,19,,2,63,9.2857,2.7334,3.39712,0.886176,0.247755,0.0729308,0.1748240813612938,0.236259,1.20926,0.298627,0.74111,,,3.37762,0.871397,0.999134,168.69000244140625,,,,,,,442.60000000000014,7.255737704918035,435,7.131147540983607,,,,,,,,,,,,,,,,,,,"Ryan Pressly","7005",519151
"Blake Treinen","LAD",5,3,0,3.32224,59,0,7,14,,59,241,50,23,22,6,18,,3,64,9.73091,2.784,3.4953,0.897304,0.264419,0.07565,0.1887693554162979,0.22553,1.15166,0.290774,0.745674,,,3.36254,0.859871,0.954277,483.8299865722656,,,,,,,388.79999999999995,6.589830508474575,373,6.322033898305085,,,,,,,,,,,,,,,,,,,"Blake Treinen","12572",595014
"Hayden Wesneski","HOU",7,8,7,4.39434,42,18,0,1,,120,510,115,63,59,18,40,,5,111,8.28437,3.01601,2.7468,1.36851,0.21673,0.0789027,0.13782701641321182,0.248216,1.29515,0.28906,0.7085,,,4.44048,0.823417,0.704312,398.2200012207031,,,,,,,458.6,3.8216666666666668,457,3.808333333333333,,,,,,,,,,,,,,,,,,,"Hayden Wesneski","27581",669713
"Tomoyuki Sugano","BAL",8,10,10,4.62509,36,24,0,1,,151,642,164,83,77,25,32,,6,113,6.74011,1.94198,3.47074,1.502,0.17565,0.0506087,0.12504084408283234,0.271254,1.30258,0.297629,0.703955,,,4.60931,0.818812,0.702975,328.6300048828125,,,,,,,499.5000000000001,3.3079470198675502,546,3.615894039735099,,,,,,,,,,,,,,,,,,,"Tomoyuki Sugano","sa3025685",608372
"Michael Lorenzen","KCR",7,9,8,4.55383,56,21,0,1,,148,640,147,81,75,19,61,,5,114,6.91923,3.67874,1.88087,1.17625,0.177955,0.094613,0.08334176242351532,0.256321,1.40216,0.289876,0.702974,,,4.66154,0.817786,1.0211,542.1099853515625,,,,,,,513.3,3.468243243243243,527,3.560810810810811,,,,,,,,,,,,,,,,,,,"Michael Lorenzen","14843",547179
"JP Sears","ATH",10,12,14,4.54575,31,31,0,0,,176,751,176,95,89,30,51,,11,145,7.38504,2.60675,2.83304,1.51734,0.19292,0.0680964,0.12482333928346634,0.255261,1.28567,0.284064,0.709637,,,4.77117,0.816599,1.02952,474.010009765625,,,,,,,579.8000000000001,3.2943181818181824,594,3.375,,,,,,,,,,,,,,,,,,,"JP Sears","23429",676664
"Ben Joyce","LAA",3,3,0,3.46788,62,0,7,10,,62,262,49,26,24,6,28,,5,75,10.8393,4.05572,2.6726,0.849372,0.284897,0.106599,0.17829778790473938,0.213971,1.24098,0.290599,0.740047,,,3.58571,0.816164,0.958587,312.30999755859375,,,,,,,383.5999999999999,6.187096774193547,358,5.774193548387097,,,,,,,,,,,,,,,,,,,"Ben Joyce","31461",690829
"Javier Assad","CHC",7,7,9,4.28365,45,21,0,1,,137,592,134,70,65,18,53,,6,113,7.46753,3.49902,2.13418,1.165,0.191506,0.0897331,0.10177333652973175,0.252118,1.37219,0.290324,0.720362,,,4.48593,0.811984,1.09737,654.219970703125,,,,,,,497.0000000000002,3.627737226277374,504,3.678832116788321,,,,,,,,,,,,,,,,,,,"Javier Assad","21741",665871
"Luis Garcia","HOU",5,4,5,4.00192,20,11,0,1,,71,298,66,34,32,10,22,,1,70,8.89812,2.84295,3.12989,1.27729,0.236005,0.0754038,0.16060173511505127,0.24022,1.24129,0.287863,0.733775,,,4.04477,0.810463,0.795167,535.489990234375,,,,,,,305.79999999999995,4.307042253521126,300,4.225352112676056,,,,,,,,,,,,,,,,,,,"Luis Garcia","23735",677651
"Fernando Cruz","NYY",4,3,0,3.25097,61,0,0,13,,61,259,47,24,22,6,27,,3,83,12.2187,3.97249,3.07583,0.92217,0.320297,0.104134,0.21616342663764954,0.204449,1.20838,0.290008,0.765415,,,3.24469,0.795574,0.749792,728.1400146484375,,,,,,,383.4000000000001,6.285245901639346,355,5.819672131147541,,,,,,,,,,,,,,,,,,,"Fernando Cruz","7048",518585
"Michael Soroka","WSN",7,8,6,4.43871,52,15,0,1,,121,524,115,65,60,17,48,,8,113,8.40793,3.54216,2.37367,1.2363,0.216345,0.0911438,0.1252015456557274,0.245426,1.34063,0.290499,0.702984,,,4.46185,0.794006,0.732632,417.989990234375,,,,,,,449.30000000000007,3.7132231404958684,446,3.6859504132231407,,,,,,,,,,,,,,,,,,,"Michael Soroka","18383",647336
"Luis L. Ortiz","CLE",7,7,9,4.29316,30,19,0,1,,126,542,123,65,60,17,46,,6,107,7.64921,3.29363,2.32243,1.23687,0.197562,0.0850671,0.11249499022960663,0.251434,1.34381,0.289626,0.718811,,,4.49202,0.793172,1.02561,387.07000732421875,,,,,,,465.50000000000006,3.694444444444445,471,3.738095238095238,,,,,,,,,,,,,,,,,,,"Luis L. Ortiz","27646",682847
"Jason Adam","SDP",5,3,0,3.34033,67,0,6,12,,67,273,51,27,25,8,23,,6,77,10.3917,3.13331,3.31653,1.01389,0.283607,0.0855132,0.19809377938508987,0.21051,1.11303,0.275645,0.742925,,,3.63501,0.792718,1.08995,338.55999755859375,,,,,,,409.79999999999995,6.116417910447761,376,5.611940298507463,,,,,,,,,,,,,,,,,,,"Jason Adam","11861",592094
"Yariel Rodríguez","TOR",6,5,5,3.9723,66,11,0,7,,107,456,93,51,47,13,45,,5,112,9.4616,3.79536,2.49294,1.0738,0.246312,0.0988037,0.14750811457633972,0.22895,1.29087,0.285582,0.726105,,,4.03035,0.791174,0.670262,594.5800170898438,,,,,,,492.1000000000001,4.599065420560748,468,4.373831775700935,,,,,,,,,,,,,,,,,,,"Yariel Rodriguez","33838",684320
"Colin Rea","CHC",7,7,8,4.52346,33,19,0,1,,124,530,128,67,62,19,34,,6,99,7.13209,2.45664,2.90319,1.35171,0.185839,0.0640121,0.12182721495628357,0.260765,1.30106,0.292637,0.695064,,,4.49865,0.787633,0.677895,584.3900146484375,,,,,,,433.09999999999985,3.4927419354838696,455,3.6693548387096775,,,,,,,,,,,,,,,,,,,"Colin Rea","12317",607067
"Kyle Wright","KCR",5,6,5,4.22697,35,11,0,1,,87,373,86,44,41,10,29,,6,73,7.49922,3.02072,2.48259,1.01452,0.194355,0.0782872,0.11606781929731369,0.255389,1.32847,0.299198,0.698273,,,4.16455,0.784732,0.848781,708.4199829101562,,,,,,,342.20000000000005,3.933333333333334,350,4.022988505747127,,,,,,,,,,,,,,,,,,,"Kyle Wright","19665",657140
"Dustin May","LAD",5,4,3,3.5912,50,6,0,1,,79,325,68,34,32,9,26,,5,83,9.43066,2.9548,3.19164,0.987475,0.255591,0.0800815,0.17550981044769287,0.229978,1.18116,0.291328,0.731221,,,3.67104,0.763509,0.777197,345.42999267578125,,,,,,,374.09999999999997,4.735443037974683,355,4.493670886075949,,,,,,,,,,,,,,,,,,,"Dustin May","19716",669160
"Ben Lively","CLE",8,10,11,4.52124,24,24,0,0,,131,569,137,71,66,19,43,,6,103,7.04748,2.93251,2.40323,1.33066,0.180386,0.07506,0.10532611608505249,0.263141,1.3704,0.295097,0.712637,,,4.63653,0.763357,0.801183,515.280029296875,,,,,,,438.50000000000006,3.34732824427481,467,3.564885496183206,,,,,,,,,,,,,,,,,,,"Ben Lively","14932",594902
"A.J. Minter","NYM",5,3,0,3.36933,57,0,2,12,,57,234,47,23,21,6,19,,2,64,10.0305,2.99946,3.34411,1.02093,0.271803,0.0812782,0.19052523374557495,0.221711,1.16226,0.284954,0.750963,,,3.49624,0.760964,0.851406,658.530029296875,,,,,,,348.79999999999995,6.119298245614035,330,5.7894736842105265,,,,,,,,,,,,,,,,,,,"A.J. Minter","18655",621345
"Hunter Harvey","KCR",3,3,0,3.53221,60,0,2,14,,60,249,53,26,24,6,19,,2,62,9.33284,2.82018,3.30931,0.891692,0.250046,0.0755582,0.1744873821735382,0.234154,1.20144,0.296989,0.727553,,,3.44377,0.759032,0.77707,713.719970703125,,,,,,,359.4,5.989999999999999,349,5.816666666666666,,,,,,,,,,,,,,,,,,,"Hunter Harvey","15507",640451
"Shane Smith","CHW",5,8,6,4.59835,41,16,0,1,,108,473,108,60,55,15,41,,8,95,7.91913,3.36617,2.35256,1.28396,0.201485,0.0856446,0.1158398985862732,0.253634,1.3677,0.293941,0.700804,,,4.60928,0.756751,0.52232,600.4600219726562,,,,,,,380.90000000000003,3.5268518518518523,392,3.6296296296296298,,,,,,,,,,,,,,,,,,,"Shane Smith","sa3020469",681343
"Logan Allen","CLE",6,7,9,4.3294,19,19,0,0,,102,442,102,53,49,14,39,,3,88,7.75975,3.44635,2.25158,1.2735,0.198628,0.0882169,0.11041094362735748,0.25442,1.38128,0.293409,0.728783,,,4.53179,0.716538,0.857098,698.3300170898438,,,,,,,367.40000000000015,3.601960784313727,378,3.7058823529411766,,,,,,,,,,,,,,,,,,,"Logan Allen","27589",671106
"Kyle Harrison","SFG",5,5,6,4.01218,37,13,0,1,,91,389,82,44,41,12,33,,5,95,9.32703,3.28962,2.83529,1.13711,0.24318,0.085769,0.15741122514009476,0.234541,1.26523,0.289285,0.72201,,,4.01284,0.708541,0.835646,417.3500061035156,,,,,,,392.59999999999997,4.314285714285714,379,4.164835164835165,,,,,,,,,,,,,,,,,,,"Kyle Harrison","27758",690986
"Ian Hamilton","NYY",3,3,0,3.45941,60,0,1,15,,60,255,51,25,23,6,24,,3,66,9.93734,3.63348,2.73494,0.860859,0.260287,0.0951709,0.16511595249176025,0.222964,1.2498,0.289194,0.749779,,,3.54374,0.699519,0.715364,749.969970703125,,,,,,,353.6,5.8933333333333335,338,5.633333333333334,,,,,,,,,,,,,,,,,,,"Ian Hamilton","19261",641656
"Tylor Megill","NYM",5,5,4,4.0384,51,10,0,1,,91,390,84,45,41,12,34,,4,93,9.15384,3.34665,2.73522,1.13408,0.238772,0.0872954,0.15147695690393448,0.237747,1.2862,0.291677,0.719666,,,4.01182,0.695529,0.504561,388.82000732421875,,,,,,,383.4,4.213186813186813,375,4.1208791208791204,,,,,,,,,,,,,,,,,,,"Tylor Megill","21318",656731
"Garrett Whitlock","BOS",4,3,0,3.61584,66,0,2,13,,66,272,62,28,27,8,15,,2,66,9.0623,2.10978,4.29537,1.06867,0.244094,0.0568272,0.18726679682731628,0.242645,1.17054,0.299151,0.735685,,,3.49773,0.693654,0.815931,541.6400146484375,,,,,,,371.8000000000001,5.6333333333333355,369,5.590909090909091,,,,,,,,,,,,,,,,,,,"Garrett Whitlock","20191",676477
"Kevin Ginkel","ARI",5,3,0,3.30609,61,0,3,14,,61,253,54,24,22,6,19,,2,65,9.58649,2.85309,3.36003,0.869862,0.256485,0.0763339,0.18015063554048538,0.231544,1.19702,0.296863,0.750749,,,3.34968,0.691848,1.05004,574.5800170898438,,,,,,,375.20000000000016,6.15081967213115,365,5.983606557377049,,,,,,,,,,,,,,,,,,,"Kevin Ginkel","19876",656464
"Chase Dollander","COL",4,7,7,5.03302,27,19,0,1,,111,491,113,67,62,18,44,,10,101,8.15921,3.58498,2.27595,1.44945,0.205059,0.0900984,0.11496064066886902,0.258812,1.417,0.298998,0.685476,,,4.90237,0.684784,0.983009,999,,,,,,,350.2000000000001,3.154954954954956,365,3.2882882882882885,,,,,,,,,,,,,,,,,,,"Chase Dollander","sa3023361",801403
"Kenley Jansen","LAA",3,3,0,3.82443,60,0,26,4,,60,249,51,28,25,8,23,,2,68,10.1933,3.42036,2.98018,1.19401,0.272545,0.0914526,0.18109231442213058,0.2271,1.23079,0.289445,0.738187,,,3.8543,0.683186,0.558097,143.69000244140625,,,,,,,420,7,403,6.716666666666667,,,,,,,,,,,,,,,,,,,"Kenley Jansen","3096",445276
"Carlos Estévez","KCR",5,3,0,3.86382,64,0,22,6,,64,267,57,30,27,7,22,,2,63,8.80635,3.14341,2.80153,1.01021,0.234296,0.0836315,0.15066445618867874,0.234618,1.24007,0.287706,0.716512,,,3.80705,0.681442,0.705144,180.60000610351562,,,,,,,427.3,6.6765625,417,6.515625,,,,,,,,,,,,,,,,,,,"Carlos Estevez","14542",608032
"Osvaldo Bido","ATH",7,7,6,4.37841,49,16,0,1,,119,515,110,62,58,15,48,,10,109,8.2694,3.65825,2.26048,1.16273,0.212503,0.0940079,0.11849524825811386,0.241263,1.33118,0.285667,0.701576,,,4.4814,0.67494,0.618385,453.3500061035156,,,,,,,458.0999999999999,3.8495798319327723,448,3.764705882352941,,,,,,,,,,,,,,,,,,,"Osvaldo Bido","23150",674370
"Joey Cantillo","CLE",5,6,6,4.01022,43,13,0,1,,94,407,84,45,42,12,43,,4,97,9.25049,4.10605,2.25289,1.12419,0.238696,0.105951,0.13274475187063217,0.2342,1.34905,0.288746,0.73912,,,4.21609,0.67477,0.786702,488.7099914550781,,,,,,,386.6,4.1127659574468085,371,3.9468085106382977,,,,,,,,,,,,,,,,,,,"Joey Cantillo","23335",676282
"Trevor Williams","WSN",6,8,7,4.5439,56,18,0,1,,129,560,136,70,65,20,41,,5,103,7.18977,2.8601,2.51381,1.37907,0.18416,0.0732593,0.11090106517076492,0.263866,1.36899,0.296189,0.712806,,,4.62285,0.673546,0.65817,514.4400024414062,,,,,,,426.9999999999999,3.310077519379844,457,3.5426356589147288,,,,,,,,,,,,,,,,,,,"Trevor Williams","16977",592866
"Pierce Johnson","ATL",5,4,0,3.60107,64,0,2,12,,64,273,56,28,26,7,27,,2,78,10.9484,3.77695,2.89875,1.04417,0.284896,0.0982826,0.18661383539438248,0.227427,1.2891,0.302527,0.756639,,,3.58278,0.665247,0.853247,691.1699829101562,,,,,,,368.9,5.7640625,356,5.5625,,,,,,,,,,,,,,,,,,,"Pierce Johnson","13435",572955
"Robert Suarez","SDP",5,4,0,3.65404,65,0,26,5,,65,268,56,29,26,8,22,,2,65,9.03062,3.06405,2.94728,1.05033,0.243357,0.0825701,0.16078713536262512,0.229958,1.20191,0.283602,0.73249,,,3.80782,0.661691,0.681021,100.13999938964844,,,,,,,445,6.846153846153846,429,6.6,,,,,,,,,,,,,,,,,,,"Robert Suarez","30115",663158
"Ian Anderson","LAA",5,5,4,4.17208,52,10,0,1,,92,399,91,46,43,11,37,,2,82,7.96033,3.61588,2.20149,1.08854,0.204673,0.0929704,0.11170312762260437,0.251669,1.38255,0.297346,0.727447,,,4.24273,0.649909,0.640449,564.7100219726562,,,,,,,359.9,3.91195652173913,368,4,,,,,,,,,,,,,,,,,,,"Ian Anderson","19951",666120
"Anthony Bender","MIA",3,3,0,3.67302,61,0,5,12,,61,259,55,27,25,6,22,,4,64,9.43339,3.28722,2.86972,0.811877,0.247165,0.0861287,0.1610364243388176,0.23558,1.26312,0.302161,0.718814,,,3.53102,0.648069,0.700313,653.7100219726562,,,,,,,357.6000000000001,5.862295081967215,350,5.737704918032787,,,,,,,,,,,,,,,,,,,"Anthony Bender","19742",669622
"Camilo Doval","SFG",5,3,0,3.30747,62,0,10,12,,62,262,49,25,23,5,29,,3,75,10.9458,4.15263,2.63587,0.696654,0.287483,0.109066,0.17841709405183792,0.213508,1.2544,0.295635,0.744516,,,3.28952,0.639936,0.787112,379.07000732421875,,,,,,,421.9,6.804838709677419,397,6.403225806451613,,,,,,,,,,,,,,,,,,,"Camilo Doval","21992",666808
"Cole Sands","MIN",4,3,0,3.66095,64,0,1,15,,64,268,57,28,26,8,20,,4,70,9.80692,2.81464,3.48425,1.061,0.260372,0.0747284,0.18564411252737045,0.231715,1.19605,0.293883,0.736307,,,3.63856,0.639213,0.60272,673.5700073242188,,,,,,,360.00000000000006,5.625000000000001,349,5.453125,,,,,,,,,,,,,,,,,,,"Cole Sands","21461",663485
"Jason Foley","DET",4,3,0,3.54362,63,0,13,7,,63,266,61,27,25,5,18,,2,51,7.34474,2.62511,2.79788,0.724638,0.193532,0.0691709,0.12436089664697647,0.247687,1.25485,0.294998,0.722354,,,3.56533,0.635878,0.72044,296.6000061035156,,,,,,,381.1,6.04920634920635,385,6.111111111111111,,,,,,,,,,,,,,,,,,,"Jason Foley","19531",671345
"Hayden Birdsong","SFG",6,7,8,4.24933,35,19,0,1,,110,474,98,56,52,14,50,,7,114,9.40074,4.10657,2.2892,1.12966,0.241631,0.105553,0.13607829064130783,0.233986,1.34624,0.290285,0.713452,,,4.26732,0.632617,0.846334,400.57000732421875,,,,,,,447.99999999999994,4.072727272727272,429,3.9,,,,,,,,,,,,,,,,,,,"Hayden Birdsong","31635",806185
"Cal Quantrill","MIA",7,10,11,4.8099,26,26,0,0,,143,629,151,82,76,20,53,,9,104,6.53278,3.36588,1.94088,1.27367,0.164745,0.0848814,0.07986333966255188,0.266886,1.43376,0.295876,0.694011,,,4.85984,0.62468,0.924826,711.6400146484375,,,,,,,441.6,3.088111888111888,477,3.335664335664336,,,,,,,,,,,,,,,,,,,"Cal Quantrill","19312",615698
"Jack Leiter","TEX",6,8,7,4.77441,43,19,0,1,,123,540,115,70,65,19,55,,8,124,9.05827,3.98823,2.27125,1.3947,0.22973,0.101147,0.12858310341835022,0.240089,1.37345,0.285745,0.695683,,,4.68684,0.623484,0.40162,436.5,,,,,,,440.5,3.5813008130081303,431,3.5040650406504064,,,,,,,,,,,,,,,,,,,"Jack Leiter","30146",683004
"Mitch Spence","ATH",6,7,5,4.2749,51,13,0,1,,110,472,112,57,52,14,33,,5,88,7.1928,2.66136,2.70268,1.18076,0.186849,0.0691346,0.11771424859762192,0.258893,1.31522,0.29536,0.709047,,,4.29145,0.623456,0.590482,570.8499755859375,,,,,,,416.59999999999997,3.787272727272727,434,3.9454545454545453,,,,,,,,,,,,,,,,,,,"Mitch Spence","27707",687765
"Liam Hendriks","BOS",4,4,0,3.87541,61,0,13,8,,61,255,55,28,26,9,19,,2,70,10.3177,2.86074,3.60666,1.28018,0.274543,0.0761211,0.1984219327569008,0.236615,1.22318,0.300723,0.746601,,,3.77156,0.621844,0.777848,252.60000610351562,,,,,,,371.70000000000005,6.09344262295082,362,5.934426229508197,,,,,,,,,,,,,,,,,,,"Liam Hendriks","3548",521230
"Tyler Holton","DET",4,3,0,3.40587,72,0,6,13,,72,293,64,29,27,7,19,,3,64,7.94496,2.31608,3.43035,0.929173,0.217113,0.0632917,0.15382113307714462,0.23478,1.14275,0.280829,0.735711,,,3.62734,0.618975,0.938322,453.260009765625,,,,,,,424.30000000000007,5.893055555555557,413,5.736111111111111,,,,,,,,,,,,,,,,,,,"Tyler Holton","26231",663947
"Will Vest","DET",3,3,0,3.38802,68,0,2,12,,68,284,61,28,26,6,21,,2,66,8.75716,2.80953,3.11695,0.786563,0.232845,0.0747028,0.1581420674920082,0.234278,1.20961,0.292409,0.735329,,,3.40113,0.618348,0.662931,718.5399780273438,,,,,,,391.80000000000007,5.761764705882354,383,5.632352941176471,,,,,,,,,,,,,,,,,,,"Will Vest","19769",676684
"Caleb Ferguson","PIT",3,3,0,3.43879,61,0,1,12,,61,263,54,26,23,5,25,,4,64,9.47854,3.61943,2.6188,0.664301,0.244225,0.0932585,0.15096645057201385,0.232763,1.29526,0.302324,0.735348,,,3.44573,0.615777,0.691636,999,,,,,,,343.5000000000001,5.6311475409836085,334,5.475409836065574,,,,,,,,,,,,,,,,,,,"Caleb Ferguson","19349",657571
"Ryne Nelson","ARI",6,6,4,4.08144,60,10,0,4,,105,442,105,51,48,14,27,,3,86,7.42777,2.35984,3.14758,1.18976,0.19575,0.0621906,0.13355905190110207,0.256243,1.26724,0.294412,0.719677,,,4.11624,0.614523,0.90147,441.8800048828125,,,,,,,429.79999999999995,4.093333333333333,441,4.2,,,,,,,,,,,,,,,,,,,"Ryne Nelson","26253",669194
"Kyle Hendricks","LAA",6,9,10,5.11741,24,24,0,0,,127,555,142,77,72,22,37,,5,89,6.33248,2.65805,2.38237,1.55868,0.160501,0.0673704,0.09313090145587921,0.277848,1.41951,0.300071,0.687282,,,5.02418,0.611232,0.274881,688.3800048828125,,,,,,,352.00000000000017,2.771653543307088,401,3.15748031496063,,,,,,,,,,,,,,,,,,,"Kyle Hendricks","12049",543294
"Bryce Elder","ATL",4,4,4,4.19129,25,10,0,1,,69,298,70,35,32,8,23,,3,58,7.53418,3.01407,2.49967,1.01205,0.194463,0.0777957,0.11666759848594666,0.257863,1.34806,0.302305,0.709083,,,4.08132,0.604692,0.690776,747.0700073242188,,,,,,,272.20000000000005,3.9449275362318845,283,4.101449275362318,,,,,,,,,,,,,,,,,,,"Bryce Elder","27779",693821
"Luke Weaver","NYY",3,3,0,3.91172,68,0,6,13,,68,285,61,32,30,9,20,,3,73,9.60932,2.69232,3.56916,1.2504,0.254583,0.0713286,0.18325435370206833,0.233818,1.20084,0.287861,0.728547,,,3.84979,0.60366,0.418694,368.8900146484375,,,,,,,392.9,5.777941176470588,382,5.617647058823529,,,,,,,,,,,,,,,,,,,"Luke Weaver","16918",596133
"Kirby Yates","LAD",5,3,0,3.57638,60,0,9,11,,60,249,46,26,24,7,29,,4,73,10.9372,4.32904,2.52648,0.977703,0.292557,0.115796,0.1767604574561119,0.210744,1.24207,0.285222,0.742889,,,3.77587,0.601452,0.75193,227.9600067138672,,,,,,,374.29999999999995,6.238333333333332,345,5.75,,,,,,,,,,,,,,,,,,,"Kirby Yates","9073",489446
"Seranthony Domínguez","BAL",4,3,0,3.70333,63,0,2,12,,63,263,54,28,26,7,25,,2,69,9.8081,3.55433,2.75948,1.03464,0.261354,0.0947112,0.16664250940084457,0.22757,1.24694,0.290268,0.738289,,,3.75881,0.600674,0.550949,545.739990234375,,,,,,,354.70000000000005,5.630158730158731,339,5.380952380952381,,,,,,,,,,,,,,,,,,,"Seranthony Dominguez","19249",622554
"Dylan Lee","ATL",4,2,0,3.31828,62,0,0,13,,62,255,54,25,23,8,18,,1,71,10.3603,2.5972,3.98902,1.1061,0.279963,0.0701834,0.20977971702814102,0.227976,1.15664,0.294106,0.767435,,,3.37408,0.597791,0.799574,740.0999755859375,,,,,,,357,5.758064516129032,343,5.532258064516129,,,,,,,,,,,,,,,,,,,"Dylan Lee","19996",669276
"Spencer Turnbull",,3,3,5,4.29978,10,10,0,0,,55,234,52,28,26,7,20,,4,50,8.18727,3.29784,2.48262,1.07358,0.21152,0.0852005,0.12631981074810028,0.247253,1.32037,0.295017,0.696843,,,4.22553,0.586027,0.613043,709.8900146484375,,,,,,,213.7,3.8854545454545453,212,3.8545454545454545,,,,,,,,,,,,,,,,,,,"Spencer Turnbull","16207",605513
"Michael McGreevy","STL",5,4,3,3.90415,46,8,0,1,,84,354,86,40,37,10,21,,2,60,6.45219,2.22822,2.89567,1.02569,0.170411,0.0588503,0.1115608923137188,0.260294,1.27239,0.29323,0.717431,,,4.02366,0.580722,0.674876,457.4599914550781,,,,,,,330,3.9285714285714284,345,4.107142857142857,,,,,,,,,,,,,,,,,,,"Michael McGreevy","29869",700241
"Colin Holderman","PIT",4,3,0,3.88688,62,0,7,10,,62,265,55,29,27,6,26,,4,63,9.07423,3.73386,2.43026,0.874091,0.235952,0.0970892,0.13886231929063797,0.23452,1.30482,0.294798,0.715991,,,3.84764,0.578141,0.635695,649.1099853515625,,,,,,,352.99999999999994,5.693548387096773,343,5.532258064516129,,,,,,,,,,,,,,,,,,,"Colin Holderman","22361",670059
"Jordan Romano","PHI",5,3,0,3.82873,59,0,23,5,,59,247,51,27,25,8,22,,3,64,9.80485,3.33657,2.9386,1.14604,0.259711,0.0883792,0.17133189737796783,0.2295,1.23856,0.288733,0.731902,,,3.88318,0.572371,0.686267,165.2100067138672,,,,,,,393.6,6.671186440677967,379,6.423728813559322,,,,,,,,,,,,,,,,,,,"Jordan Romano","16122",605447
"Yennier Cano","BAL",4,2,0,3.33689,62,0,3,12,,62,259,56,25,23,5,21,,2,61,8.8183,3.07918,2.86385,0.75095,0.234403,0.0818491,0.1525542140007019,0.236502,1.24154,0.29783,0.742753,,,3.4227,0.564236,0.650354,670.8200073242188,,,,,,,367.69999999999993,5.930645161290322,361,5.82258064516129,,,,,,,,,,,,,,,,,,,"Yennier Cano","25911",666974
"Reed Garrett","NYM",6,5,0,3.57564,66,0,0,15,,66,283,55,29,26,7,30,,2,77,10.5472,4.07233,2.58996,0.919676,0.272962,0.105392,0.1675695702433586,0.220393,1.29252,0.290784,0.746551,,,3.59631,0.558668,0.435564,741.8800048828125,,,,,,,377.30000000000007,5.716666666666668,357,5.409090909090909,,,,,,,,,,,,,,,,,,,"Reed Garrett","16866",657585
"David Robertson",,3,2,0,3.48895,50,0,0,0,,50,210,40,21,19,5,21,,2,61,11.022,3.69825,2.98032,0.909622,0.292116,0.098015,0.1941009685397148,0.216097,1.21765,0.293115,0.739945,,,3.40863,0.553024,0.574578,499.7200012207031,,,,,,,257.5,5.15,238,4.76,,,,,,,,,,,,,,,,,,,"David Robertson","8241",502085
"Johan Oviedo","PIT",4,5,4,4.31723,29,10,0,1,,73,318,70,38,35,9,30,,5,65,8.01716,3.65316,2.19459,1.07229,0.205647,0.0937067,0.11194062232971191,0.248493,1.36551,0.294717,0.708001,,,4.34372,0.544486,0.64679,748.5800170898438,,,,,,,276.50000000000006,3.787671232876713,277,3.7945205479452055,,,,,,,,,,,,,,,,,,,"Johan Oviedo","22487",670912
"Justin Slaten","BOS",4,4,0,3.90967,64,0,3,15,,64,273,60,30,28,8,24,,2,67,9.42014,3.32596,2.83231,1.08437,0.245416,0.0866488,0.15876715630292892,0.24208,1.30594,0.302082,0.734836,,,3.82991,0.544329,0.616734,457.510009765625,,,,,,,350.20000000000005,5.471875000000001,347,5.421875,,,,,,,,,,,,,,,,,,,"Justin Slaten","25648",686580
"Randy Vásquez","SDP",5,5,5,4.47056,25,13,0,1,,78,340,79,42,39,11,26,,5,60,6.8482,3.03121,2.25923,1.21173,0.175403,0.0776385,0.09776441752910614,0.256861,1.34684,0.288275,0.700608,,,4.61247,0.541052,0.514458,712.6400146484375,,,,,,,267.5,3.4294871794871793,278,3.5641025641025643,,,,,,,,,,,,,,,,,,,"Randy Vasquez","24719",681190
"Alex Vesia","LAD",4,3,0,3.5353,58,0,0,14,,58,241,44,24,23,7,25,,2,73,11.396,3.91102,2.91383,1.14912,0.305179,0.104735,0.2004443109035492,0.206875,1.19562,0.277197,0.760418,,,3.70461,0.538839,0.627175,654.260009765625,,,,,,,349.70000000000005,6.029310344827587,320,5.517241379310345,,,,,,,,,,,,,,,,,,,"Alex Vesia","25007",681911
"Yimi García","TOR",4,3,0,3.59815,61,0,3,14,,61,253,52,27,24,8,19,,3,67,9.86357,2.8342,3.48019,1.12015,0.264009,0.0758604,0.18814823776483536,0.227114,1.17343,0.286773,0.737255,,,3.7058,0.538756,0.480547,542.6799926757812,,,,,,,356.8000000000001,5.849180327868854,340,5.573770491803279,,,,,,,,,,,,,,,,,,,"Yimi Garcia","12095",554340
"Stephen Kolek","SDP",5,5,4,4.31122,38,10,0,1,,85,372,85,45,41,9,32,,7,68,7.16574,3.366,2.12886,0.985045,0.182675,0.0858088,0.09686583280563354,0.254461,1.36779,0.294797,0.696785,,,4.35614,0.535897,0.4355,690.8300170898438,,,,,,,320.29999999999995,3.7682352941176465,331,3.8941176470588235,,,,,,,,,,,,,,,,,,,"Stephen Kolek","21487",663568
"Brock Burke","LAA",3,3,0,3.84377,66,0,1,16,,66,280,61,30,28,8,23,,2,66,9.00471,3.14345,2.86459,1.1195,0.236001,0.0823856,0.15361543744802475,0.239449,1.27228,0.292556,0.739858,,,3.93678,0.535476,0.580614,999,,,,,,,357.4000000000001,5.415151515151517,352,5.333333333333333,,,,,,,,,,,,,,,,,,,"Brock Burke","17968",656271
"Tony Gonsolin","LAD",5,5,5,4.47261,37,13,0,1,,91,382,86,48,45,14,31,,4,79,7.80496,3.02765,2.57789,1.40348,0.206401,0.0800657,0.12633511424064636,0.246478,1.27906,0.280834,0.703931,,,4.59064,0.53489,0.498818,453.75,,,,,,,334.6,3.676923076923077,330,3.6263736263736264,,,,,,,,,,,,,,,,,,,"Tony Gonsolin","19388",664062
"Bubba Chandler","PIT",4,5,6,4.50133,13,13,0,0,,67,293,66,36,34,9,27,,4,58,7.78922,3.65674,2.1301,1.19409,0.198344,0.0931152,0.10522918403148651,0.252898,1.3931,0.294138,0.708697,,,4.54492,0.527312,0.680282,312.80999755859375,,,,,,,236.49999999999997,3.5298507462686564,241,3.5970149253731343,,,,,,,,,,,,,,,,,,,"Bubba Chandler","sa3017428",696149
"Jesus Tinoco","MIA",3,2,0,3.81789,64,0,7,11,,64,272,58,29,27,7,25,,3,64,9.03221,3.44984,2.61815,0.960966,0.236414,0.0902982,0.14611606299877167,0.237999,1.29309,0.296064,0.729254,,,3.81457,0.527083,0.77038,454.6400146484375,,,,,,,359.7,5.6203125,352,5.5,,,,,,,,,,,,,,,,,,,"Jesus Tinoco","16300",622786
"Patrick Corbin","TEX",4,6,7,4.99408,16,16,0,0,,87,387,99,52,48,14,29,,2,68,7.01,2.94457,2.38065,1.44793,0.175635,0.0737759,0.1018587052822113,0.277682,1.46022,0.309548,0.696491,,,4.76322,0.521965,0.145848,743.4400024414062,,,,,,,257.20000000000016,2.9563218390804615,296,3.4022988505747125,,,,,,,,,,,,,,,,,,,"Patrick Corbin","9323",571578
"Andrew Painter","PHI",3,3,4,4.5251,19,11,0,1,,64,273,60,34,32,10,24,,3,62,8.76362,3.3698,2.60064,1.4399,0.226838,0.0872239,0.13961391150951385,0.243799,1.31886,0.286283,0.709435,,,4.55524,0.51539,0.539838,999,,,,,,,241.60000000000002,3.7750000000000004,237,3.703125,,,,,,,,,,,,,,,,,,,"Andrew Painter","sa3017880",691725
"Bryan Hudson","MIL",3,3,0,3.51335,60,0,1,11,,60,249,50,25,23,7,22,,3,65,9.74245,3.2752,2.97461,1.00569,0.260606,0.0876099,0.17299573868513107,0.222828,1.19847,0.283338,0.744196,,,3.67948,0.492498,0.66296,999,,,,,,,331.9,5.531666666666666,313,5.216666666666667,,,,,,,,,,,,,,,,,,,"Bryan Hudson","19924",663542
"Griffin Canning","NYM",7,8,6,4.62155,49,16,0,1,,123,528,120,68,63,20,43,,5,109,7.97937,3.17004,2.51712,1.43762,0.206376,0.0819892,0.12438710033893585,0.251058,1.33297,0.287055,0.703429,,,4.63859,0.488781,0.341841,492.3599853515625,,,,,,,430.20000000000005,3.4975609756097565,433,3.5203252032520327,,,,,,,,,,,,,,,,,,,"Griffin Canning","19867",656288
"Jack Kochanowicz","LAA",5,7,6,4.79494,25,15,0,1,,93,406,104,54,49,13,25,,7,52,5.019,2.469,2.03281,1.21609,0.127626,0.0627832,0.06484309583902359,0.279686,1.39802,0.297324,0.678812,,,4.8633,0.483911,0.37232,686.280029296875,,,,,,,269.9000000000001,2.9021505376344097,308,3.3118279569892475,,,,,,,,,,,,,,,,,,,"Jack Kochanowicz","27688",686799
"Adrian Morejon","SDP",3,3,0,3.54427,61,0,1,12,,61,257,54,26,24,7,22,,2,65,9.52675,3.17793,2.99778,1.00989,0.251321,0.0838357,0.1674855351448059,0.230341,1.23588,0.289498,0.750475,,,3.64632,0.483487,0.542549,658.6400146484375,,,,,,,335.9000000000001,5.506557377049182,325,5.327868852459017,,,,,,,,,,,,,,,,,,,"Adrian Morejon","20039",670970
"Matt Waldron","SDP",3,4,4,4.50127,18,10,0,1,,62,263,62,33,31,9,18,,3,51,7.43189,2.57789,2.88294,1.38299,0.194134,0.0673389,0.1267949938774109,0.255021,1.28496,0.287756,0.697011,,,4.52691,0.472301,0.383364,628.0399780273438,,,,,,,229.89999999999998,3.7080645161290318,236,3.806451612903226,,,,,,,,,,,,,,,,,,,"Matt Waldron","25550",663362
"Cade Povich","BAL",4,4,3,4.17146,29,8,0,1,,63,272,60,32,29,8,24,,2,59,8.40361,3.35791,2.50263,1.19588,0.217912,0.0870733,0.13083889335393906,0.244858,1.32178,0.290549,0.724202,,,4.25784,0.45344,0.433324,457.6700134277344,,,,,,,255.80000000000007,4.060317460317461,255,4.0476190476190474,,,,,,,,,,,,,,,,,,,"Cade Povich","30055",700249
"Noah Schultz","CHW",2,2,4,4.33071,8,8,0,0,,39,169,38,20,19,5,13,,3,35,8.06564,3.09273,2.60793,1.19433,0.208333,0.0798841,0.12844841182231903,0.249921,1.3116,0.293672,0.703196,,,4.38508,0.452725,0.424861,999,,,,,,,150.3,3.853846153846154,152,3.8974358974358974,,,,,,,,,,,,,,,,,,,"Noah Schultz","sa3020949",702273
"Tim Herrin","CLE",4,3,0,3.39856,62,0,0,14,,62,262,53,26,23,5,26,,3,66,9.57407,3.70868,2.58153,0.795852,0.251587,0.0974568,0.15413067489862442,0.226525,1.26576,0.292485,0.747735,,,3.56756,0.448595,0.552506,750.5599975585938,,,,,,,360.49999999999994,5.814516129032257,346,5.580645161290323,,,,,,,,,,,,,,,,,,,"Tim Herrin","25139",682120
"Calvin Faucher","MIA",3,3,0,3.9111,63,0,22,6,,63,276,59,30,27,6,28,,3,66,9.41177,4.06353,2.31615,0.909528,0.23871,0.103063,0.135646790266037,0.240046,1.38509,0.303577,0.734329,,,3.86368,0.448456,0.594715,301.0299987792969,,,,,,,412.0000000000001,6.539682539682541,410,6.507936507936508,,,,,,,,,,,,,,,,,,,"Calvin Faucher","20116",676534
"Paul Blackburn","NYM",5,5,3,4.30753,52,8,0,1,,87,373,88,45,41,11,27,,3,72,7.49133,2.83118,2.64601,1.18537,0.193257,0.0730371,0.12021999806165695,0.255571,1.32553,0.293906,0.7066,,,4.26808,0.443945,0.331493,654.8599853515625,,,,,,,337.7,3.881609195402299,350,4.022988505747127,,,,,,,,,,,,,,,,,,,"Paul Blackburn","14739",621112
"Ryan Fernandez","STL",4,3,0,3.76068,65,0,2,13,,65,276,59,29,27,7,25,,2,64,8.85946,3.51635,2.51951,0.939311,0.231808,0.0920055,0.13980286568403244,0.237187,1.29902,0.293329,0.73444,,,3.80554,0.441245,0.685291,664.469970703125,,,,,,,350.5,5.392307692307693,343,5.276923076923077,,,,,,,,,,,,,,,,,,,"Ryan Fernandez","24862",681676
"Jared Koenig","MIL",4,4,0,3.75191,62,0,2,12,,62,263,57,28,26,7,22,,3,60,8.72972,3.19788,2.72985,1.01086,0.228375,0.0836584,0.14471642673015594,0.238014,1.27055,0.290595,0.73419,,,3.89264,0.440566,0.662742,734.8099975585938,,,,,,,327.49999999999994,5.282258064516128,322,5.193548387096774,,,,,,,,,,,,,,,,,,,"Jared Koenig","27517",657649
"Quinn Mathews","STL",3,2,3,3.93308,18,6,0,1,,47,200,43,22,20,6,17,,3,45,8.57038,3.30718,2.59145,1.05794,0.222993,0.0860494,0.1369432434439659,0.238845,1.2866,0.288502,0.723093,,,4.05642,0.439935,0.461593,409.25,,,,,,,196.2,4.1744680851063825,191,4.0638297872340425,,,,,,,,,,,,,,,,,,,"Quinn Mathews","sa3023407",687273
"Gregory Soto","BAL",4,3,0,3.49353,61,0,1,12,,61,260,51,26,24,5,26,,4,70,10.2822,3.87103,2.65618,0.760273,0.268474,0.101075,0.16739898920059204,0.222846,1.26844,0.29738,0.734266,,,3.46013,0.435498,0.382166,745.0599975585938,,,,,,,360.30000000000007,5.9065573770491815,343,5.622950819672131,,,,,,,,,,,,,,,,,,,"Gregory Soto","19677",642397
"Edwin Uceta","TBR",3,3,0,3.90978,65,0,6,13,,65,274,56,30,28,8,25,,3,70,9.70707,3.46946,2.79786,1.09976,0.255473,0.09131,0.16416283696889877,0.226601,1.24273,0.284649,0.725469,,,3.91436,0.430566,0.357688,320.239990234375,,,,,,,375,5.769230769230769,359,5.523076923076923,,,,,,,,,,,,,,,,,,,"Edwin Uceta","20539",670955
"Ryan Brasier","CHC",3,2,0,3.63416,60,0,2,14,,60,245,54,26,24,7,18,,2,56,8.46083,2.63321,3.21312,0.986835,0.23002,0.0715877,0.15843210369348526,0.239785,1.19517,0.292121,0.731964,,,3.68021,0.427044,0.597161,749.75,,,,,,,335.5,5.591666666666667,327,5.45,,,,,,,,,,,,,,,,,,,"Ryan Brasier","5615",518489
"J.T. Ginn","ATH",4,5,5,4.451,29,13,0,1,,85,372,88,46,42,10,29,,6,63,6.60247,3.10738,2.12477,1.106,0.168242,0.0791814,0.08906091749668121,0.261313,1.37565,0.294011,0.696316,,,4.54874,0.419286,0.38637,746.3599853515625,,,,,,,302.2,3.5552941176470587,320,3.764705882352941,,,,,,,,,,,,,,,,,,,"J.T. Ginn","27889",669372
"Dennis Santana","PIT",3,3,0,3.96287,65,0,2,15,,65,277,59,31,29,6,26,,3,62,8.60808,3.62252,2.37627,0.875168,0.224162,0.0943336,0.129828043282032,0.239499,1.31666,0.295635,0.713451,,,3.86729,0.418474,0.49259,568.4400024414062,,,,,,,360.80000000000007,5.550769230769232,354,5.446153846153846,,,,,,,,,,,,,,,,,,,"Dennis Santana","17878",642701
"Alexis Díaz","CIN",3,3,0,4.1492,52,0,14,7,,52,220,42,26,24,6,25,,4,55,9.59894,4.28954,2.23775,1.04155,0.251612,0.112439,0.13917230069637299,0.221829,1.29316,0.280474,0.706937,,,4.21159,0.414284,0.431811,156.6300048828125,,,,,,,322.8,6.207692307692308,303,5.826923076923077,,,,,,,,,,,,,,,,,,,"Alexis Diaz","21132",664747
"Tanner Banks","PHI",3,3,0,3.72179,68,0,0,11,,68,286,63,30,28,8,22,,2,67,8.90492,2.859,3.1147,1.00861,0.235228,0.0755217,0.15970591455698013,0.238999,1.23849,0.293951,0.732738,,,3.70487,0.412172,0.425962,999,,,,,,,347.00000000000006,5.102941176470589,342,5.029411764705882,,,,,,,,,,,,,,,,,,,"Tanner Banks","16990",621383
"John Schreiber","KCR",4,3,0,3.88057,61,0,1,13,,61,262,57,29,26,5,24,,3,56,8.30894,3.57609,2.32347,0.803997,0.214707,0.0924077,0.12229907512664795,0.242608,1.33136,0.297701,0.715687,,,3.83133,0.410028,0.394865,999,,,,,,,329.7000000000001,5.404918032786887,328,5.377049180327869,,,,,,,,,,,,,,,,,,,"John Schreiber","20020",670167
"Ross Stripling",,3,4,5,4.86967,11,11,0,0,,61,266,69,36,33,9,16,,1,42,6.08825,2.32202,2.62196,1.38273,0.156342,0.059628,0.09671414643526077,0.275862,1.37434,0.299289,0.681664,,,4.65124,0.409973,0.192742,999,,,,,,,194.3000000000001,3.185245901639346,221,3.622950819672131,,,,,,,,,,,,,,,,,,,"Ross Stripling","13273",548389
"Jose A. Ferrer","WSN",3,3,0,3.88734,62,0,6,13,,62,264,60,29,27,6,21,,3,51,7.40509,3.01909,2.45275,0.878028,0.193258,0.0787922,0.11446563154459,0.24958,1.30187,0.294347,0.71343,,,3.9451,0.409898,0.459289,646.6300048828125,,,,,,,340.99999999999994,5.499999999999999,344,5.548387096774194,,,,,,,,,,,,,,,,,,,"Jose A. Ferrer","24017",678606
"Ben Brown","CHC",3,3,1,3.57475,38,3,0,1,,52,216,43,22,21,6,19,,2,58,10.0929,3.38486,2.98178,0.968307,0.268676,0.0901061,0.1785702258348465,0.220455,1.20482,0.285018,0.73255,,,3.56654,0.405214,0.426583,421.6000061035156,,,,,,,256.2,4.926923076923076,239,4.596153846153846,,,,,,,,,,,,,,,,,,,"Ben Brown","23590",676962
"Erik Miller","SFG",4,3,0,3.47878,61,0,1,12,,61,261,47,26,24,5,32,,2,76,11.1826,4.78819,2.33546,0.786384,0.290383,0.124336,0.16604648530483246,0.209632,1.31004,0.290007,0.748876,,,3.51989,0.401925,0.485747,999,,,,,,,370.7000000000001,6.077049180327871,343,5.622950819672131,,,,,,,,,,,,,,,,,,,"Erik Miller","26252",669062
"Louis Varland","MIN",4,4,1,3.9628,62,2,0,12,,69,290,66,33,30,9,19,,3,67,8.71065,2.51729,3.46033,1.13429,0.229638,0.066363,0.16327521204948425,0.247714,1.2447,0.299446,0.71839,,,3.82639,0.379777,0.286442,739.2100219726562,,,,,,,344.30000000000007,4.989855072463769,344,4.9855072463768115,,,,,,,,,,,,,,,,,,,"Louis Varland","27691",686973
"Nick Mears","MIL",3,3,0,3.72788,58,0,0,11,,58,248,47,26,24,6,27,,2,72,11.1079,4.21029,2.63827,0.979184,0.288212,0.109243,0.178969144821167,0.215021,1.28197,0.288679,0.736196,,,3.60002,0.372759,0.352692,744.6099853515625,,,,,,,334.20000000000005,5.762068965517242,313,5.396551724137931,,,,,,,,,,,,,,,,,,,"Nick Mears","25376",683232
"Joel Payamps","MIL",5,4,0,3.6656,61,0,2,14,,61,255,54,27,25,7,20,,3,60,8.84895,2.98567,2.96381,1.1039,0.235561,0.0794789,0.15608155727386475,0.233393,1.21759,0.283752,0.742151,,,3.92988,0.370536,0.620308,499.9700012207031,,,,,,,341.9000000000001,5.604918032786887,331,5.426229508196721,,,,,,,,,,,,,,,,,,,"Joel Payamps","14332",606303
"José Leclerc","ATH",4,4,0,3.89995,64,0,3,13,,64,272,52,30,28,7,30,,3,74,10.452,4.27686,2.44385,1.03247,0.272772,0.111615,0.16115601360797882,0.217771,1.28844,0.284145,0.729587,,,3.90469,0.363531,0.314004,591.6300048828125,,,,,,,368.3,5.7546875,345,5.390625,,,,,,,,,,,,,,,,,,,"Jose Leclerc","14524",600917
"Wade Miley","CIN",3,4,5,4.92817,11,11,0,0,,60,264,67,36,33,9,21,,2,40,5.97017,3.19364,1.86939,1.33957,0.151327,0.0809501,0.0703773945569992,0.276484,1.45996,0.300258,0.693241,,,4.93425,0.363415,0.350429,999,,,,,,,170.10000000000002,2.8350000000000004,194,3.2333333333333334,,,,,,,,,,,,,,,,,,,"Wade Miley","8779",489119
"Derek Law","WSN",4,4,0,3.8714,66,0,4,13,,66,283,64,31,28,7,24,,2,57,7.72472,3.21357,2.40378,0.982201,0.200452,0.0833903,0.11706194281578064,0.249865,1.3293,0.295219,0.735737,,,4.04097,0.356239,0.556465,725.7100219726562,,,,,,,343.9000000000001,5.210606060606062,347,5.257575757575758,,,,,,,,,,,,,,,,,,,"Derek Law","13133",571882
"JoJo Romero","STL",4,4,0,3.52555,62,0,1,13,,62,260,56,27,24,7,21,,3,61,8.88998,3.03667,2.92755,0.948409,0.23525,0.0803573,0.15489254891872406,0.237403,1.24227,0.294106,0.74312,,,3.72283,0.352016,0.524683,733.8200073242188,,,,,,,334.0999999999999,5.388709677419353,326,5.258064516129032,,,,,,,,,,,,,,,,,,,"JoJo Romero","19574",668941
"José Buttó","NYM",3,2,0,3.69729,63,0,1,16,,63,266,53,28,26,7,25,,3,67,9.50347,3.59813,2.64122,1.02455,0.250435,0.0948179,0.15561746060848236,0.224059,1.24295,0.28123,0.738855,,,3.8945,0.347353,0.465837,675.260009765625,,,,,,,361.3,5.734920634920635,343,5.444444444444445,,,,,,,,,,,,,,,,,,,"Jose Butto","23313",676130
"Caleb Thielbar","CHC",3,3,0,3.70538,56,0,0,11,,56,236,49,25,23,7,20,,2,61,9.81094,3.20453,3.06158,1.09163,0.258356,0.0843864,0.1739695444703102,0.229693,1.23702,0.289509,0.74812,,,3.71504,0.324901,0.296527,999,,,,,,,300.9000000000001,5.373214285714288,289,5.160714285714286,,,,,,,,,,,,,,,,,,,"Caleb Thielbar","10078",573204
"Bryse Wilson","CHW",4,6,3,4.82074,54,10,0,1,,100,429,105,57,53,17,31,,4,73,6.57197,2.80388,2.34388,1.49265,0.169271,0.0722181,0.09705258160829544,0.2666,1.36767,0.290428,0.699812,,,4.91943,0.323215,0.199757,745.3499755859375,,,,,,,302.9,3.029,324,3.24,,,,,,,,,,,,,,,,,,,"Bryse Wilson","19990",669060
"Tyler Rogers","SFG",4,3,0,3.748,70,0,1,14,,70,293,72,32,29,7,14,,4,49,6.36285,1.84879,3.44162,0.906907,0.169076,0.049127,0.11994940042495728,0.261561,1.23039,0.297084,0.71406,,,3.85086,0.318069,0.492336,740.3099975585938,,,,,,,349.7,4.9957142857142856,364,5.2,,,,,,,,,,,,,,,,,,,"Tyler Rogers","15541",643511
"Ryan Thompson","ARI",5,4,0,3.69083,63,0,0,13,,63,265,62,28,26,6,19,,2,51,7.24215,2.65391,2.72885,0.836872,0.191467,0.0701639,0.12130320817232132,0.256095,1.28556,0.302179,0.724212,,,3.76886,0.316074,0.566618,999,,,,,,,322.20000000000005,5.114285714285715,328,5.2063492063492065,,,,,,,,,,,,,,,,,,,"Ryan Thompson","16647",657044
"Julian Merryweather","CHC",3,3,0,3.76333,61,0,1,12,,61,262,53,27,26,7,25,,3,68,9.99277,3.71712,2.68831,0.988684,0.258723,0.0962399,0.16248300671577454,0.227718,1.28523,0.292084,0.739702,,,3.75773,0.31439,0.438907,999,,,,,,,332.50000000000006,5.450819672131148,319,5.229508196721311,,,,,,,,,,,,,,,,,,,"Julian Merryweather","16703",657240
"Joe Mantiply","ARI",4,3,0,3.59387,59,0,0,12,,59,249,58,26,24,5,18,,2,51,7.77455,2.67387,2.90761,0.805353,0.204762,0.0704228,0.13433892279863358,0.251032,1.27477,0.301973,0.727491,,,3.57453,0.313276,0.434556,748.1699829101562,,,,,,,314.3,5.327118644067797,320,5.423728813559322,,,,,,,,,,,,,,,,,,,"Joe Mantiply","14857",573009
"Taylor Rogers","CIN",3,3,0,4.33049,62,0,6,12,,62,268,57,32,30,9,25,,4,71,10.2914,3.6724,2.80236,1.333,0.264116,0.0942476,0.16986814886331558,0.239369,1.33097,0.302183,0.723224,,,4.22649,0.310783,0.283154,528.6799926757812,,,,,,,332.9,5.369354838709677,326,5.258064516129032,,,,,,,,,,,,,,,,,,,"Taylor Rogers","13449",573124
"Yuki Matsui","SDP",3,2,0,3.60141,58,0,0,11,,58,244,47,25,23,7,26,,2,67,10.4115,3.99638,2.60523,1.04829,0.274608,0.105406,0.16920164972543716,0.217632,1.25675,0.282904,0.751931,,,3.8021,0.309278,0.380691,730.8300170898438,,,,,,,314.90000000000003,5.429310344827587,293,5.051724137931035,,,,,,,,,,,,,,,,,,,"Yuki Matsui","33826",673513
"Cody Bradford","TEX",3,3,1,4.10493,45,3,0,1,,59,246,57,29,27,9,13,,2,54,8.21168,1.90616,4.30798,1.3251,0.219795,0.0510204,0.1687743179500103,0.245622,1.17107,0.285342,0.703139,,,3.99275,0.308906,0.240723,373.260009765625,,,,,,,244.70000000000005,4.147457627118645,245,4.1525423728813555,,,,,,,,,,,,,,,,,,,"Cody Bradford","27597",674003
"Garrett Cleavinger","TBR",5,4,0,3.85903,63,0,3,15,,63,270,53,29,27,7,29,,5,74,10.5994,4.10186,2.58404,1.0295,0.274899,0.106383,0.16851558536291122,0.222256,1.29025,0.292423,0.731484,,,3.8867,0.307337,0.301333,733.2100219726562,,,,,,,363.3,5.766666666666667,345,5.476190476190476,,,,,,,,,,,,,,,,,,,"Garrett Cleavinger","17897",664076
"Scott Barlow","CIN",3,3,0,3.8715,58,0,2,10,,58,249,50,27,25,7,26,,3,65,10.1103,3.98887,2.53462,1.06712,0.262121,0.103416,0.1587049812078476,0.229221,1.31258,0.294342,0.738816,,,3.94003,0.306417,0.393311,649.8499755859375,,,,,,,306.1,5.277586206896552,292,5.0344827586206895,,,,,,,,,,,,,,,,,,,"Scott Barlow","14993",605130
"Danny Coulombe","MIN",3,3,0,3.48609,56,0,0,10,,56,232,50,23,22,6,17,,2,57,9.16369,2.76073,3.3193,1.00062,0.245997,0.0741111,0.17188605666160583,0.23678,1.20675,0.295259,0.751236,,,3.58951,0.304701,0.402316,750.6799926757812,,,,,,,307.6000000000001,5.492857142857145,299,5.339285714285714,,,,,,,,,,,,,,,,,,,"Danny Coulombe","13293",543056
"Jackson Jobe","DET",5,7,8,4.63625,31,21,0,1,,112,486,112,62,58,17,42,,4,87,6.96375,3.36424,2.06993,1.3433,0.17859,0.0862784,0.09231199324131012,0.255246,1.37464,0.284044,0.704746,,,4.79369,0.296647,0.518234,250.4199981689453,,,,,,,368.50000000000006,3.290178571428572,379,3.3839285714285716,,,,,,,,,,,,,,,,,,,"Jackson Jobe","30203",695549
"Kyle Finnegan","WSN",4,4,0,3.96733,63,0,24,6,,63,267,59,30,28,8,23,,2,60,8.59897,3.35589,2.56235,1.13067,0.225698,0.0880826,0.13761547207832336,0.24274,1.30413,0.292385,0.734127,,,4.07937,0.296081,0.511125,186.7100067138672,,,,,,,403.4000000000001,6.403174603174604,400,6.349206349206349,,,,,,,,,,,,,,,,,,,"Kyle Finnegan","15009",640448
"Jordan Wicks","CHC",3,3,2,4.14024,22,6,0,1,,47,201,45,23,22,6,16,,2,42,8.01058,3.04141,2.63383,1.18012,0.208137,0.0790244,0.12911279499530792,0.247369,1.30295,0.289553,0.72077,,,4.21666,0.294994,0.394822,688.5700073242188,,,,,,,191,4.0638297872340425,191,4.0638297872340425,,,,,,,,,,,,,,,,,,,"Jordan Wicks","30094",696136
"Mark Leiter Jr.","NYY",3,4,0,3.90881,58,0,0,12,,58,245,49,27,25,8,22,,4,67,10.462,3.45716,3.02617,1.19658,0.274849,0.0908241,0.1840250864624977,0.224897,1.23189,0.28891,0.73097,,,3.94944,0.27755,0.211943,748.7100219726562,,,,,,,307.4000000000001,5.300000000000002,290,5,,,,,,,,,,,,,,,,,,,"Mark Leiter Jr.","15551",643410
"José Quijada","LAA",3,4,0,4.01057,62,0,0,12,,62,266,50,29,28,7,32,,3,72,10.4169,4.68563,2.22315,0.974651,0.269822,0.121369,0.14845284074544907,0.218851,1.33394,0.287697,0.725993,,,3.97935,0.269994,0.282759,999,,,,,,,329.69999999999993,5.31774193548387,306,4.935483870967742,,,,,,,,,,,,,,,,,,,"Jose Quijada","19200",650671
"Carmen Mlodzinski","PIT",4,5,1,4.13914,60,3,0,10,,73,314,70,36,33,8,29,,3,64,7.8834,3.58202,2.20083,0.993744,0.202894,0.0921899,0.11070401221513748,0.249008,1.36354,0.295768,0.714808,,,4.16905,0.260321,0.400619,745.1300048828125,,,,,,,331.80000000000007,4.545205479452056,333,4.561643835616438,,,,,,,,,,,,,,,,,,,"Carmen Mlodzinski","27572",669387
"Braxton Ashcraft","PIT",2,2,1,4.0715,29,3,0,1,,42,178,43,21,19,5,10,,1,35,7.49101,2.2279,3.36237,1.13484,0.196498,0.0584404,0.1380579210817814,0.257416,1.26607,0.297646,0.71343,,,3.97837,0.258207,0.239821,999,,,,,,,178.5,4.25,186,4.428571428571429,,,,,,,,,,,,,,,,,,,"Braxton Ashcraft","sa3008470",677952
"Jorge Alcala","MIN",3,4,0,4.02004,61,0,1,12,,61,254,53,29,27,8,24,,2,64,9.50473,3.49481,2.71967,1.1925,0.253353,0.0931558,0.16019707918167114,0.232425,1.25811,0.288718,0.726187,,,4.05526,0.254856,0.22874,999,,,,,,,318.2000000000001,5.216393442622953,304,4.983606557377049,,,,,,,,,,,,,,,,,,,"Jorge Alcala","19459",660896
"Porter Hodge","CHC",3,3,0,3.85912,63,0,11,10,,63,271,53,29,27,7,30,,4,68,9.73985,4.25712,2.2879,0.94258,0.251525,0.109937,0.1415879800915718,0.224217,1.31648,0.286899,0.725422,,,3.98577,0.250058,0.485571,283.6300048828125,,,,,,,371.3,5.893650793650794,353,5.603174603174603,,,,,,,,,,,,,,,,,,,"Porter Hodge","26413",687863
"Joe Kelly",,2,1,0,3.71908,27,0,0,0,,27,116,22,12,11,2,13,,2,32,10.5567,4.2405,2.48949,0.793375,0.273299,0.109781,0.16351822763681412,0.22183,1.30233,0.29891,0.72533,,,3.6016,0.247331,0.234575,999,,,,,,,137,5.074074074074074,128,4.7407407407407405,,,,,,,,,,,,,,,,,,,"Joe Kelly","9761",523260
"Angel Perdomo","LAA",3,4,0,3.83125,60,0,0,10,,60,255,47,27,26,7,29,,5,76,11.408,4.34908,2.62308,1.10362,0.298676,0.113865,0.18481159955263138,0.214845,1.27251,0.291939,0.741668,,,3.93602,0.246167,0.310996,999,,,,,,,325.7,5.428333333333333,299,4.983333333333333,,,,,,,,,,,,,,,,,,,"Angel Perdomo","17759",622780
"Greg Weissert","BOS",3,3,0,4.01787,60,0,0,12,,60,258,57,29,27,7,23,,3,58,8.72012,3.42644,2.54495,0.992261,0.225616,0.0886525,0.13696371018886566,0.246717,1.33499,0.302654,0.723432,,,3.94164,0.243747,0.305768,999,,,,,,,295.7,4.928333333333333,295,4.916666666666667,,,,,,,,,,,,,,,,,,,"Greg Weissert","20375",669711
"Adam Mazur","MIA",2,3,3,4.72509,6,6,0,0,,33,144,35,19,17,5,10,,1,25,6.83168,2.81232,2.4292,1.37558,0.174681,0.0719091,0.10277213901281357,0.266673,1.38042,0.295883,0.69845,,,4.6577,0.24193,0.206665,748.0700073242188,,,,,,,108.70000000000005,3.2939393939393953,117,3.5454545454545454,,,,,,,,,,,,,,,,,,,"Adam Mazur","31900",800049
"Richard Lovelady","TOR",5,4,0,3.75402,59,0,0,12,,59,249,56,27,25,6,17,,3,53,8.03199,2.63766,3.04513,0.949203,0.211345,0.0694043,0.1419406160712242,0.243717,1.23768,0.291578,0.71791,,,3.7932,0.241582,0.221788,999,,,,,,,311.20000000000005,5.274576271186441,311,5.271186440677966,,,,,,,,,,,,,,,,,,,"Richard Lovelady","19337",663992
"Kyle Bradish","BAL",1,1,1,3.26732,15,2,0,1,,22,90,19,9,8,2,6,,1,23,9.54834,2.65383,3.59794,0.87255,0.258169,0.0717546,0.1864141821861267,0.227963,1.15309,0.292026,0.744487,,,3.33906,0.241084,0.187724,675.1400146484375,,,,,,,117.80000000000001,5.354545454545455,113,5.136363636363637,,,,,,,,,,,,,,,,,,,"Kyle Bradish","24586",680694
"DL Hall","MIL",2,2,1,3.96634,31,3,0,1,,43,188,39,21,19,5,19,,2,46,9.61094,4.02795,2.38606,1.06327,0.246257,0.103207,0.14305050671100616,0.231931,1.3365,0.291224,0.733731,,,4.07742,0.240646,0.276591,715.1400146484375,,,,,,,188.29999999999998,4.37906976744186,183,4.255813953488372,,,,,,,,,,,,,,,,,,,"DL Hall","22207",669084
"Victor Vodnik","COL",3,4,0,4.43471,65,0,4,13,,65,287,64,35,32,7,31,,2,62,8.59134,4.33738,1.98077,1.00369,0.216416,0.109258,0.10715720802545547,0.252083,1.46339,0.307694,0.709363,,,4.25965,0.239464,0.428141,640.0599975585938,,,,,,,325.5,5.007692307692308,331,5.092307692307692,,,,,,,,,,,,,,,,,,,"Victor Vodnik","24614",680767
"Keider Montero","DET",3,3,2,4.39941,20,6,0,1,,48,207,47,25,23,7,17,,3,40,7.57048,3.14627,2.40617,1.2531,0.195191,0.0811211,0.11407030373811722,0.251079,1.33056,0.287614,0.708283,,,4.50147,0.239065,0.251995,718.5800170898438,,,,,,,170.90000000000003,3.5604166666666672,173,3.6041666666666665,,,,,,,,,,,,,,,,,,,"Keider Montero","22630",672456
"Alex Wood",,2,2,3,4.66337,6,6,0,0,,34,151,35,19,18,5,12,,3,28,7.44463,3.21606,2.31483,1.23189,0.188615,0.0814809,0.10713358223438263,0.25961,1.382,0.297628,0.692073,,,4.60744,0.238849,0.210386,999,,,,,,,110.10000000000002,3.2382352941176475,116,3.411764705882353,,,,,,,,,,,,,,,,,,,"Alex Wood","13781",622072
"Hoby Milner","TEX",2,3,0,3.91608,54,0,0,9,,54,228,52,25,23,6,15,,3,49,8.18386,2.41814,3.38436,1.02224,0.215657,0.0637216,0.1519351527094841,0.246926,1.23113,0.295276,0.708113,,,3.78078,0.238341,0.181671,999,,,,,,,270.6,5.011111111111112,272,5.037037037037037,,,,,,,,,,,,,,,,,,,"Hoby Milner","13346",571948
"Mike Vasil","CHW",4,5,2,4.44173,56,5,1,4,,77,332,79,41,38,11,25,,5,59,6.8681,2.89239,2.37454,1.2356,0.176555,0.0743533,0.10220149159431458,0.259419,1.34394,0.291081,0.70403,,,4.56664,0.236654,0.177363,999,,,,,,,278.1,3.611688311688312,291,3.779220779220779,,,,,,,,,,,,,,,,,,,"Mike Vasil","sa3017915",678024
"Aaron Ashby","MIL",3,3,1,4.00788,38,3,0,1,,53,234,49,26,24,5,27,,3,52,8.87625,4.60256,1.92855,0.86244,0.224253,0.116281,0.10797243565320969,0.238896,1.42722,0.298019,0.728306,,,4.13279,0.233566,0.248745,614.8300170898438,,,,,,,221.30000000000004,4.175471698113208,218,4.113207547169812,,,,,,,,,,,,,,,,,,,"Aaron Ashby","23550",676879
"Justin Wilson","BOS",3,3,0,4.13963,58,0,0,10,,58,253,58,28,27,8,20,,2,60,9.25509,3.1264,2.9603,1.20948,0.235794,0.0796519,0.15614184737205505,0.250191,1.3429,0.305766,0.737895,,,4.00327,0.232561,0.255659,999,,,,,,,274.00000000000006,4.724137931034484,280,4.827586206896552,,,,,,,,,,,,,,,,,,,"Justin Wilson","4301",458677
"Dedniel Núñez","NYM",3,2,0,3.48674,49,0,0,4,,49,204,41,21,19,5,18,,1,55,10.1582,3.31898,3.06063,0.972512,0.27049,0.0883773,0.18211248517036438,0.222549,1.21157,0.288103,0.742262,,,3.47104,0.229368,0.174603,736.969970703125,,,,,,,263.5,5.377551020408164,249,5.081632653061225,,,,,,,,,,,,,,,,,,,"Dedniel Nunez","23055",673380
"Gabe Speier","SEA",3,2,0,3.5698,58,0,0,10,,58,243,51,25,23,7,19,,3,61,9.47624,3.00547,3.153,1.01036,0.251243,0.0796838,0.17155911773443222,0.231362,1.21313,0.291067,0.74594,,,3.69237,0.227753,0.2089,999,,,,,,,306.5,5.2844827586206895,295,5.086206896551724,,,,,,,,,,,,,,,,,,,"Gabe Speier","17170",642100
"Kevin Kelly","TBR",3,3,0,3.63231,57,0,0,11,,57,237,53,25,23,6,14,,5,51,8.03404,2.21737,3.62323,0.887513,0.214251,0.0591328,0.1551186963915825,0.244295,1.18167,0.29489,0.71285,,,3.67682,0.22718,0.236714,999,,,,,,,299.19999999999993,5.249122807017542,296,5.192982456140351,,,,,,,,,,,,,,,,,,,"Kevin Kelly","25679",687330
"Shawn Armstrong","TEX",2,3,0,4.19309,58,0,0,11,,58,248,56,29,27,8,19,,3,56,8.67366,2.88439,3.0071,1.16653,0.225396,0.0749546,0.15044176578521729,0.247002,1.28531,0.296933,0.71119,,,4.03279,0.225856,0.052349,999,,,,,,,275.20000000000005,4.744827586206897,276,4.758620689655173,,,,,,,,,,,,,,,,,,,"Shawn Armstrong","12857",542888
"Michel Otañez","ATH",3,3,0,3.82905,52,0,1,13,,52,227,42,24,22,5,29,,4,64,11.0474,4.99918,2.20984,0.908,0.281545,0.127405,0.15414002537727356,0.214885,1.35595,0.291887,0.737942,,,3.92695,0.221604,0.261617,741.1099853515625,,,,,,,300.09999999999997,5.771153846153846,281,5.403846153846154,,,,,,,,,,,,,,,,,,,"Michel Otanez","22533",671305
"Jakob Junis","CLE",3,3,1,4.21446,62,2,0,11,,70,291,69,35,33,10,16,,3,65,8.42034,2.09306,4.02298,1.31722,0.223351,0.0555188,0.16783227026462555,0.25302,1.22316,0.297987,0.704859,,,4.01939,0.218612,0.110243,647.6300048828125,,,,,,,332.6,4.751428571428572,337,4.814285714285714,,,,,,,,,,,,,,,,,,,"Jakob Junis","13619",596001
"Logan Henderson","MIL",2,2,2,4.35262,15,5,0,1,,34,142,31,17,16,6,10,,1,33,8.83251,2.71522,3.25296,1.52549,0.232574,0.071496,0.1610775664448738,0.241711,1.23933,0.281547,0.721737,,,4.42881,0.217835,0.301754,625.5599975585938,,,,,,,134.20000000000002,3.9470588235294124,129,3.7941176470588234,,,,,,,,,,,,,,,,,,,"Logan Henderson","sa3020080",701656
"Richard Fitts","BOS",3,3,2,4.53332,35,5,0,1,,56,240,59,30,28,8,16,,2,42,6.70395,2.5166,2.66389,1.27019,0.173685,0.0651998,0.10848546028137207,0.26627,1.33771,0.296969,0.698206,,,4.45634,0.217467,0.286506,529.5599975585938,,,,,,,196.6,3.5107142857142857,210,3.75,,,,,,,,,,,,,,,,,,,"Richard Fitts","30160",690916
"Kyle Hart","SDP",5,6,5,4.62927,37,13,0,1,,98,424,101,54,50,15,34,,4,70,6.45015,3.1578,2.04261,1.418,0.165336,0.0809436,0.08439255505800247,0.263034,1.38722,0.286649,0.716143,,,4.96542,0.213839,0.382035,524.5,,,,,,,308.1,3.1438775510204082,325,3.316326530612245,,,,,,,,,,,,,,,,,,,"Kyle Hart","19646",606996
"Joe Boyle","TBR",4,4,2,4.26424,49,5,0,1,,67,296,55,34,32,7,43,,4,78,10.5363,5.75902,1.82952,0.997898,0.26442,0.144529,0.11989045143127441,0.21925,1.45753,0.288747,0.724837,,,4.3609,0.211548,0.110036,570.9000244140625,,,,,,,285.69999999999993,4.264179104477611,263,3.925373134328358,,,,,,,,,,,,,,,,,,,"Joe Boyle","29608",671212
"Daysbel Hernández","ATL",4,3,0,3.77766,58,0,0,11,,58,250,49,26,24,7,28,,4,68,10.6197,4.34999,2.44131,1.00873,0.273727,0.112123,0.16160386055707932,0.225172,1.33101,0.297507,0.745434,,,3.90211,0.210361,0.373997,749.780029296875,,,,,,,299.70000000000005,5.1672413793103456,283,4.879310344827586,,,,,,,,,,,,,,,,,,,"Daysbel Hernandez","20271",678226
"Kenta Maeda","DET",3,4,1,4.39634,63,3,0,5,,77,327,75,41,38,12,22,,3,71,8.29533,2.52913,3.27992,1.36691,0.217542,0.0663254,0.15121634304523468,0.249272,1.25835,0.289921,0.698001,,,4.24594,0.209011,0.0170087,577.8099975585938,,,,,,,314.20000000000005,4.080519480519481,316,4.103896103896104,,,,,,,,,,,,,,,,,,,"Kenta Maeda","18498",628317
"Brock Stewart","MIN",2,1,0,3.14116,50,0,0,1,,50,208,39,19,17,4,20,,2,64,11.5438,3.57343,3.23044,0.807333,0.307788,0.0952774,0.21251076459884644,0.210431,1.18212,0.294843,0.756769,,,3.07688,0.205912,0.183386,750.0700073242188,,,,,,,285.4,5.707999999999999,264,5.28,,,,,,,,,,,,,,,,,,,"Brock Stewart","16727",592779
"John King","STL",4,3,0,3.65239,60,0,0,12,,60,256,63,27,24,5,16,,2,40,6.06206,2.46964,2.45464,0.759634,0.157994,0.0643656,0.09362854063510895,0.265411,1.32378,0.30195,0.729209,,,3.84494,0.20208,0.324416,999,,,,,,,292.7,4.878333333333333,309,5.15,,,,,,,,,,,,,,,,,,,"John King","22051",667463
"Jacob Webb","TEX",3,4,0,4.25804,61,0,0,12,,61,262,54,31,29,8,27,,2,62,9.17807,3.9546,2.32086,1.11157,0.237615,0.102382,0.13523271679878235,0.232872,1.32715,0.286353,0.709939,,,4.17126,0.199899,0.0266419,743.489990234375,,,,,,,297.60000000000014,4.878688524590166,286,4.688524590163935,,,,,,,,,,,,,,,,,,,"Jacob Webb","19274",657097
"Manuel Rodríguez","TBR",4,4,0,3.80833,61,0,2,13,,61,260,56,28,26,6,23,,4,58,8.61186,3.39711,2.53505,0.892372,0.224538,0.0885732,0.13596441596746445,0.241226,1.29703,0.29768,0.722163,,,3.89012,0.198802,0.24444,744.719970703125,,,,,,,329.0000000000001,5.393442622950822,324,5.311475409836065,,,,,,,,,,,,,,,,,,,"Manuel Rodriguez","20794",655889
"Angel Zerpa","KCR",3,2,0,3.86469,59,0,0,12,,59,252,58,28,25,6,20,,3,51,7.74568,3.0381,2.54951,0.943194,0.201709,0.0791165,0.12259215116500854,0.251866,1.31635,0.299238,0.723749,,,3.94932,0.197082,0.300704,750.4000244140625,,,,,,,293,4.966101694915254,298,5.0508474576271185,,,,,,,,,,,,,,,,,,,"Angel Zerpa","22717",672582
"Carlos Carrasco","NYY",3,4,2,4.73139,28,6,0,1,,55,242,59,31,29,9,18,,3,46,7.55577,2.97102,2.54316,1.46577,0.190284,0.0748219,0.11546200513839722,0.268259,1.41256,0.303225,0.712244,,,4.73543,0.196732,0.0559167,687.530029296875,,,,,,,175.9,3.1981818181818182,191,3.4727272727272727,,,,,,,,,,,,,,,,,,,"Carlos Carrasco","6632",471911
"Daniel Lynch IV","KCR",3,3,1,4.34021,53,3,0,4,,68,291,70,35,33,9,21,,3,54,7.21332,2.73303,2.63932,1.16559,0.186566,0.0706873,0.11587892472743988,0.260934,1.33515,0.298463,0.706453,,,4.27586,0.193386,0.283876,670.3300170898438,,,,,,,262.50000000000006,3.8602941176470598,275,4.044117647058823,,,,,,,,,,,,,,,,,,,"Daniel Lynch IV","21537",663738
"Elvis Peguero","MIL",4,3,0,3.84422,56,0,0,9,,56,241,52,26,24,5,23,,3,53,8.45932,3.70575,2.28275,0.830356,0.217955,0.0954788,0.122475765645504,0.239561,1.33442,0.294543,0.721963,,,3.86903,0.192993,0.228924,750.3900146484375,,,,,,,281.7000000000001,5.030357142857144,279,4.982142857142857,,,,,,,,,,,,,,,,,,,"Elvis Peguero","21652",665625
"Chad Green","TOR",5,4,0,3.9359,63,0,4,12,,63,261,57,30,28,9,19,,2,60,8.61319,2.72179,3.16453,1.3,0.230982,0.072991,0.1579909771680832,0.238712,1.21266,0.282408,0.732384,,,4.1207,0.189898,0.275492,480.239990234375,,,,,,,332.30000000000007,5.274603174603175,323,5.126984126984127,,,,,,,,,,,,,,,,,,,"Chad Green","15552",643338
"Scott Alexander","COL",3,3,0,4.11721,56,0,0,9,,56,240,58,28,26,6,18,,3,42,6.82478,2.96412,2.30246,0.909335,0.177234,0.076976,0.1002584844827652,0.264849,1.36289,0.306438,0.713685,,,4.09181,0.188589,0.335568,999,,,,,,,246.8,4.4071428571428575,259,4.625,,,,,,,,,,,,,,,,,,,"Scott Alexander","10591",518397
"Bobby Miller","LAD",3,2,1,4.02645,40,2,0,1,,47,196,42,23,21,6,16,,2,45,8.75686,3.0662,2.85593,1.07713,0.230983,0.0808784,0.15010479092597961,0.238027,1.25043,0.289469,0.707907,,,3.94743,0.186192,0.191038,476.489990234375,,,,,,,204.8,4.357446808510638,197,4.191489361702128,,,,,,,,,,,,,,,,,,,"Bobby Miller","27483",676272
"Forrest Whitley","HOU",3,3,0,3.93907,55,0,0,10,,55,238,49,26,24,6,24,,4,58,9.45022,3.94905,2.39304,0.974074,0.24262,0.101386,0.14123401045799255,0.231673,1.32471,0.291731,0.729095,,,3.98481,0.184093,0.13469,999,,,,,,,277.79999999999995,5.05090909090909,269,4.890909090909091,,,,,,,,,,,,,,,,,,,"Forrest Whitley","19586",666215
"Cionel Pérez","BAL",3,2,0,3.71987,59,0,0,10,,59,255,54,27,24,4,27,,3,53,8.10087,4.08305,1.98403,0.686,0.208178,0.104927,0.10325093567371368,0.241374,1.37543,0.297464,0.728073,,,3.87186,0.177772,0.179609,749.8900146484375,,,,,,,303,5.135593220338983,299,5.067796610169491,,,,,,,,,,,,,,,,,,,"Cionel Perez","19614",672335
"Tony Santillan","CIN",3,4,0,4.38848,60,0,3,11,,60,260,53,31,29,8,28,,4,68,10.2366,4.19947,2.4376,1.26351,0.262427,0.107658,0.15476924926042557,0.23165,1.34642,0.293395,0.718387,,,4.32518,0.177517,0.22105,610.9199829101562,,,,,,,306.8,5.113333333333333,295,4.916666666666667,,,,,,,,,,,,,,,,,,,"Tony Santillan","19926",663574
"Evan Phillips","LAD",3,2,0,3.31127,50,0,0,7,,50,203,41,20,18,5,16,,2,56,10.0868,2.83612,3.55654,0.924948,0.275462,0.0774524,0.1980098932981491,0.218942,1.12854,0.285206,0.738765,,,3.32121,0.176826,0.160419,634.8900146484375,,,,,,,287.9,5.757999999999999,271,5.42,,,,,,,,,,,,,,,,,,,"Evan Phillips","17734",623465
"Paul Sewald","CLE",3,3,0,3.84698,59,0,1,12,,59,244,50,27,25,9,20,,3,66,10.0389,2.9821,3.36638,1.33902,0.2701,0.0802346,0.18986539542675018,0.226963,1.18303,0.282483,0.73832,,,4.00128,0.176569,0.219982,582.0700073242188,,,,,,,311.90000000000003,5.286440677966103,294,4.983050847457627,,,,,,,,,,,,,,,,,,,"Paul Sewald","13892",623149
"Matt Brash","SEA",3,2,0,3.013,50,0,0,1,,50,210,39,18,17,4,22,,2,64,11.6098,3.90405,2.9738,0.766675,0.307129,0.103278,0.20385030657052994,0.20712,1.20418,0.292277,0.771085,,,3.13571,0.175942,0.176791,694.760009765625,,,,,,,279.4,5.587999999999999,258,5.16,,,,,,,,,,,,,,,,,,,"Matt Brash","25756",666374
"Emilio Pagán","CIN",4,4,0,4.51449,65,0,5,11,,65,271,61,35,33,12,21,,2,66,9.16814,2.92747,3.13176,1.62001,0.244281,0.0780012,0.16627957671880722,0.244275,1.2578,0.28735,0.716697,,,4.52691,0.174891,0.164178,720.8300170898438,,,,,,,306.79999999999995,4.719999999999999,301,4.630769230769231,,,,,,,,,,,,,,,,,,,"Emilio Pagan","14771",641941
"Tayler Scott","HOU",4,3,0,3.93318,65,0,1,16,,65,279,59,31,28,8,28,,3,65,9.03519,3.90734,2.31236,1.0392,0.233542,0.100997,0.13254470378160477,0.236779,1.33721,0.29229,0.735477,,,4.11386,0.173317,0.270164,750.1300048828125,,,,,,,335.20000000000005,5.156923076923078,327,5.030769230769231,,,,,,,,,,,,,,,,,,,"Tayler Scott","13652",605463
"Beau Brieske","DET",3,4,0,4.02099,66,0,10,10,,66,280,60,32,29,8,24,,2,62,8.51642,3.27988,2.59656,1.10714,0.22298,0.085875,0.13710474967956543,0.237087,1.27545,0.284142,0.719492,,,4.07665,0.171368,0.224813,471.42999267578125,,,,,,,370.0000000000001,5.606060606060608,362,5.484848484848484,,,,,,,,,,,,,,,,,,,"Beau Brieske","26079",689225
"Patrick Sandoval","BOS",1,1,1,3.81353,8,2,0,1,,15,63,14,7,6,1,6,,1,14,8.71714,3.56462,2.44546,0.854744,0.225531,0.0922246,0.1333068534731865,0.24469,1.34068,0.303779,0.72791,,,3.76652,0.161406,0.189435,748.719970703125,,,,,,,73.30000000000001,4.886666666666668,73,4.866666666666666,,,,,,,,,,,,,,,,,,,"Patrick Sandoval","19447",663776
"Carson Whisenhunt","SFG",1,1,1,4.01289,13,3,0,1,,26,113,25,13,12,3,10,,1,25,8.61912,3.45833,2.49228,1.05707,0.221577,0.0889054,0.13267174363136292,0.241878,1.32551,0.292511,0.725147,,,4.07006,0.160862,0.163374,999,,,,,,,111.5,4.288461538461538,112,4.3076923076923075,,,,,,,,,,,,,,,,,,,"Carson Whisenhunt","sa3020529",687931
"Trent Thornton","SEA",3,3,0,3.73154,67,0,0,14,,67,281,61,30,28,9,20,,3,66,8.83544,2.70192,3.27006,1.18215,0.233979,0.0715518,0.16242707520723343,0.23798,1.21642,0.286771,0.744687,,,3.94796,0.160054,0.239623,750.0599975585938,,,,,,,345.5,5.156716417910448,337,5.029850746268656,,,,,,,,,,,,,,,,,,,"Trent Thornton","17948",663423
"JT Brubaker","NYY",3,3,1,4.45971,45,3,0,1,,59,252,58,31,29,9,19,,3,56,8.52247,2.88229,2.95684,1.43403,0.220611,0.0746104,0.14600033313035965,0.250287,1.30018,0.292136,0.712803,,,4.47543,0.156136,0.102799,999,,,,,,,225.10000000000002,3.815254237288136,228,3.864406779661017,,,,,,,,,,,,,,,,,,,"JT Brubaker","17578",664141
"Seth Halvorsen","COL",4,5,0,4.66944,63,0,10,8,,63,276,63,35,33,8,27,,4,58,8.26473,3.82221,2.16229,1.20472,0.209299,0.096795,0.112503781914711,0.255922,1.42302,0.303456,0.700877,,,4.52982,0.154526,0.352613,361.1700134277344,,,,,,,309.00000000000006,4.904761904761906,316,5.015873015873016,,,,,,,,,,,,,,,,,,,"Seth Halvorsen","33294",678020
"Caden Dana","LAA",2,3,3,4.91608,6,6,0,0,,35,151,35,20,19,6,13,,2,29,7.60759,3.39394,2.24152,1.53255,0.194314,0.0866884,0.10762548446655273,0.256441,1.38135,0.287523,0.697425,,,4.99175,0.154415,0.192146,645.7899780273438,,,,,,,107.19999999999999,3.0628571428571427,110,3.142857142857143,,,,,,,,,,,,,,,,,,,"Caden Dana","31508",702674
"Valente Bellozo","MIA",3,5,3,4.91146,25,10,0,1,,69,299,74,40,37,12,23,,2,49,6.43668,2.99523,2.14898,1.52441,0.164048,0.0763377,0.08771048486232758,0.271093,1.41567,0.293737,0.705148,,,5.03355,0.153924,0.310921,749.260009765625,,,,,,,197.6,2.8637681159420287,216,3.130434782608696,,,,,,,,,,,,,,,,,,,"Valente Bellozo","23899",678368
"Nate Pearson","CHC",3,3,0,3.97229,63,0,0,11,,63,267,55,30,28,8,25,,3,69,9.90035,3.54908,2.78956,1.18608,0.259427,0.0929994,0.1664278507232666,0.229502,1.26641,0.28827,0.732491,,,4.00086,0.151925,0.147142,707.5,,,,,,,322.80000000000007,5.123809523809525,309,4.904761904761905,,,,,,,,,,,,,,,,,,,"Nate Pearson","20160",663878
"Brandon Sproat","NYM",1,1,1,4.22863,3,3,0,0,,16,71,16,8,8,2,6,,1,14,7.83231,3.39009,2.31035,1.15249,0.201845,0.0873654,0.11447964608669281,0.246831,1.33917,0.287629,0.716045,,,4.32697,0.15119,0.162932,999,,,,,,,59.20000000000001,3.7000000000000006,61,3.8125,,,,,,,,,,,,,,,,,,,"Brandon Sproat","sa3023499",687075
"Noah Cameron","KCR",2,2,1,4.05073,38,2,0,1,,44,189,44,22,20,6,13,,2,40,8.01351,2.61841,3.06046,1.14133,0.209605,0.0684882,0.14111685752868652,0.250288,1.27168,0.294331,0.718326,,,4.02273,0.150426,0.137584,637.239990234375,,,,,,,176.4,4.009090909090909,181,4.113636363636363,,,,,,,,,,,,,,,,,,,"Noah Cameron","sa3018097",702070
"Sawyer Gipson-Long","DET",2,2,1,3.97867,30,2,0,1,,37,154,35,18,16,5,10,,2,34,8.2359,2.48224,3.31793,1.13257,0.217415,0.0655273,0.15188759565353394,0.244663,1.22666,0.289942,0.712867,,,3.94011,0.149196,0.170212,719.469970703125,,,,,,,157.3,4.251351351351351,156,4.216216216216216,,,,,,,,,,,,,,,,,,,"Sawyer Gipson-Long","26048",687830
"Adam Ottavino",,2,1,0,4.06089,31,0,0,0,,31,133,27,15,14,3,13,,3,32,9.35579,3.79012,2.46847,0.9605,0.242128,0.0980882,0.14403952658176422,0.233563,1.30371,0.294721,0.705334,,,4.01838,0.146423,0.129784,999,,,,,,,138.29999999999995,4.461290322580644,132,4.258064516129032,,,,,,,,,,,,,,,,,,,"Adam Ottavino","1247",493603
"Carson Spiers","CIN",2,3,1,4.94388,36,3,0,1,,52,229,55,31,29,9,17,,3,45,7.79875,3.00749,2.59311,1.53592,0.198311,0.0764761,0.12183456122875214,0.262767,1.37845,0.297455,0.692976,,,4.83812,0.146223,0.113869,739.8900146484375,,,,,,,165.10000000000002,3.1750000000000003,177,3.4038461538461537,,,,,,,,,,,,,,,,,,,"Carson Spiers","27685",686730
"Shinnosuke Ogasawara","WSN",0,0,2,4.92388,41,6,0,0,,61,282,61,36,33,9,26,,4,56,8.34251,3.79466,2.19849,1.33004,0.200554,0.0912235,0.10933031886816025,0.241805,1.42218,0.2784,0.682443,,,4.68603,0.145583,0.016678,721.4600219726562,,,,,,,204.1000000000001,3.345901639344264,210,3.442622950819672,,,,,,,,,,,,,,,,,,,"Shinnosuke Ogasawara","sa3058454",829272
"Slade Cecconi","CLE",3,3,1,4.14998,43,2,0,1,,50,208,48,25,23,7,11,,2,45,8.17341,2.04491,3.99695,1.32099,0.217147,0.0543283,0.16281886398792267,0.248265,1.19706,0.288638,0.704486,,,4.0854,0.145052,0.150253,696.489990234375,,,,,,,214.09999999999997,4.281999999999999,214,4.28,,,,,,,,,,,,,,,,,,,"Slade Cecconi","27500",677944
"Jorge López","WSN",3,3,0,4.14163,60,0,5,11,,60,260,59,30,28,7,22,,5,53,7.88111,3.26664,2.41261,1.01889,0.202205,0.0838119,0.1183931827545166,0.251753,1.34218,0.29855,0.715308,,,4.20997,0.14068,0.163683,560.719970703125,,,,,,,298.5,4.975,303,5.05,,,,,,,,,,,,,,,,,,,"Jorge Lopez","14527",605347
"Keaton Winn","SFG",3,4,1,3.98098,48,2,0,1,,54,231,52,26,24,6,16,,3,50,8.22644,2.64407,3.11128,0.961597,0.215456,0.0692501,0.1462063193321228,0.245102,1.24675,0.295109,0.696765,,,3.7904,0.13766,0.0990662,716.8599853515625,,,,,,,237.60000000000002,4.4,239,4.425925925925926,,,,,,,,,,,,,,,,,,,"Keaton Winn","23499",676775
"Bryan King","HOU",2,2,0,3.82505,62,0,0,13,,62,268,56,29,26,7,26,,4,62,8.99113,3.84143,2.34057,1.02791,0.231287,0.0988164,0.13247016072273254,0.237039,1.33433,0.292159,0.741789,,,4.12589,0.1364,0.267345,999,,,,,,,313.0999999999999,5.049999999999999,305,4.919354838709677,,,,,,,,,,,,,,,,,,,"Bryan King","25890",687911
"Brady Basso","ATH",2,2,1,3.90463,32,2,0,1,,38,161,37,18,17,5,10,,1,35,8.20919,2.44692,3.35491,1.21686,0.217866,0.0649395,0.15292683988809586,0.245753,1.22574,0.288865,0.728885,,,4.01573,0.133321,0.0962231,999,,,,,,,164.5,4.328947368421052,166,4.368421052631579,,,,,,,,,,,,,,,,,,,"Brady Basso","25582",669620
"Jonathan Loáisiga","NYY",4,2,0,3.44438,40,0,0,1,,40,166,37,17,15,3,11,,2,34,7.66989,2.52486,3.03775,0.758412,0.20488,0.0674447,0.1374353989958763,0.241695,1.20813,0.290663,0.729116,,,3.52269,0.133188,0.088943,750.0800170898438,,,,,,,195.90000000000003,4.897500000000001,194,4.85,,,,,,,,,,,,,,,,,,,"Jonathan Loaisiga","19753",642528
"Landon Knack","LAD",2,2,1,4.22521,38,2,0,1,,44,187,42,22,21,7,14,,1,44,8.81246,2.82871,3.11537,1.3844,0.232295,0.0745641,0.15773049741983414,0.241402,1.24825,0.285148,0.721596,,,4.24681,0.132851,0.0948996,582.969970703125,,,,,,,177.3,4.029545454545455,176,4,,,,,,,,,,,,,,,,,,,"Landon Knack","27487",689017
"Anthony Banda","LAD",3,2,0,4.07186,57,0,0,13,,57,246,54,28,26,7,22,,3,56,8.84007,3.49653,2.52824,1.15451,0.227143,0.0898423,0.13730067014694214,0.243188,1.33364,0.294264,0.73404,,,4.18317,0.132708,0.112384,999,,,,,,,284.29999999999995,4.987719298245613,283,4.964912280701754,,,,,,,,,,,,,,,,,,,"Anthony Banda","14706",607455
"Joey Wentz","PIT",3,3,0,4.25343,65,0,0,12,,65,282,62,33,31,8,27,,2,64,8.89399,3.7283,2.38553,1.14319,0.227798,0.0954915,0.1323065608739853,0.244713,1.36713,0.297219,0.722986,,,4.17417,0.132116,0.152337,999,,,,,,,310.40000000000003,4.775384615384616,310,4.769230769230769,,,,,,,,,,,,,,,,,,,"Joey Wentz","19962",666214
"José Suarez","ATL",3,3,1,4.14787,48,2,0,1,,55,237,53,28,25,7,20,,3,54,8.71763,3.2355,2.69437,1.12602,0.226082,0.083909,0.14217288047075272,0.245038,1.30947,0.296382,0.71525,,,4.07837,0.130014,0.0855058,999,,,,,,,226.09999999999997,4.11090909090909,227,4.127272727272727,,,,,,,,,,,,,,,,,,,"Jose Suarez","19911",660761
"Joe Ross","PHI",3,3,1,4.36944,56,2,0,6,,63,271,62,33,30,8,23,,3,55,7.90631,3.2951,2.39941,1.19563,0.203154,0.084668,0.11848563700914383,0.251679,1.3502,0.293657,0.710678,,,4.37898,0.128796,0.0629402,740.280029296875,,,,,,,262.6000000000001,4.168253968253969,267,4.238095238095238,,,,,,,,,,,,,,,,,,,"Joe Ross","12972",605452
"Nick Nastrini","CHW",4,7,5,5.34252,25,15,0,1,,83,373,82,53,49,14,45,,4,72,7.77472,4.93167,1.57649,1.50471,0.19201,0.121796,0.07021377235651016,0.254553,1.54209,0.287697,0.69428,,,5.39323,0.128722,-0.0678503,999,,,,,,,229.80000000000007,2.7686746987951816,234,2.819277108433735,,,,,,,,,,,,,,,,,,,"Nick Nastrini","29833",680897
"Tommy Kahnle","DET",2,2,0,3.7752,58,0,2,10,,58,245,50,27,24,6,25,,3,59,9.19997,3.93506,2.33795,0.952401,0.242079,0.103543,0.1385354921221733,0.229131,1.2944,0.287552,0.726753,,,3.94293,0.125754,0.178624,606.8800048828125,,,,,,,309.40000000000003,5.33448275862069,296,5.103448275862069,,,,,,,,,,,,,,,,,,,"Tommy Kahnle","11384",592454
"Ryne Stanek","NYM",4,3,0,3.84146,58,0,0,12,,58,246,48,27,25,7,27,,2,66,10.1726,4.13753,2.45863,1.10854,0.2667,0.108475,0.15822520852088928,0.222189,1.29027,0.284709,0.741383,,,4.00731,0.125511,0.168891,746.7100219726562,,,,,,,311.3,5.367241379310345,292,5.0344827586206895,,,,,,,,,,,,,,,,,,,"Ryne Stanek","15947",592773
"Graham Ashcraft","CIN",3,3,0,4.40895,55,0,3,4,,55,237,56,29,27,7,16,,3,46,7.46087,2.66059,2.80421,1.10126,0.192659,0.0687033,0.12395529448986053,0.259981,1.32188,0.301692,0.689785,,,4.16553,0.121506,0.056441,701.9299926757812,,,,,,,241.29999999999998,4.387272727272727,250,4.545454545454546,,,,,,,,,,,,,,,,,,,"Graham Ashcraft","27552",668933
"John Brebbia","DET",3,3,0,4.14304,57,0,0,9,,57,243,53,28,26,8,19,,2,61,9.70221,2.96069,3.27701,1.3067,0.253109,0.0772378,0.1758708879351616,0.2395,1.26017,0.29495,0.721291,,,4.01096,0.120983,0.0418947,999,,,,,,,280.59999999999997,4.922807017543859,276,4.842105263157895,,,,,,,,,,,,,,,,,,,"John Brebbia","12777",605154
"Tyler Kinley","COL",3,4,0,4.72063,64,0,17,7,,64,278,62,36,34,10,27,,3,67,9.415,3.85607,2.44161,1.38722,0.240509,0.0985045,0.1420048177242279,0.249307,1.39592,0.303438,0.707312,,,4.48479,0.119661,0.325136,492.94000244140625,,,,,,,346.40000000000003,5.4125000000000005,347,5.421875,,,,,,,,,,,,,,,,,,,"Tyler Kinley","18297",641755
"Cooper Criswell","BOS",2,2,1,4.42089,24,2,0,1,,31,132,32,16,15,4,8,,3,23,6.83204,2.4565,2.78121,1.04091,0.175486,0.0630971,0.11238907277584076,0.267116,1.33353,0.305236,0.68595,,,4.21761,0.118088,0.0762848,750.0700073242188,,,,,,,113.99999999999999,3.677419354838709,120,3.870967741935484,,,,,,,,,,,,,,,,,,,"Cooper Criswell","24975",681867
"Dane Dunning","TEX",1,2,1,4.33898,20,2,0,1,,27,116,26,14,13,3,9,,1,24,8.13369,3.03406,2.6808,1.17016,0.209773,0.0782503,0.1315227448940277,0.250765,1.31901,0.295602,0.700915,,,4.22699,0.112635,0.050437,737.219970703125,,,,,,,117.30000000000001,4.344444444444445,118,4.37037037037037,,,,,,,,,,,,,,,,,,,"Dane Dunning","19409",641540
"Chase Silseth","LAA",3,3,1,4.1662,48,2,0,1,,54,230,51,27,25,7,21,,3,52,8.73823,3.48069,2.51049,1.21083,0.227298,0.0905392,0.13675857335329056,0.244215,1.32412,0.293771,0.725509,,,4.27331,0.111377,0.113955,737.280029296875,,,,,,,216.9,4.016666666666667,215,3.9814814814814814,,,,,,,,,,,,,,,,,,,"Chase Silseth","30074",681217
"Fraser Ellard","CHW",3,5,0,4.28509,63,0,2,14,,63,277,58,32,30,7,31,,5,61,8.7857,4.4931,1.95538,1.0386,0.221725,0.113392,0.10833234339952469,0.241449,1.42424,0.295534,0.721259,,,4.42925,0.109533,0.116881,749.280029296875,,,,,,,309.3,4.90952380952381,304,4.825396825396825,,,,,,,,,,,,,,,,,,,"Fraser Ellard","29530",686642
"Abner Uribe","MIL",3,2,0,3.58334,55,0,0,7,,55,234,42,24,22,5,31,,3,65,10.7168,5.13585,2.08666,0.792769,0.279714,0.134049,0.1456654965877533,0.209584,1.33174,0.286069,0.73926,,,3.80686,0.106675,0.122159,623.8900146484375,,,,,,,292.3,5.3145454545454545,266,4.836363636363636,,,,,,,,,,,,,,,,,,,"Abner Uribe","25327",682842
"Taijuan Walker","PHI",4,5,2,4.83775,53,5,0,1,,74,323,77,43,40,12,26,,3,54,6.54533,3.11717,2.09976,1.4165,0.167536,0.079788,0.08774791657924652,0.263615,1.38797,0.288338,0.693789,,,4.92694,0.105931,0.0437142,742.3499755859375,,,,,,,224.8,3.037837837837838,239,3.22972972972973,,,,,,,,,,,,,,,,,,,"Taijuan Walker","11836",592836
"Declan Cronin","MIA",2,2,0,3.94146,50,0,0,4,,50,218,50,24,22,4,19,,3,43,7.75735,3.45828,2.24312,0.780654,0.197825,0.0881917,0.10963290929794312,0.253862,1.37637,0.305929,0.71898,,,3.91703,0.100388,0.125471,999,,,,,,,226.8,4.5360000000000005,234,4.68,,,,,,,,,,,,,,,,,,,"Declan Cronin","25645",686539
"José Ruiz","PHI",3,3,0,4.27062,62,0,0,11,,62,266,58,32,29,8,25,,2,61,8.87708,3.57286,2.48458,1.22079,0.230114,0.0926168,0.1374974474310875,0.242443,1.331,0.292387,0.720235,,,4.2586,0.0995043,0.0671863,999,,,,,,,294.59999999999997,4.751612903225806,291,4.693548387096774,,,,,,,,,,,,,,,,,,,"Jose Ruiz","14552",614179
"Alek Manoah","TOR",1,1,1,4.13953,10,2,0,1,,17,71,15,8,8,2,6,,1,16,8.57721,3.29044,2.60671,1.14775,0.223415,0.0857077,0.13770736008882523,0.236063,1.2672,0.282636,0.70731,,,4.25748,0.0990525,0.145472,749.1799926757812,,,,,,,77.20000000000002,4.541176470588236,74,4.352941176470588,,,,,,,,,,,,,,,,,,,"Alek Manoah","26410",666201
"Jairo Iriarte","CHW",2,3,2,4.98479,20,6,0,1,,49,221,49,29,27,7,24,,5,42,7.65807,4.33652,1.76595,1.30278,0.18946,0.107285,0.08217506855726242,0.255742,1.48209,0.293429,0.692539,,,5.08642,0.0987116,0.0542929,999,,,,,,,150.1,3.063265306122449,155,3.163265306122449,,,,,,,,,,,,,,,,,,,"Jairo Iriarte","26907",683568
"Jacob Waguespack","TBR",2,2,1,4.14776,38,2,0,1,,45,194,43,22,21,6,17,,2,43,8.73814,3.48604,2.50661,1.1379,0.224593,0.0896006,0.13499277085065842,0.246287,1.34461,0.297847,0.723611,,,4.17667,0.0964637,0.118785,999,,,,,,,180.39999999999998,4.0088888888888885,180,4,,,,,,,,,,,,,,,,,,,"Jacob Waguespack","18318",621097
"Robby Snelling","MIA",1,1,1,4.67969,3,3,0,0,,17,73,18,9,9,2,7,,0,12,6.63096,3.53905,1.87366,1.22394,0.167135,0.0892028,0.07793260365724564,0.266878,1.457,0.298012,0.706085,,,4.72755,0.0961109,0.182962,999,,,,,,,57.40000000000002,3.3764705882352954,62,3.6470588235294117,,,,,,,,,,,,,,,,,,,"Robby Snelling","sa3020707",702281
"Craig Kimbrel","ATL",4,4,0,3.92792,50,0,0,4,,50,213,41,24,22,6,24,,3,61,11.011,4.29974,2.56085,1.08441,0.287466,0.112254,0.17521201074123383,0.21903,1.29048,0.292498,0.729505,,,3.92205,0.0959223,0.107333,712.0700073242188,,,,,,,246.6,4.9319999999999995,229,4.58,,,,,,,,,,,,,,,,,,,"Craig Kimbrel","6655",518886
"Brusdar Graterol","LAD",2,1,0,3.33917,28,0,0,1,,28,115,26,11,10,2,8,,1,24,7.62242,2.43693,3.12788,0.700167,0.205779,0.0657885,0.13999010622501373,0.241904,1.18834,0.292769,0.729881,,,3.45187,0.0943714,0.0959178,999,,,,,,,140.00000000000003,5.000000000000001,139,4.964285714285714,,,,,,,,,,,,,,,,,,,"Brusdar Graterol","20367",660813
"Josh Sborz","TEX",2,2,0,3.78532,38,0,3,1,,38,161,33,17,16,4,15,,1,42,9.8331,3.53164,2.78429,0.964899,0.258167,0.0927228,0.16544421017169952,0.230452,1.27336,0.29499,0.733863,,,3.60288,0.0934985,0.0593603,999,,,,,,,201.2,5.294736842105263,193,5.078947368421052,,,,,,,,,,,,,,,,,,,"Josh Sborz","18323",622250
"Jake Bloss","TOR",2,2,2,4.74007,18,5,0,1,,36,159,37,21,19,6,14,,1,30,7.29968,3.41528,2.13736,1.43266,0.18596,0.0870043,0.09895525127649307,0.257547,1.39716,0.287972,0.707853,,,4.84412,0.0930362,0.0682274,725.1699829101562,,,,,,,115.40000000000002,3.205555555555556,121,3.361111111111111,,,,,,,,,,,,,,,,,,,"Jake Bloss","33168",814005
"Ian Seymour","TBR",2,2,1,4.36487,20,3,0,1,,34,147,33,18,17,5,12,,2,31,8.06587,3.10594,2.59692,1.31341,0.208353,0.080231,0.12812219560146332,0.248467,1.31049,0.288212,0.71091,,,4.5193,0.0924191,0.0848333,735.6699829101562,,,,,,,128.3,3.7735294117647062,129,3.7941176470588234,,,,,,,,,,,,,,,,,,,"Ian Seymour","sa3014512",693855
"Joe Rock","TBR",2,2,1,4.12224,21,2,0,1,,28,121,29,14,13,4,8,,1,23,7.45885,2.63076,2.83524,1.15809,0.193709,0.0683217,0.12538691610097885,0.256551,1.30309,0.295765,0.718002,,,4.19722,0.091406,0.0390198,999,,,,,,,105.6,3.7714285714285714,111,3.9642857142857144,,,,,,,,,,,,,,,,,,,"Joe Rock","sa3017755",697812
"Danny Young","NYM",3,3,0,3.95868,56,0,0,10,,56,245,48,27,25,5,26,,7,61,9.81559,4.25408,2.30733,0.844399,0.24924,0.108021,0.1412193924188614,0.226342,1.32688,0.293639,0.706554,,,4.01036,0.0906792,0.0651873,999,,,,,,,291.1000000000001,5.198214285714287,278,4.964285714285714,,,,,,,,,,,,,,,,,,,"Danny Young","18439",664849
"Carlos Hernández","PHI",2,3,0,4.18238,50,0,0,4,,50,214,45,25,23,6,21,,2,49,8.82639,3.86618,2.28297,1.07744,0.229293,0.100436,0.12885682284832,0.23562,1.32852,0.28703,0.711926,,,4.14704,0.0903318,0.0616318,999,,,,,,,224.2,4.484,217,4.34,,,,,,,,,,,,,,,,,,,"Carlos Hernandez","22713",672578
"Andrew Nardi","MIA",2,2,0,3.61269,39,0,0,1,,39,164,32,17,16,5,16,,2,48,11.16,3.59728,3.10235,1.12334,0.29427,0.094854,0.19941599667072296,0.220769,1.23071,0.294328,0.753269,,,3.65805,0.0900535,0.100314,749.0399780273438,,,,,,,189.90000000000003,4.86923076923077,176,4.512820512820513,,,,,,,,,,,,,,,,,,,"Andrew Nardi","25942",677053
"Justin Anderson","CHW",3,3,0,4.38616,62,0,4,11,,62,272,58,32,30,8,29,,3,64,9.23894,4.2437,2.17709,1.21843,0.234092,0.107525,0.1265670210123062,0.242942,1.41045,0.29729,0.727009,,,4.43452,0.0900507,0.0657905,701.3599853515625,,,,,,,305.59999999999997,4.929032258064516,302,4.870967741935484,,,,,,,,,,,,,,,,,,,"Justin Anderson","16201",605121
"Trevor Rogers","BAL",1,1,1,4.15368,17,2,0,1,,23,101,23,12,11,3,8,,1,20,7.87495,3.2223,2.44389,1.07699,0.202991,0.0830607,0.11993049830198288,0.25231,1.3454,0.297296,0.719254,,,4.16379,0.0891388,0.0907627,717.989990234375,,,,,,,90.50000000000001,3.9347826086956528,93,4.043478260869565,,,,,,,,,,,,,,,,,,,"Trevor Rogers","22286",669432
"Allan Winans","NYY",1,1,1,4.49224,2,2,0,0,,10,41,10,5,5,1,3,,1,7,6.86147,2.38505,2.87686,1.31256,0.17862,0.0620884,0.11653144285082817,0.258528,1.28499,0.28782,0.691388,,,4.50618,0.0886831,0.113026,999,,,,,,,37.7,3.7700000000000005,39,3.9,,,,,,,,,,,,,,,,,,,"Allan Winans","21238",642216
"Ryan Burr","TOR",3,2,0,3.55313,44,0,0,1,,44,185,39,19,17,5,15,,1,49,10.0043,3.10775,3.21914,1.10232,0.264716,0.0822319,0.18248442560434341,0.229583,1.22342,0.291665,0.76167,,,3.65854,0.0873486,0.0796031,999,,,,,,,216.70000000000002,4.925000000000001,209,4.75,,,,,,,,,,,,,,,,,,,"Ryan Burr","17536",621114
"Hans Crouse","LAA",3,4,0,4.23498,52,0,0,4,,52,224,44,26,24,7,26,,2,61,10.5389,4.5457,2.31843,1.22262,0.272094,0.117361,0.15473292768001556,0.22387,1.34678,0.287759,0.728555,,,4.22203,0.0846365,0.0489504,999,,,,,,,238.30000000000004,4.582692307692309,223,4.288461538461538,,,,,,,,,,,,,,,,,,,"Hans Crouse","22192",668968
"Caleb Kilian","CHC",1,1,1,4.38944,21,2,0,1,,28,119,28,14,13,3,10,,1,21,6.91463,3.14932,2.1956,1.06173,0.177032,0.0806306,0.09640173614025116,0.258581,1.36894,0.294986,0.700404,,,4.36061,0.0841704,0.134776,749.0399780273438,,,,,,,110.50000000000001,3.946428571428572,114,4.071428571428571,,,,,,,,,,,,,,,,,,,"Caleb Kilian","26213",668873
"Ronny Henriquez","MIA",2,3,0,4.16916,56,0,0,9,,56,242,56,28,26,7,20,,3,47,7.60301,3.15431,2.41036,1.053,0.195366,0.0810527,0.1143135204911232,0.254575,1.34943,0.297733,0.714048,,,4.19812,0.0815616,0.133238,999,,,,,,,243.70000000000007,4.3517857142857155,250,4.464285714285714,,,,,,,,,,,,,,,,,,,"Ronny Henriquez","24094",678692
"Ryan Gusto","HOU",3,3,1,4.47226,39,3,0,1,,54,234,54,29,27,8,19,,2,44,7.2898,3.11948,2.33686,1.30703,0.187488,0.0802308,0.10725748538970947,0.255812,1.35231,0.289119,0.710716,,,4.60069,0.0811708,0.056279,750.5399780273438,,,,,,,189.80000000000004,3.5148148148148155,195,3.611111111111111,,,,,,,,,,,,,,,,,,,"Ryan Gusto","sa3011818",687473
"Matt Manning","DET",2,2,1,4.14933,26,2,0,1,,33,138,31,16,15,4,10,,1,27,7.44618,2.84887,2.61373,1.16622,0.195702,0.0748745,0.12082716077566147,0.248376,1.28074,0.285332,0.710266,,,4.23314,0.0809651,0.140265,744.5599975585938,,,,,,,139.40000000000006,4.224242424242426,138,4.181818181818182,,,,,,,,,,,,,,,,,,,"Matt Manning","20369",666159
"Jake Cousins","NYY",2,2,0,3.92452,46,0,0,4,,46,196,37,22,20,6,22,,5,55,10.727,4.29001,2.50046,1.1285,0.279797,0.111898,0.16789870709180832,0.217986,1.27983,0.28632,0.727981,,,4.13878,0.0795301,0.0612103,999,,,,,,,215.40000000000003,4.682608695652175,197,4.282608695652174,,,,,,,,,,,,,,,,,,,"Jake Cousins","21620",664776
"Craig Yoho","MIL",3,3,0,3.72446,51,0,0,1,,51,216,43,23,21,6,21,,4,58,10.1972,3.6624,2.7843,1.07323,0.26777,0.0961714,0.17159844189882278,0.222261,1.24149,0.285829,0.737016,,,3.88009,0.0791448,0.0904867,999,,,,,,,236.8,4.643137254901961,222,4.352941176470588,,,,,,,,,,,,,,,,,,,"Craig Yoho","sa3023032",684974
"Justin Topa","MIN",3,2,0,3.86497,52,0,0,7,,52,223,51,24,22,5,18,,4,45,7.75391,3.0578,2.53578,0.784659,0.200927,0.0792367,0.12169016897678375,0.251596,1.31525,0.303334,0.7158,,,3.80874,0.0787593,0.0563078,999,,,,,,,242.70000000000002,4.667307692307693,247,4.75,,,,,,,,,,,,,,,,,,,"Justin Topa","15145",623437
"Penn Murfee","CHW",3,4,0,4.45633,60,0,3,11,,60,260,58,32,30,8,23,,3,56,8.34889,3.4956,2.3884,1.2264,0.214439,0.0897834,0.12465519458055496,0.248033,1.35122,0.293323,0.703509,,,4.41514,0.0777648,-0.0719305,748.8900146484375,,,,,,,287.8,4.796666666666667,289,4.816666666666666,,,,,,,,,,,,,,,,,,,"Penn Murfee","25174",682171
"Patrick Murphy","TEX",3,3,0,4.02347,60,0,0,5,,60,259,57,29,27,7,25,,3,57,8.50491,3.70624,2.29475,1.019,0.219332,0.09558,0.12375237792730331,0.246827,1.36107,0.299909,0.728095,,,4.13628,0.0774364,0.0667531,999,,,,,,,259.7,4.328333333333333,259,4.316666666666666,,,,,,,,,,,,,,,,,,,"Patrick Murphy","19712",641907
"Connor Gillispie","MIA",3,5,2,4.73857,49,5,0,1,,74,324,75,42,39,11,29,,4,60,7.2527,3.50001,2.0722,1.3801,0.183597,0.0886002,0.09499697387218475,0.259008,1.41033,0.290872,0.707955,,,4.88502,0.0773547,0.15178,999,,,,,,,242.3,3.2743243243243243,252,3.4054054054054053,,,,,,,,,,,,,,,,,,,"Connor Gillispie","26171",687362
"Brenan Hanifee","DET",2,2,0,3.842,55,0,0,6,,55,233,55,26,23,6,15,,2,43,6.99216,2.39087,2.92453,0.920033,0.183339,0.0626901,0.12064901739358902,0.254582,1.26658,0.294413,0.711964,,,3.85924,0.0753655,0.028898,999,,,,,,,249.2,4.53090909090909,256,4.654545454545454,,,,,,,,,,,,,,,,,,,"Brenan Hanifee","22304",669724
"Joe Jiménez","ATL",1,1,0,3.48212,25,0,0,1,,25,103,21,10,10,3,8,,1,30,10.6684,2.96877,3.59353,0.986311,0.286919,0.0798431,0.2070758417248726,0.22208,1.1635,0.294472,0.737944,,,3.3533,0.0742155,0.0873165,999,,,,,,,130.5,5.22,123,4.92,,,,,,,,,,,,,,,,,,,"Joe Jimenez","15761",641729
"Joely Rodríguez","BOS",1,1,0,4.11823,24,0,0,0,,24,105,25,12,11,2,9,,1,21,7.77104,3.46347,2.24371,0.924751,0.198049,0.0882685,0.10978084802627563,0.259283,1.40611,0.308993,0.721896,,,4.03804,0.0738674,0.0565082,999,,,,,,,100.00000000000003,4.166666666666668,106,4.416666666666667,,,,,,,,,,,,,,,,,,,"Joely Rodriguez","11487",570257
"Kody Funderburk","MIN",2,2,0,3.84667,48,0,0,1,,48,207,44,22,21,5,20,,3,48,9.04164,3.67671,2.45917,0.868123,0.232709,0.0946293,0.13808010518550873,0.238557,1.32462,0.299238,0.724091,,,3.84189,0.0735243,0.0568885,999,,,,,,,210.30000000000004,4.3812500000000005,206,4.291666666666667,,,,,,,,,,,,,,,,,,,"Kody Funderburk","24993",681892
"Brennan Bernardino","BOS",3,2,0,3.94495,55,0,0,7,,55,238,51,26,24,6,21,,5,55,8.97009,3.51768,2.55,0.938339,0.23056,0.0904158,0.14014433324337006,0.243362,1.32513,0.303135,0.718765,,,3.9799,0.0735149,0.0995936,999,,,,,,,260.6,4.738181818181818,257,4.672727272727273,,,,,,,,,,,,,,,,,,,"Brennan Bernardino","16835",657514
"Cristian Mena","ARI",1,1,1,4.12835,16,2,0,1,,23,98,22,11,10,3,9,,1,20,8.10147,3.5084,2.30917,1.09767,0.208448,0.0902697,0.11817801743745804,0.249534,1.35946,0.29601,0.726745,,,4.24948,0.0718993,0.179143,999,,,,,,,90.10000000000001,3.9173913043478263,90,3.9130434782608696,,,,,,,,,,,,,,,,,,,"Cristian Mena","27974",691441
"Brooks Raley",,1,1,0,3.93874,20,0,0,0,,20,86,18,9,9,2,8,,1,20,9.05266,3.70173,2.44552,1.03496,0.234845,0.0960308,0.13881438970565796,0.236614,1.31107,0.292626,0.732524,,,4.09082,0.0717394,0.161108,999,,,,,,,89.60000000000001,4.48,87,4.35,,,,,,,,,,,,,,,,,,,"Brooks Raley","10061",548384
"Joey Estes","ATH",6,9,7,4.97212,29,19,0,1,,116,495,119,68,64,22,31,,8,86,6.68244,2.38726,2.7992,1.6843,0.173825,0.062098,0.111727025359869,0.260619,1.29085,0.278963,0.682522,,,5.1231,0.0712442,0.0988993,726.4000244140625,,,,,,,337.4000000000001,2.9086206896551734,353,3.043103448275862,,,,,,,,,,,,,,,,,,,"Joey Estes","26257",683155
"Connor Thomas","MIL",3,3,0,3.98534,54,0,0,4,,54,230,56,26,24,6,14,,3,39,6.4865,2.36432,2.7435,1.01206,0.169277,0.061701,0.10757562890648842,0.260556,1.29138,0.294149,0.712292,,,4.11586,0.0711194,0.0996495,999,,,,,,,223.20000000000002,4.133333333333334,235,4.351851851851852,,,,,,,,,,,,,,,,,,,"Connor Thomas","sa3010784",671162
"Colton Gordon","HOU",1,1,1,4.22295,14,2,0,1,,21,89,20,10,10,3,7,,1,18,7.83569,2.97353,2.63515,1.29492,0.203395,0.0771854,0.1262098178267479,0.249523,1.30385,0.287373,0.725495,,,4.4333,0.0704411,0.148759,999,,,,,,,82.5,3.9285714285714284,82,3.9047619047619047,,,,,,,,,,,,,,,,,,,"Colton Gordon","sa3019426",676467
"Nic Enright","CLE",3,3,0,3.78089,46,0,0,1,,46,192,42,21,19,6,14,,1,48,9.30412,2.727,3.41185,1.15693,0.247182,0.0724481,0.17473392933607101,0.234979,1.20744,0.288791,0.739648,,,3.76985,0.0702912,0.0468042,999,,,,,,,212.40000000000003,4.6173913043478265,207,4.5,,,,,,,,,,,,,,,,,,,"Nic Enright","sa3010299",663671
"Tayler Saucedo","SEA",3,2,0,3.77915,61,0,0,12,,61,262,54,28,26,6,26,,5,58,8.59932,3.83214,2.244,0.891024,0.222241,0.0990379,0.12320313602685928,0.234571,1.31689,0.288626,0.734273,,,4.04392,0.0699554,0.103973,999,,,,,,,308.20000000000005,5.052459016393444,298,4.885245901639344,,,,,,,,,,,,,,,,,,,"Tayler Saucedo","17888",642048
"Tink Hence","STL",0,0,1,4.26068,2,2,0,0,,8,34,8,4,4,1,3,,0,7,7.51549,3.19675,2.35098,1.19163,0.194685,0.0828101,0.11187484115362167,0.251498,1.33691,0.289274,0.715765,,,4.37499,0.0695246,0.0934691,999,,,,,,,31.100000000000005,3.8875000000000006,32,4,,,,,,,,,,,,,,,,,,,"Tink Hence","sa3014709",693311
"Alex Lange","DET",3,3,0,3.71128,39,0,0,1,,39,170,32,18,16,3,21,,3,45,10.2851,4.83636,2.12662,0.702019,0.262899,0.123623,0.13927612453699112,0.217461,1.35079,0.291862,0.723752,,,3.71397,0.0693218,0.0341156,747.1099853515625,,,,,,,190.50000000000006,4.884615384615386,178,4.564102564102564,,,,,,,,,,,,,,,,,,,"Alex Lange","19883",656638
"J.P. France","HOU",1,2,1,4.32996,20,2,0,1,,27,118,27,14,13,4,10,,1,24,8.10065,3.45748,2.34293,1.27538,0.207541,0.0885816,0.11895906925201416,0.252201,1.37417,0.294171,0.726925,,,4.44271,0.0688945,0.0432781,999,,,,,,,99.40000000000002,3.681481481481482,102,3.7777777777777777,,,,,,,,,,,,,,,,,,,"J.P. France","21212",641585
"Erik Sabrowski","CLE",4,3,0,3.7284,50,0,0,4,,50,216,42,22,21,6,26,,1,58,10.3701,4.6273,2.24106,1.0241,0.266797,0.119049,0.14774729311466217,0.224315,1.36126,0.292111,0.758693,,,3.96817,0.0681735,0.151547,999,,,,,,,238,4.76,223,4.46,,,,,,,,,,,,,,,,,,,"Erik Sabrowski","24978",681870
"Yilber Diaz","ARI",3,3,1,4.12302,42,2,0,1,,49,212,45,24,22,6,22,,2,49,8.98706,3.97393,2.26151,1.10909,0.230321,0.101844,0.12847712635993958,0.240516,1.36657,0.294322,0.731201,,,4.23998,0.0675798,0.192791,734.75,,,,,,,201.8,4.118367346938776,197,4.020408163265306,,,,,,,,,,,,,,,,,,,"Yilber Diaz","29271",700270
"Travis Adams","MIN",1,1,1,4.52077,14,2,0,1,,21,89,22,11,10,3,7,,1,15,6.73786,2.88252,2.33749,1.2097,0.172858,0.0739504,0.09890802204608917,0.264871,1.37399,0.297013,0.702814,,,4.47497,0.0674154,0.0486439,999,,,,,,,71.3,3.395238095238095,76,3.619047619047619,,,,,,,,,,,,,,,,,,,"Travis Adams","sa3017991",701519
"Bradley Blalock","COL",2,3,1,5.2633,29,5,0,1,,49,216,54,31,29,8,19,,2,36,6.57271,3.4888,1.88394,1.48416,0.164567,0.0873525,0.07721477746963501,0.275072,1.49236,0.301135,0.685382,,,5.1145,0.0672226,0.126566,999,,,,,,,136.80000000000004,2.791836734693878,154,3.142857142857143,,,,,,,,,,,,,,,,,,,"Bradley Blalock","26419",687134
"Luis García","LAD",2,1,0,3.87374,33,0,0,1,,33,143,33,16,14,3,11,,2,30,8.06284,2.87903,2.80054,0.881347,0.207229,0.073996,0.13323260098695755,0.254334,1.32394,0.306748,0.719644,,,3.77387,0.0665303,0.0167862,750.4400024414062,,,,,,,146.50000000000006,4.439393939393941,151,4.575757575757576,,,,,,,,,,,,,,,,,,,"Luis Garcia","6984",472610
"Brant Hurter","DET",2,2,0,3.78277,46,0,0,1,,46,193,44,21,19,5,11,,3,38,7.40653,2.09573,3.5341,0.978273,0.196379,0.0555669,0.1408119536936283,0.248587,1.1996,0.290144,0.708143,,,3.83859,0.0664375,0.0485389,669.030029296875,,,,,,,202.50000000000003,4.4021739130434785,203,4.413043478260869,,,,,,,,,,,,,,,,,,,"Brant Hurter","30133",676428
"Luke Little","CHC",2,2,0,3.41418,40,0,0,1,,40,170,30,17,15,3,22,,3,48,10.8159,4.87847,2.21707,0.729612,0.282213,0.127291,0.15492206811904907,0.206363,1.29141,0.284571,0.741424,,,3.69822,0.0657032,0.089877,999,,,,,,,206.10000000000002,5.152500000000001,186,4.65,,,,,,,,,,,,,,,,,,,"Luke Little","28036",681432
"Thomas Harrington","PIT",0,1,1,4.57164,2,2,0,0,,9,37,9,5,4,1,2,,0,7,6.93643,2.5353,2.73594,1.38521,0.179325,0.0655444,0.11378097534179688,0.263212,1.32704,0.292574,0.705344,,,4.60502,0.0645307,0.0750374,612.760009765625,,,,,,,38.90000000000001,4.322222222222224,40,4.444444444444445,,,,,,,,,,,,,,,,,,,"Thomas Harrington","sa3020752",802419
"Brendon Little","TOR",3,2,0,3.85699,56,0,0,10,,56,243,53,26,24,5,25,,3,48,7.76067,4.01863,1.93117,0.813312,0.198389,0.10273,0.09565945714712143,0.245151,1.39108,0.294518,0.73034,,,4.09717,0.0644982,0.153224,999,,,,,,,267.1,4.769642857142857,267,4.767857142857143,,,,,,,,,,,,,,,,,,,"Brendon Little","21574",663893
"Albert Suárez","BAL",4,4,1,4.27415,64,2,0,8,,71,303,72,36,34,11,22,,2,63,7.98701,2.74109,2.91381,1.36268,0.20721,0.0711129,0.1360967680811882,0.2571,1.32033,0.296826,0.731267,,,4.35587,0.0644868,-0.0185968,637.4199829101562,,,,,,,288.9,4.0690140845070415,298,4.197183098591549,,,,,,,,,,,,,,,,,,,"Albert Suarez","6175",544150
"Adrian Houser","TEX",1,1,1,4.69333,10,2,0,1,,17,74,18,10,9,2,6,,1,12,6.35258,3.35164,1.89537,1.08967,0.162114,0.0855316,0.07658208906650543,0.263394,1.41026,0.294463,0.682979,,,4.56978,0.0636582,0.0202903,744.530029296875,,,,,,,61.40000000000002,3.6117647058823543,66,3.8823529411764706,,,,,,,,,,,,,,,,,,,"Adrian Houser","12718",605288
"Sam Moll","CIN",3,3,0,4.16351,58,0,0,7,,58,248,52,29,27,7,25,,4,58,9.03291,3.82393,2.36221,1.06546,0.234357,0.0992109,0.13514581322669983,0.237295,1.32329,0.292802,0.709142,,,4.18786,0.0633272,0.0640916,999,,,,,,,264.90000000000003,4.567241379310345,256,4.413793103448276,,,,,,,,,,,,,,,,,,,"Sam Moll","14874",594580
"Cam Schlittler","NYY",1,1,1,4.56928,2,2,0,0,,9,38,8,5,4,1,4,,1,7,7.782,3.71716,2.09353,1.28528,0.196362,0.0937948,0.10256756097078323,0.250379,1.39634,0.287862,0.709479,,,4.72198,0.0630179,0.0508207,999,,,,,,,32.500000000000014,3.6111111111111125,31,3.4444444444444446,,,,,,,,,,,,,,,,,,,"Cam Schlittler","sa3021981",693645
"Gunnar Hoglund","ATH",4,5,3,4.73828,33,8,0,1,,68,295,72,39,36,11,20,,4,49,6.49728,2.67684,2.42723,1.44176,0.167813,0.0691377,0.09867516905069351,0.264356,1.34238,0.288129,0.692734,,,4.85255,0.0613913,0.00991032,999,,,,,,,210.70000000000005,3.0985294117647064,227,3.338235294117647,,,,,,,,,,,,,,,,,,,"Gunnar Hoglund","sa3019785",680684
"Eduard Bazardo","SEA",3,2,0,3.6703,48,0,0,1,,48,201,43,21,20,5,16,,2,48,8.95675,2.98122,3.00439,0.999389,0.237511,0.0790548,0.1584564596414566,0.232419,1.21861,0.286285,0.727036,,,3.73616,0.0608071,0.0449535,999,,,,,,,227.90000000000003,4.747916666666668,221,4.604166666666667,,,,,,,,,,,,,,,,,,,"Eduard Bazardo","20997",660825
"Quinn Priester","BOS",2,2,0,4.07725,42,0,0,1,,42,180,42,21,19,4,13,,2,36,7.63468,2.82413,2.70337,0.939097,0.198479,0.0734189,0.12505993247032166,0.256644,1.31779,0.304,0.70322,,,3.91223,0.0599084,0.0401759,661.010009765625,,,,,,,183.40000000000003,4.366666666666667,189,4.5,,,,,,,,,,,,,,,,,,,"Quinn Priester","25977",682990
"Dylan Floro","ATH",3,3,0,3.78644,44,0,0,1,,44,188,45,20,19,4,14,,1,33,6.84954,2.7713,2.4716,0.777095,0.177936,0.0719921,0.10594367235898972,0.2574,1.32279,0.299973,0.719136,,,3.77002,0.0592779,0.043225,999,,,,,,,184.40000000000003,4.190909090909091,193,4.386363636363637,,,,,,,,,,,,,,,,,,,"Dylan Floro","13394",571670
"Robert Stephenson","LAA",1,1,0,3.868,23,0,0,1,,23,95,20,11,10,3,7,,1,28,11.1039,2.9134,3.81131,1.3385,0.298575,0.0783391,0.2202356904745102,0.224564,1.17212,0.292079,0.74211,,,3.69481,0.0577451,0.0220093,734.1699829101562,,,,,,,117.30000000000001,5.1000000000000005,112,4.869565217391305,,,,,,,,,,,,,,,,,,,"Robert Stephenson","13594",596112
"Hurston Waldrep","ATL",1,1,1,4.44009,10,2,0,1,,16,72,16,9,8,2,7,,1,15,8.21115,4.0369,2.03402,1.16495,0.206899,0.101719,0.1051797941327095,0.251918,1.43866,0.297964,0.719332,,,4.4625,0.0573486,0.10701,711.5399780273438,,,,,,,62.20000000000001,3.8875000000000006,64,4,,,,,,,,,,,,,,,,,,,"Hurston Waldrep","33527",694462
"Bryan Baker","BAL",3,3,0,3.96665,48,0,0,1,,48,204,43,23,21,5,20,,2,49,9.12217,3.72924,2.44612,1.01645,0.238778,0.0976148,0.14116283506155014,0.234068,1.30223,0.290595,0.721978,,,3.96239,0.0572826,0.0108038,999,,,,,,,217.90000000000003,4.539583333333334,211,4.395833333333333,,,,,,,,,,,,,,,,,,,"Bryan Baker","19804",641329
"Hunter Stratton","PIT",2,3,0,4.10311,46,0,0,1,,46,198,43,23,21,5,18,,3,44,8.53837,3.48842,2.44763,0.999177,0.220298,0.0900046,0.13029344379901886,0.242692,1.32301,0.294996,0.711025,,,4.06888,0.0568486,0.0314821,999,,,,,,,196.10000000000002,4.26304347826087,194,4.217391304347826,,,,,,,,,,,,,,,,,,,"Hunter Stratton","23455",676702
"Cam Booser","CHW",3,4,0,4.3233,55,0,0,9,,55,238,52,28,26,8,23,,2,56,9.13795,3.75246,2.43519,1.31021,0.234811,0.0964244,0.1383870467543602,0.244167,1.36387,0.294908,0.729321,,,4.36584,0.0558509,0.0376502,999,,,,,,,246.40000000000003,4.48,244,4.4363636363636365,,,,,,,,,,,,,,,,,,,"Cam Booser","16061",592155
"Jake Bird","COL",2,4,0,4.60524,61,0,1,11,,61,270,63,34,31,7,26,,5,52,7.63938,3.76304,2.03011,1.0555,0.191998,0.0945752,0.09742239862680435,0.261798,1.44568,0.30764,0.694574,,,4.4813,0.0554658,0.169263,999,,,,,,,261.50000000000006,4.28688524590164,274,4.491803278688525,,,,,,,,,,,,,,,,,,,"Jake Bird","21267",656234
"Jhonathan Díaz","SEA",0,1,1,4.27085,2,2,0,0,,9,39,9,5,4,1,3,,1,7,7.03437,3.55638,1.97796,1.00978,0.178635,0.0903129,0.08832217007875443,0.252279,1.3774,0.290045,0.70649,,,4.50747,0.0538158,0.0189864,999,,,,,,,32.90000000000001,3.655555555555557,34,3.7777777777777777,,,,,,,,,,,,,,,,,,,"Jhonathan Diaz","20298",646242
"Brandon Eisert","CHW",2,2,0,4.05374,37,0,0,1,,37,158,35,18,17,5,13,,1,34,8.273,3.27559,2.52566,1.10813,0.214699,0.0850074,0.12969202548265457,0.246417,1.3202,0.293532,0.727005,,,4.13118,0.0538099,0.0222259,999,,,,,,,151.3,4.08918918918919,150,4.054054054054054,,,,,,,,,,,,,,,,,,,"Brandon Eisert","27668",685126
"Sean Hjelle","SFG",3,2,0,3.86855,50,0,0,4,,50,215,51,23,21,5,14,,4,42,7.49943,2.51218,2.98523,0.890371,0.193395,0.0647838,0.12861108779907227,0.257343,1.29721,0.303959,0.71629,,,3.84359,0.0533385,0.0976335,749.4199829101562,,,,,,,221.9,4.438,231,4.62,,,,,,,,,,,,,,,,,,,"Sean Hjelle","21481",663546
"Michael Tonkin","MIN",3,2,0,4.18284,51,0,0,4,,51,217,47,26,24,6,19,,4,50,8.88513,3.29729,2.69467,1.11045,0.231743,0.0860006,0.14574278891086578,0.24241,1.29261,0.296219,0.703582,,,4.11321,0.0506757,-0.0132926,750.9000244140625,,,,,,,228.40000000000003,4.478431372549021,224,4.392156862745098,,,,,,,,,,,,,,,,,,,"Michael Tonkin","10315",543859
"Chase Petty","CIN",1,1,1,4.90022,15,2,0,1,,21,93,22,13,12,3,8,,1,16,6.94796,3.35119,2.07328,1.37116,0.176227,0.0849992,0.09122803062200546,0.264928,1.42385,0.29532,0.6894,,,4.83809,0.0503796,-0.00020219,999,,,,,,,70.3,3.3476190476190473,75,3.5714285714285716,,,,,,,,,,,,,,,,,,,"Chase Petty","sa3017963",695534
"Tyson Miller","CHC",3,2,0,3.97267,52,0,0,4,,52,219,48,25,23,6,17,,3,48,8.24577,2.92463,2.81943,1.11586,0.217266,0.0770605,0.14020588248968124,0.240644,1.24802,0.285833,0.720753,,,4.08926,0.0503714,0.0639242,750.5,,,,,,,238.2,4.5807692307692305,234,4.5,,,,,,,,,,,,,,,,,,,"Tyson Miller","19976",668338
"Luke Jackson","TEX",3,3,0,3.95672,58,0,0,7,,58,250,53,28,25,7,26,,2,62,9.55888,4.02978,2.37206,1.07482,0.246153,0.103772,0.1423809975385666,0.238142,1.35858,0.29941,0.738025,,,4.06496,0.0502538,0.0261752,999,,,,,,,273.3,4.712068965517242,267,4.603448275862069,,,,,,,,,,,,,,,,,,,"Luke Jackson","11752",592426
"Keynan Middleton",,1,1,0,3.9708,18,0,0,0,,18,77,16,9,8,2,7,,1,19,9.35459,3.74806,2.49585,1.15958,0.243661,0.0976266,0.14603449404239655,0.236894,1.32028,0.292769,0.743877,,,4.11385,0.0497517,0.0425899,999,,,,,,,81.00000000000003,4.500000000000002,78,4.333333333333333,,,,,,,,,,,,,,,,,,,"Keynan Middleton","15264",641871
"Drue Hackenberg","ATL",0,0,1,4.54463,2,2,0,0,,8,38,8,5,4,1,4,,1,7,7.64216,4.1313,1.84982,1.0293,0.190638,0.103058,0.0875803530216217,0.255363,1.45917,0.299953,0.701038,,,4.56786,0.0491749,0.005472,999,,,,,,,25.100000000000005,3.1375000000000006,26,3.25,,,,,,,,,,,,,,,,,,,"Drue Hackenberg","sa3023304",802357
"Mason Barnett","ATH",0,1,1,4.46597,2,2,0,0,,9,38,8,5,4,1,3,,1,8,7.85604,3.53941,2.21959,1.26356,0.201482,0.0907743,0.1107073649764061,0.247897,1.35543,0.286528,0.707323,,,4.59906,0.0491376,0.0367345,999,,,,,,,37.500000000000014,4.166666666666668,36,4,,,,,,,,,,,,,,,,,,,"Mason Barnett","sa3020622",686930
"Jonathan Pintaro","NYM",0,1,1,4.6095,2,2,0,0,,8,36,8,5,4,1,3,,1,7,7.10128,3.43981,2.06444,1.16039,0.179154,0.0867811,0.09237290918827057,0.25536,1.3898,0.290196,0.690329,,,4.63974,0.0475554,-0.0198667,999,,,,,,,28.100000000000005,3.5125000000000006,29,3.625,,,,,,,,,,,,,,,,,,,"Jonathan Pintaro","sa3024197",702752
"Drey Jameson","ARI",3,2,0,3.79702,45,0,0,1,,45,191,43,21,19,5,15,,2,41,8.28481,2.9405,2.81748,0.982756,0.217223,0.0770984,0.14012496918439865,0.248099,1.28449,0.299775,0.730707,,,3.87687,0.0462677,0.0693065,746.989990234375,,,,,,,194.7,4.326666666666666,195,4.333333333333333,,,,,,,,,,,,,,,,,,,"Drey Jameson","26260",686753
"Josh Winckowski","BOS",2,1,0,3.98678,28,0,0,1,,28,120,28,13,12,3,9,,1,24,7.59774,2.79942,2.71404,0.962279,0.19711,0.0726259,0.1244838759303093,0.258213,1.32657,0.30472,0.717937,,,3.918,0.046051,0.0565542,999,,,,,,,119.50000000000001,4.267857142857143,123,4.392857142857143,,,,,,,,,,,,,,,,,,,"Josh Winckowski","22387",670174
"Janson Junk","MIA",2,2,1,4.64499,23,2,0,1,,30,129,32,17,15,4,8,,1,21,6.22604,2.55572,2.43612,1.30372,0.159819,0.065604,0.09421522170305252,0.27067,1.37039,0.296352,0.696077,,,4.61022,0.0443897,0.0420797,748.989990234375,,,,,,,108.60000000000001,3.62,117,3.9,,,,,,,,,,,,,,,,,,,"Janson Junk","23301",676083
"Phil Maton","STL",3,3,0,4.20662,63,0,1,15,,63,271,58,32,29,8,24,,6,60,8.56422,3.40943,2.51192,1.12124,0.221368,0.0881271,0.13324087113142014,0.239729,1.29532,0.288296,0.706922,,,4.30968,0.0442673,0.0734878,743.0399780273438,,,,,,,312.00000000000006,4.952380952380953,306,4.857142857142857,,,,,,,,,,,,,,,,,,,"Phil Maton","18064",664208
"Max Lazar","PHI",2,2,0,4.27432,40,0,0,1,,40,170,40,21,19,5,12,,1,33,7.36246,2.74692,2.68026,1.18009,0.19217,0.0716982,0.1204715371131897,0.253491,1.29973,0.290304,0.705203,,,4.23592,0.0434529,-0.0117986,999,,,,,,,161.5,4.0375,166,4.15,,,,,,,,,,,,,,,,,,,"Max Lazar","23426",676661
"Trevor Stephan","CLE",3,3,0,3.85215,39,0,0,1,,39,166,35,18,17,5,14,,2,41,9.46374,3.28688,2.87925,1.094,0.247487,0.0859554,0.16153138130903244,0.235662,1.2678,0.29396,0.731856,,,3.90008,0.0423639,0.0340034,999,,,,,,,174.10000000000002,4.464102564102565,168,4.3076923076923075,,,,,,,,,,,,,,,,,,,"Trevor Stephan","19932",663986
"Tim Mayza","PIT",2,2,0,4.0657,52,0,0,4,,52,225,55,26,23,5,18,,2,39,6.78231,3.15713,2.14825,0.936799,0.173999,0.0809958,0.09300331026315689,0.265299,1.39899,0.305209,0.722047,,,4.15248,0.0412734,0.0831846,999,,,,,,,214.3,4.121153846153846,229,4.403846153846154,,,,,,,,,,,,,,,,,,,"Tim Mayza","15042",641835
"Bryan Hoeing","SDP",3,3,0,4.17997,56,0,0,9,,56,238,56,28,26,7,17,,2,45,7.1657,2.6611,2.69276,1.13435,0.187406,0.0695961,0.11780963093042374,0.254289,1.29152,0.290519,0.70843,,,4.20948,0.0407973,0.026924,999,,,,,,,251.70000000000007,4.494642857142859,258,4.607142857142857,,,,,,,,,,,,,,,,,,,"Bryan Hoeing","26304",663773
"Andrew Walters","CLE",3,2,0,3.98455,56,0,0,7,,56,238,47,27,25,7,26,,3,62,9.88754,4.19628,2.35627,1.10789,0.258941,0.109895,0.14904634654521942,0.226729,1.31197,0.288083,0.734222,,,4.10749,0.0394205,0.0119287,999,,,,,,,271.1000000000001,4.84107142857143,254,4.535714285714286,,,,,,,,,,,,,,,,,,,"Andrew Walters","33834",689958
"Tanner Gordon","COL",2,2,1,5.00991,28,2,0,1,,34,148,39,20,19,6,8,,1,24,6.42754,2.22857,2.88416,1.52217,0.164536,0.0570482,0.10748802497982979,0.279972,1.3857,0.304541,0.68841,,,4.76345,0.0387567,0.0619475,999,,,,,,,101.4,2.9823529411764707,117,3.4411764705882355,,,,,,,,,,,,,,,,,,,"Tanner Gordon","27669",685299
"Michael Fulmer","BOS",2,2,0,4.32883,44,0,0,1,,44,191,42,23,21,5,19,,2,43,8.85491,3.87908,2.28274,1.03497,0.226256,0.0991162,0.12714001536369324,0.244036,1.37479,0.299361,0.700664,,,4.13706,0.0378975,0.014031,999,,,,,,,181.90000000000003,4.13409090909091,182,4.136363636363637,,,,,,,,,,,,,,,,,,,"Michael Fulmer","13218",605242
"Huascar Brazobán","NYM",3,2,0,4.01899,47,0,0,1,,47,203,41,23,21,5,22,,2,48,9.18364,4.29053,2.14044,0.905667,0.236762,0.110614,0.1261487379670143,0.230334,1.34799,0.28954,0.716089,,,4.01547,0.0377467,-0.00479946,999,,,,,,,207.70000000000002,4.419148936170213,198,4.212765957446808,,,,,,,,,,,,,,,,,,,"Huascar Brazoban","6107",623211
"Sam Aldegheri","LAA",0,1,1,4.93847,2,2,0,0,,8,37,8,5,5,1,4,,0,7,7.72995,4.08732,1.8912,1.44923,0.194056,0.10261,0.09144594520330429,0.256685,1.46003,0.291446,0.703473,,,5.06366,0.0376199,0.00210445,750.9000244140625,,,,,,,28.100000000000005,3.5125000000000006,29,3.625,,,,,,,,,,,,,,,,,,,"Sam Aldegheri","26443",691951
"Emerson Hancock","SEA",3,4,4,4.66089,24,10,0,1,,65,283,67,36,34,10,22,,3,46,6.401,2.99096,2.14011,1.42226,0.163853,0.076563,0.08729039877653122,0.261174,1.36538,0.283531,0.707007,,,4.95393,0.0367631,-0.00926663,633.4000244140625,,,,,,,204.8,3.1507692307692308,216,3.3230769230769233,,,,,,,,,,,,,,,,,,,"Emerson Hancock","27470",676106
"Adam Macko","TOR",0,1,1,4.62147,2,2,0,0,,8,36,8,4,4,1,3,,1,7,7.59603,3.82931,1.98366,1.25494,0.191231,0.096403,0.09482748806476593,0.251886,1.4111,0.288847,0.707273,,,4.79289,0.0364356,0.0839866,999,,,,,,,28.100000000000005,3.5125000000000006,29,3.625,,,,,,,,,,,,,,,,,,,"Adam Macko","sa3011555",671936
"Tyler Alexander","MIL",3,3,1,4.5195,47,2,0,1,,54,229,56,29,27,10,12,,2,45,7.40249,1.95651,3.78352,1.61198,0.194871,0.0515052,0.14336587488651276,0.260748,1.2517,0.288422,0.711698,,,4.61195,0.0348038,0.0278416,748.239990234375,,,,,,,183.00000000000003,3.3888888888888893,192,3.5555555555555554,,,,,,,,,,,,,,,,,,,"Tyler Alexander","17735",641302
"Brent Suter","CIN",3,3,0,4.42157,64,0,1,10,,64,276,68,34,31,9,20,,2,50,7.02206,2.78868,2.51806,1.28351,0.180962,0.0718658,0.10909643024206161,0.26677,1.36733,0.300828,0.719686,,,4.50267,0.0346464,0.0897772,999,,,,,,,265.1,4.1421875,282,4.40625,,,,,,,,,,,,,,,,,,,"Brent Suter","13942",608718
"Andrew Kittredge","BAL",2,2,0,3.75588,34,0,0,1,,34,141,33,15,14,4,9,,1,31,8.25646,2.41322,3.42134,1.18977,0.221256,0.0646693,0.15658624470233917,0.248716,1.22593,0.294711,0.742828,,,3.9362,0.0335885,0.0494185,721.8599853515625,,,,,,,152.60000000000002,4.488235294117648,154,4.529411764705882,,,,,,,,,,,,,,,,,,,"Andrew Kittredge","12828",552640
"Carson Palmquist","COL",0,1,1,5.15677,2,2,0,0,,8,36,8,5,5,1,4,,1,7,8.12333,4.08207,1.99,1.52954,0.202367,0.101692,0.10067495703697205,0.25886,1.47297,0.296441,0.695419,,,5.13703,0.0334282,0.0602198,999,,,,,,,25.100000000000005,3.1375000000000006,26,3.25,,,,,,,,,,,,,,,,,,,"Carson Palmquist","sa3020473",687223
"Clayton Beeter","NYY",1,1,0,4.039,28,0,0,1,,28,120,24,14,13,4,12,,1,31,9.93913,3.94292,2.52075,1.21158,0.258377,0.1025,0.15587692707777023,0.225082,1.29104,0.281639,0.732273,,,4.16203,0.0332927,-0.00308484,999,,,,,,,122.60000000000005,4.378571428571431,115,4.107142857142857,,,,,,,,,,,,,,,,,,,"Clayton Beeter","27494",690925
"Andrew Chafin","DET",2,2,0,3.92024,43,0,0,1,,43,185,37,20,19,5,20,,1,47,9.87698,4.22588,2.33726,1.029,0.25465,0.108952,0.1456974297761917,0.227885,1.33798,0.290143,0.734256,,,3.95423,0.0322622,0.0331003,999,,,,,,,195.5,4.546511627906977,185,4.3023255813953485,,,,,,,,,,,,,,,,,,,"Andrew Chafin","12988",605177
"Sean Guenther","DET",3,3,0,3.89388,44,0,0,1,,44,187,44,21,19,5,12,,2,35,7.19325,2.48184,2.89836,0.981898,0.188167,0.0649218,0.12324505299329758,0.253635,1.27096,0.293859,0.716617,,,3.95777,0.0319489,0.0169892,999,,,,,,,181.70000000000002,4.129545454545455,187,4.25,,,,,,,,,,,,,,,,,,,"Sean Guenther","20045",674944
"Nick Sandlin","TOR",4,4,0,3.97939,60,0,0,13,,60,253,51,29,27,8,26,,4,64,9.58391,3.91155,2.45016,1.20619,0.252426,0.103024,0.14940159767866135,0.226088,1.27635,0.280377,0.734843,,,4.26561,0.0317527,0.127933,749.3200073242188,,,,,,,303,5.05,286,4.766666666666667,,,,,,,,,,,,,,,,,,,"Nick Sandlin","20517",680704
"Drew Smyly",,2,2,0,4.20513,27,0,0,0,,27,115,26,14,13,4,9,,1,26,8.59462,3.02997,2.83654,1.34876,0.223263,0.0787097,0.1445535570383072,0.246739,1.29837,0.290687,0.728373,,,4.34359,0.0306123,0.00731769,999,,,,,,,105.00000000000003,3.8888888888888897,105,3.888888888888889,,,,,,,,,,,,,,,,,,,"Drew Smyly","11760",592767
"Scott Effross","NYY",2,2,0,4.00112,26,0,0,1,,26,110,25,12,12,3,8,,1,22,7.51543,2.69888,2.78465,1.04976,0.198011,0.0711079,0.12690264731645584,0.247962,1.26302,0.288658,0.715661,,,4.01159,0.0305574,0.0279322,999,,,,,,,111.5,4.288461538461538,112,4.3076923076923075,,,,,,,,,,,,,,,,,,,"Scott Effross","18384",664123
"Logan Evans","SEA",1,1,1,4.33837,12,2,0,1,,18,78,18,9,9,2,7,,1,14,7.09996,3.25376,2.18208,1.16401,0.182349,0.0835666,0.09878227114677429,0.252752,1.34831,0.287163,0.707313,,,4.53628,0.0298304,0.0520112,999,,,,,,,69.80000000000003,3.877777777777779,72,4,,,,,,,,,,,,,,,,,,,"Logan Evans","sa3023077",688138
"James McArthur","KCR",2,2,0,4.04251,27,0,0,1,,27,116,27,13,12,3,9,,2,24,8.08397,2.91404,2.77415,1.00189,0.208392,0.0751195,0.13327297568321228,0.251168,1.30842,0.300037,0.714598,,,3.98718,0.0297059,0.0342418,750.75,,,,,,,111.7,4.137037037037037,115,4.2592592592592595,,,,,,,,,,,,,,,,,,,"James McArthur","21527",663704
"Michael Kopech","LAD",3,3,0,4.13095,53,0,3,10,,53,225,43,26,24,8,25,,3,62,10.562,4.26561,2.47608,1.31749,0.276926,0.11184,0.16508541256189346,0.219003,1.28689,0.278654,0.735844,,,4.29996,0.0293787,0.0895638,488.67999267578125,,,,,,,277.00000000000006,5.2264150943396235,256,4.830188679245283,,,,,,,,,,,,,,,,,,,"Michael Kopech","17282",656629
"Chase Lee","DET",1,1,0,3.68787,18,0,0,1,,18,76,16,8,7,2,6,,1,17,8.68172,3.04394,2.85213,0.927512,0.227299,0.0796946,0.14760491251945496,0.237422,1.25234,0.291487,0.72488,,,3.75805,0.0289526,0.0258485,999,,,,,,,84.00000000000003,4.666666666666668,81,4.5,,,,,,,,,,,,,,,,,,,"Chase Lee","sa3016946",695445
"Sean Reid-Foley","NYM",1,1,0,3.83623,19,0,0,1,,19,82,16,9,8,2,10,,0,22,10.2417,4.80105,2.13323,0.872549,0.262526,0.123065,0.13946103304624557,0.220317,1.36675,0.289065,0.737346,,,3.80819,0.0288001,0.00770148,999,,,,,,,92.4,4.863157894736842,87,4.578947368421052,,,,,,,,,,,,,,,,,,,"Sean Reid-Foley","17034",656887
"Mason Thompson","WSN",3,3,0,4.19693,42,0,0,1,,42,182,41,21,20,5,16,,2,35,7.55291,3.42608,2.20453,0.97565,0.193875,0.0879438,0.10593133419752121,0.252603,1.36576,0.296966,0.704635,,,4.18401,0.0283908,0.0143337,999,,,,,,,162.70000000000002,3.8738095238095243,165,3.9285714285714284,,,,,,,,,,,,,,,,,,,"Mason Thompson","21850",666168
"Daniel Palencia","CHC",2,2,0,3.89307,38,0,0,1,,38,163,32,18,16,4,18,,2,43,10.1122,4.36724,2.31546,0.983602,0.261434,0.112908,0.14852619916200638,0.223522,1.3237,0.289554,0.731161,,,3.98002,0.0273272,0.0262451,999,,,,,,,178.8,4.705263157894737,168,4.421052631578948,,,,,,,,,,,,,,,,,,,"Daniel Palencia","27914",694037
"Josh Staumont","CIN",1,1,0,4.39179,26,0,0,1,,26,113,23,13,13,3,13,,1,26,9.01598,4.62234,1.95052,1.0514,0.230103,0.11797,0.11213310807943344,0.232672,1.39891,0.286068,0.712321,,,4.3274,0.0267635,0.0290899,999,,,,,,,109.7,4.219230769230769,105,4.038461538461538,,,,,,,,,,,,,,,,,,,"Josh Staumont","18335",622251
"Josh Walker","TOR",2,1,0,3.90928,32,0,0,1,,32,138,29,15,14,4,13,,1,32,9.04654,3.72363,2.42949,1.05675,0.233655,0.0961744,0.13748082518577576,0.235391,1.32169,0.289083,0.735081,,,4.01667,0.0264807,0.0206342,999,,,,,,,138.20000000000002,4.3187500000000005,134,4.1875,,,,,,,,,,,,,,,,,,,"Josh Walker","23617",677020
"Tim Hill","NYY",3,2,0,4.23602,57,0,0,10,,57,249,62,29,27,5,17,,4,32,5.12957,2.76013,1.85845,0.815154,0.130447,0.0701911,0.06025559455156326,0.272332,1.39543,0.299092,0.695911,,,4.31813,0.0258965,-0.00307214,999,,,,,,,240.10000000000002,4.212280701754386,261,4.578947368421052,,,,,,,,,,,,,,,,,,,"Tim Hill","16814",657612
"Zack Kelly","BOS",3,3,0,4.24671,50,0,0,1,,50,216,45,25,24,6,24,,3,52,9.4332,4.3666,2.16031,1.05856,0.242424,0.112217,0.13020673394203186,0.237744,1.38412,0.298743,0.718613,,,4.22651,0.0258366,0.049464,999,,,,,,,206.2,4.124,199,3.98,,,,,,,,,,,,,,,,,,,"Zack Kelly","20349",677161
"Tristan Beck","SFG",2,2,0,3.93477,42,0,0,1,,42,178,41,20,18,5,12,,2,37,7.83533,2.56698,3.05235,1.09539,0.204973,0.0671527,0.13782057911157608,0.249945,1.26528,0.293072,0.722657,,,3.9862,0.0255273,0.0173517,749.760009765625,,,,,,,178.70000000000002,4.254761904761905,181,4.309523809523809,,,,,,,,,,,,,,,,,,,"Tristan Beck","21584",663941
"Eli Morgan","CHC",2,2,0,4.04654,50,0,0,1,,50,209,47,24,22,7,15,,2,47,8.458,2.62521,3.22183,1.29471,0.225182,0.0698926,0.15528981387615204,0.242059,1.22316,0.284904,0.726839,,,4.13291,0.0252232,0.024467,999,,,,,,,208.7,4.1739999999999995,206,4.12,,,,,,,,,,,,,,,,,,,"Eli Morgan","20203",669212
"Josiah Gray","WSN",1,1,1,4.7646,10,2,0,1,,17,72,16,10,9,3,7,,1,15,8.2276,3.5742,2.30194,1.56075,0.211681,0.0919577,0.11972334235906601,0.247127,1.35386,0.281381,0.707234,,,4.93438,0.0245928,0.0344881,999,,,,,,,57.300000000000004,3.370588235294118,56,3.2941176470588234,,,,,,,,,,,,,,,,,,,"Josiah Gray","24580",680686
"Joey Lucchesi","SFG",1,1,1,4.33135,16,2,0,1,,23,101,24,12,11,3,9,,1,16,6.2084,3.36574,1.84459,1.01585,0.157755,0.0855231,0.07223175466060638,0.266638,1.43283,0.298564,0.714125,,,4.45902,0.0236877,0.0393555,999,,,,,,,76.9,3.3434782608695657,82,3.5652173913043477,,,,,,,,,,,,,,,,,,,"Joey Lucchesi","19320",664192
"Walter Pennington","TEX",2,2,0,4.11738,37,0,0,1,,37,160,35,18,17,4,15,,2,34,8.2466,3.75872,2.19399,0.978739,0.211757,0.0965168,0.11524021625518799,0.245644,1.36739,0.295989,0.714402,,,4.12977,0.0233641,0.0126505,999,,,,,,,154.60000000000002,4.178378378378379,154,4.162162162162162,,,,,,,,,,,,,,,,,,,"Walter Pennington","27624",679156
"Hunter Gaddis","CLE",4,4,0,4.02985,65,0,0,17,,65,274,61,31,29,9,20,,4,59,8.20686,2.70884,3.02965,1.27501,0.216651,0.0715102,0.14514102786779404,0.24284,1.23403,0.283782,0.728148,,,4.28454,0.0228845,0.233659,699.3800048828125,,,,,,,325.70000000000005,5.010769230769231,322,4.953846153846154,,,,,,,,,,,,,,,,,,,"Hunter Gaddis","25636",683769
"Cody Poteet","CHC",1,1,0,3.86154,28,0,0,1,,28,117,26,13,12,3,9,,1,26,8.3387,2.96801,2.80953,1.0655,0.221645,0.0788905,0.1427546888589859,0.242356,1.25489,0.291,0.728896,,,3.94164,0.0218817,0.0276911,749.7899780273438,,,,,,,128.70000000000005,4.596428571428573,127,4.535714285714286,,,,,,,,,,,,,,,,,,,"Cody Poteet","18769",547001
"Wandy Peralta","SDP",3,3,0,3.88164,52,0,0,4,,52,221,48,25,22,6,22,,3,44,7.69284,3.77708,2.03671,0.978356,0.200864,0.0986215,0.10224218666553497,0.242097,1.33397,0.286371,0.728133,,,4.30674,0.0209469,0.0614209,999,,,,,,,215.2,4.138461538461538,211,4.0576923076923075,,,,,,,,,,,,,,,,,,,"Wandy Peralta","14295",593974
"Enyel De Los Santos","ATL",2,2,0,3.98772,54,0,0,7,,54,228,49,26,24,7,20,,3,55,9.22146,3.30933,2.7865,1.24773,0.242895,0.0871684,0.15572641044855118,0.239008,1.2743,0.29201,0.739457,,,4.19505,0.0209237,0.0526865,999,,,,,,,255.1,4.724074074074074,248,4.592592592592593,,,,,,,,,,,,,,,,,,,"Enyel De Los Santos","18403",660853
"Brandon Young","BAL",1,1,0,3.99875,28,0,0,1,,28,119,27,13,12,4,8,,1,26,8.43574,2.67417,3.15453,1.18665,0.221299,0.0701529,0.15114619582891464,0.246795,1.25896,0.293473,0.727994,,,4.02044,0.0208116,0.0198935,735.3200073242188,,,,,,,116.80000000000005,4.1714285714285735,117,4.178571428571429,,,,,,,,,,,,,,,,,,,"Brandon Young","sa3014926",687064
"Huascar Ynoa","MIN",1,1,0,4.11531,18,0,0,1,,18,77,17,9,8,2,7,,1,18,8.94399,3.34398,2.67466,1.069,0.231923,0.0867114,0.1452118158340454,0.241896,1.30766,0.296422,0.709138,,,3.96822,0.0206038,-0.00209638,999,,,,,,,80.40000000000002,4.466666666666668,80,4.444444444444445,,,,,,,,,,,,,,,,,,,"Huascar Ynoa","20468",660623
"Nick Robertson","TOR",2,1,0,4.03827,39,0,0,1,,39,169,37,19,17,5,15,,2,37,8.59658,3.3934,2.53332,1.07854,0.220514,0.0870453,0.13346847146749496,0.242198,1.32245,0.291882,0.723662,,,4.09844,0.0204901,0.00247032,999,,,,,,,157.90000000000003,4.048717948717949,157,4.0256410256410255,,,,,,,,,,,,,,,,,,,"Nick Robertson","26226",687798
"Colin Selby","BAL",2,2,0,3.95796,39,0,0,1,,39,170,35,19,17,4,18,,2,41,9.41352,4.1972,2.24281,0.9655,0.240617,0.107284,0.13333287090063095,0.235875,1.3687,0.297523,0.728551,,,4.03355,0.0200758,-0.00117641,999,,,,,,,174.40000000000003,4.471794871794873,169,4.333333333333333,,,,,,,,,,,,,,,,,,,"Colin Selby","24986",681882
"Evan Sisk","KCR",2,2,0,4.12081,40,0,0,1,,40,175,38,20,18,4,19,,2,37,8.25829,4.31527,1.91374,0.858945,0.209323,0.109379,0.09994406253099442,0.244834,1.42016,0.298767,0.717578,,,4.19629,0.0195238,0.0288346,999,,,,,,,163,4.075,163,4.075,,,,,,,,,,,,,,,,,,,"Evan Sisk","sa3007612",681895
"Zack Thompson","STL",1,1,0,3.94968,26,0,0,1,,26,112,24,12,11,3,11,,1,26,9.01584,3.97601,2.26756,1.02848,0.231638,0.102153,0.12948478013277054,0.236654,1.34888,0.291804,0.732234,,,4.12359,0.019481,0.0321833,999,,,,,,,113.1,4.35,111,4.269230769230769,,,,,,,,,,,,,,,,,,,"Zack Thompson","25918",668868
"Erik Swanson","TOR",2,2,0,3.99333,46,0,0,1,,46,195,43,22,20,6,16,,1,45,8.84489,3.12495,2.83041,1.26799,0.231795,0.0818945,0.14990082383155823,0.240903,1.27849,0.28824,0.739675,,,4.15461,0.0193545,0.0158236,999,,,,,,,197.8,4.3,195,4.239130434782608,,,,,,,,,,,,,,,,,,,"Erik Swanson","16587",657024
"Shawn Dubin","HOU",1,1,0,3.99296,22,0,0,1,,22,96,20,11,10,2,10,,1,23,9.31595,4.22537,2.20477,0.927639,0.23762,0.107776,0.12984450161457062,0.236063,1.37506,0.297446,0.726527,,,3.99611,0.0191456,-0.00452079,999,,,,,,,103.20000000000002,4.690909090909091,101,4.590909090909091,,,,,,,,,,,,,,,,,,,"Shawn Dubin","24977",681869
"Riley O'Brien","STL",3,3,0,4.09464,53,0,0,5,,53,232,48,26,24,6,26,,4,53,9.00762,4.48178,2.00983,0.972544,0.228683,0.113782,0.11490122228860855,0.237096,1.39981,0.294562,0.725392,,,4.28828,0.0190444,0.0528586,999,,,,,,,229.60000000000002,4.332075471698114,223,4.2075471698113205,,,,,,,,,,,,,,,,,,,"Riley O'Brien","20348",676617
"Jimmy Herget","COL",3,3,0,4.78728,50,0,0,4,,50,219,53,29,27,8,16,,3,43,7.76225,2.84407,2.72928,1.41928,0.197231,0.0722649,0.12496614456176758,0.267232,1.385,0.305796,0.699274,,,4.60955,0.0187886,0.0225645,999,,,,,,,178.8,3.576,191,3.82,,,,,,,,,,,,,,,,,,,"Jimmy Herget","17556",623474
"Jack Neely","CHC",1,1,0,4.10487,26,0,0,1,,26,111,23,13,12,3,10,,1,27,9.4269,3.54382,2.66009,1.18533,0.245771,0.0923919,0.15337929874658585,0.231676,1.28085,0.285064,0.720381,,,4.0821,0.0181381,-0.00378509,999,,,,,,,120.7,4.642307692307693,116,4.461538461538462,,,,,,,,,,,,,,,,,,,"Jack Neely","30106",680891
"Ty Madden","DET",1,1,0,4.07041,21,0,0,1,,21,90,20,10,9,3,7,,1,19,8.30188,3.12102,2.65999,1.111,0.216251,0.0812976,0.13495320826768875,0.241836,1.28556,0.287494,0.717787,,,4.07745,0.0181217,0.0094888,999,,,,,,,84.5,4.023809523809524,84,4,,,,,,,,,,,,,,,,,,,"Ty Madden","30140",680744
"Jack Dreyer","LAD",2,2,0,4.15556,35,0,0,1,,35,150,32,17,16,5,14,,1,35,8.92111,3.55013,2.5129,1.23829,0.231213,0.0920105,0.13920271396636963,0.23909,1.32087,0.287271,0.729246,,,4.20974,0.0169505,0.0170483,999,,,,,,,143.3,4.094285714285714,139,3.9714285714285715,,,,,,,,,,,,,,,,,,,"Jack Dreyer","30249",676263
"James Karinchak","CHW",1,1,0,4.28269,23,0,0,1,,23,99,19,12,11,3,12,,1,28,10.8846,4.87936,2.23074,1.23915,0.279763,0.125413,0.15435057878494263,0.219806,1.36373,0.286069,0.726693,,,4.29315,0.016457,-0.0111868,737.9600219726562,,,,,,,104.9,4.560869565217391,97,4.217391304347826,,,,,,,,,,,,,,,,,,,"James Karinchak","20151",675916
"Ian Gibaut","CIN",2,3,0,4.57467,46,0,0,1,,46,202,46,25,23,6,18,,2,44,8.5496,3.58515,2.38473,1.24552,0.216163,0.0906447,0.12551812827587128,0.252593,1.39422,0.300423,0.706288,,,4.42182,0.0159858,-0.00660481,999,,,,,,,179.00000000000003,3.8913043478260874,184,4,,,,,,,,,,,,,,,,,,,"Ian Gibaut","17871",664139
"Kevin Herget","NYM",2,2,0,4.14184,34,0,0,1,,34,144,33,17,16,5,10,,1,29,7.69942,2.58958,2.97323,1.23917,0.202003,0.0679404,0.13406231254339218,0.249815,1.26452,0.287673,0.718779,,,4.22037,0.0156351,-0.0146486,999,,,,,,,133.3,3.920588235294118,134,3.9411764705882355,,,,,,,,,,,,,,,,,,,"Kevin Herget","15369",643361
"Bennett Sousa","HOU",3,3,0,3.98229,43,0,0,1,,43,185,39,21,19,6,18,,2,43,8.99592,3.68755,2.43954,1.15119,0.232444,0.0952817,0.13716177642345428,0.237934,1.32608,0.289461,0.739121,,,4.1769,0.015559,0.00707303,999,,,,,,,172.99999999999997,4.0232558139534875,167,3.883720930232558,,,,,,,,,,,,,,,,,,,"Bennett Sousa","21345",656986
"Brent Headrick","NYY",2,2,0,4.15023,44,0,0,1,,44,188,42,22,20,7,14,,2,44,8.99905,2.961,3.03919,1.3665,0.234589,0.0771879,0.15740106999874115,0.243509,1.27612,0.290491,0.732156,,,4.25908,0.0153316,-0.00549965,999,,,,,,,174.3,3.9613636363636364,173,3.9318181818181817,,,,,,,,,,,,,,,,,,,"Brent Headrick","27702",687396
"Wikelman Gonzalez","CHW",0,1,1,5.19137,2,2,0,0,,8,35,8,5,5,1,4,,1,7,7.93853,4.95611,1.60177,1.41481,0.196003,0.122367,0.07363642007112503,0.253082,1.53323,0.290301,0.697319,,,5.29964,0.0145949,-0.00185232,999,,,,,,,25.100000000000005,3.1375000000000006,26,3.25,,,,,,,,,,,,,,,,,,,"Wikelman Gonzalez","sa3008687",682790
"Tyler Stuart","WSN",1,1,0,4.07013,18,0,0,1,,18,77,18,9,8,2,5,,1,15,7.60903,2.74217,2.77482,1.1089,0.198452,0.0715188,0.12693321704864502,0.251172,1.28566,0.292061,0.715867,,,4.14112,0.0141335,0.00547272,999,,,,,,,77.80000000000003,4.322222222222224,80,4.444444444444445,,,,,,,,,,,,,,,,,,,"Tyler Stuart","sa3020264",701603
"Nate Lavender","TBR",1,1,0,3.96297,24,0,0,1,,24,104,20,12,11,3,12,,2,27,10.0132,4.32752,2.31385,0.990091,0.256875,0.111016,0.14585862308740616,0.223831,1.32679,0.287834,0.721825,,,4.02687,0.0140596,-0.0144943,999,,,,,,,104.70000000000002,4.362500000000001,97,4.041666666666667,,,,,,,,,,,,,,,,,,,"Nate Lavender","sa3017917",681320
"Franco Aleman","CLE",1,1,0,3.93916,20,0,0,1,,20,86,18,9,9,2,7,,2,20,9.20864,3.32084,2.77299,1.07978,0.238261,0.0859219,0.15233861654996872,0.238114,1.28577,0.294347,0.731665,,,4.01228,0.0140418,0.0248875,999,,,,,,,93.60000000000001,4.680000000000001,91,4.55,,,,,,,,,,,,,,,,,,,"Franco Aleman","sa3018178",680916
"Andrew Saalfrank","ARI",2,2,0,3.76893,28,0,0,1,,28,122,26,13,12,2,14,,1,27,8.54342,4.53231,1.885,0.764769,0.217671,0.115475,0.10219579935073853,0.241744,1.42849,0.300865,0.738268,,,3.97787,0.0137614,0.045166,999,,,,,,,128.00000000000006,4.571428571428574,127,4.535714285714286,,,,,,,,,,,,,,,,,,,"Andrew Saalfrank","26203",685314
"Kyle Nelson","ARI",2,2,0,4.01094,35,0,0,1,,35,150,33,17,16,4,13,,2,34,8.62583,3.42235,2.52044,1.12652,0.223516,0.0886814,0.1348348781466484,0.244295,1.32337,0.294547,0.738,,,4.15903,0.0133392,0.0335526,999,,,,,,,151,4.314285714285714,150,4.285714285714286,,,,,,,,,,,,,,,,,,,"Kyle Nelson","20515",669459
"Hagen Danner","SEA",1,1,0,3.77866,26,0,0,1,,26,110,24,12,11,3,9,,1,26,9.04321,3.13414,2.88539,1.16497,0.237896,0.0824487,0.15544772148132324,0.235261,1.25261,0.285965,0.749594,,,3.97827,0.0131483,0.0037677,999,,,,,,,119.1,4.5807692307692305,117,4.5,,,,,,,,,,,,,,,,,,,"Hagen Danner","22116",668470
"Dauri Moreta","PIT",2,2,0,4.11999,30,0,0,1,,30,127,27,15,14,4,12,,1,31,9.41057,3.66126,2.57031,1.22788,0.247028,0.096108,0.15091948956251144,0.235937,1.29905,0.290736,0.725773,,,4.20217,0.0130511,0.0205663,999,,,,,,,129.60000000000002,4.320000000000001,125,4.166666666666667,,,,,,,,,,,,,,,,,,,"Dauri Moreta","21101",664294
"Chayce McDermott","BAL",2,1,0,3.95852,30,0,0,1,,30,129,26,14,13,4,14,,1,33,9.93031,4.17238,2.38001,1.0987,0.257082,0.108017,0.14906489849090576,0.227346,1.32466,0.288439,0.735034,,,4.06005,0.0129206,0.019035,738.5,,,,,,,130.20000000000002,4.340000000000001,123,4.1,,,,,,,,,,,,,,,,,,,"Chayce McDermott","29866",694646
"Triston McKenzie","CLE",5,7,5,4.73165,49,13,0,1,,103,454,99,58,54,18,50,,3,98,8.53996,4.39345,1.94379,1.54003,0.216179,0.111215,0.10496429353952408,0.247478,1.44724,0.285969,0.7311,,,5.03493,0.0118123,0.171706,539.6300048828125,,,,,,,324.4000000000001,3.149514563106797,322,3.1262135922330097,,,,,,,,,,,,,,,,,,,"Triston McKenzie","18000",663474
"Lucas Gilbreath","COL",2,3,0,4.72855,48,0,0,1,,48,215,47,27,25,6,25,,4,44,8.29702,4.62721,1.79309,1.03655,0.206183,0.114987,0.09119582176208496,0.250444,1.48566,0.301305,0.697813,,,4.59603,0.0115993,0.0233815,999,,,,,,,164.20000000000005,3.4208333333333343,167,3.4791666666666665,,,,,,,,,,,,,,,,,,,"Lucas Gilbreath","21290",656458
"Blas Castano","SEA",1,2,1,4.31227,23,2,0,1,,29,128,30,15,14,4,10,,2,22,6.71919,2.93534,2.28907,1.1496,0.17211,0.075188,0.09692218154668808,0.25729,1.3378,0.289084,0.706838,,,4.55132,0.0111743,0.0230691,999,,,,,,,99.40000000000003,3.427586206896553,105,3.6206896551724137,,,,,,,,,,,,,,,,,,,"Blas Castano","sa3006617",680604
"Daniel Robert","TEX",2,2,0,4.46011,33,0,0,1,,33,143,30,18,16,4,14,,2,33,8.86451,3.80332,2.33073,1.18428,0.22749,0.0976045,0.1298852562904358,0.239844,1.34511,0.28974,0.696219,,,4.3571,0.0110834,-0.0493837,999,,,,,,,139.00000000000006,4.212121212121214,135,4.090909090909091,,,,,,,,,,,,,,,,,,,"Daniel Robert","21229",642016
"Wilking Rodríguez","NYY",0,1,0,4.24534,13,0,0,1,,13,57,12,6,6,1,6,,0,12,8.63988,4.33854,1.99143,0.975331,0.219811,0.110378,0.1094321459531784,0.234528,1.38823,0.285392,0.726854,,,4.1659,0.0105363,0.0137595,999,,,,,,,62.7,4.823076923076924,62,4.769230769230769,,,,,,,,,,,,,,,,,,,"Wilking Rodriguez","8801",516853
"Kyle Amendt","ARI",1,1,0,3.82101,16,0,0,1,,16,69,14,7,7,2,8,,0,18,10.217,4.61058,2.21598,1.03291,0.26249,0.118453,0.14403685927391052,0.227332,1.37453,0.293946,0.758402,,,3.98377,0.0103622,0.0389431,999,,,,,,,73.4,4.5875,70,4.375,,,,,,,,,,,,,,,,,,,"Kyle Amendt","sa3022904",694900
"Jhony Brito","SDP",1,1,0,4.11229,22,0,0,1,,22,93,22,11,10,3,7,,1,17,6.95921,2.69215,2.585,1.1265,0.182174,0.0704733,0.11170057952404022,0.254164,1.29276,0.288431,0.715743,,,4.2526,0.0101496,-0.0047129,999,,,,,,,82.7,3.7590909090909093,85,3.8636363636363638,,,,,,,,,,,,,,,,,,,"Jhony Brito","25386",666745
"Garrett McDaniels","LAA",3,3,0,4.13146,56,0,0,7,,56,244,56,28,26,6,24,,3,48,7.6397,3.87632,1.97087,1.036,0.194982,0.0989323,0.0960499718785286,0.256787,1.42641,0.302237,0.732086,,,4.39298,0.00954426,0.0167144,999,,,,,,,238.00000000000003,4.250000000000001,245,4.375,,,,,,,,,,,,,,,,,,,"Garrett McDaniels","sa3020619",680729
"Gordon Graceffo","STL",3,4,1,4.35713,50,2,0,1,,57,243,58,30,27,8,18,,2,41,6.46651,2.81489,2.29725,1.19551,0.167817,0.0730511,0.09476562589406967,0.260315,1.33682,0.289116,0.707172,,,4.49899,0.00867851,0.0242589,999,,,,,,,198.59999999999997,3.4842105263157888,207,3.6315789473684212,,,,,,,,,,,,,,,,,,,"Gordon Graceffo","29519",700669
"Yosver Zulueta","CIN",2,2,0,4.49235,36,0,0,1,,36,160,34,20,18,4,18,,3,36,8.96749,4.38602,2.04456,1.06385,0.224743,0.109922,0.11482053250074387,0.245039,1.43092,0.301657,0.700862,,,4.45853,0.00833073,-0.017644,999,,,,,,,141.80000000000004,3.93888888888889,141,3.9166666666666665,,,,,,,,,,,,,,,,,,,"Yosver Zulueta","27765",691172
"Nick Frasso","LAD",1,1,0,4.04462,12,0,0,1,,12,51,11,6,5,2,4,,1,11,8.4849,2.89185,2.93407,1.26,0.222775,0.075927,0.14684835821390152,0.244777,1.26638,0.289784,0.731091,,,4.214,0.00793488,0.000715071,750.8300170898438,,,,,,,46.600000000000016,3.8833333333333346,45,3.75,,,,,,,,,,,,,,,,,,,"Nick Frasso","sa3014492",693308
"Andrew Morris","MIN",1,1,0,4.14909,13,0,0,1,,13,55,13,7,6,2,4,,0,10,7.10224,2.43841,2.91265,1.1309,0.185672,0.0637469,0.121925488114357,0.258873,1.29267,0.295535,0.708851,,,4.13168,0.00757963,-0.0170944,999,,,,,,,49.8,3.8307692307692305,51,3.923076923076923,,,,,,,,,,,,,,,,,,,"Andrew Morris","sa3020569",702193
"Dillon Tate","TOR",1,1,0,4.17179,26,0,0,1,,26,111,26,13,12,3,8,,2,19,6.74797,2.8517,2.3663,0.937865,0.175352,0.0741038,0.10124807804822922,0.255121,1.30476,0.292777,0.692452,,,4.23213,0.00744437,-0.00865214,999,,,,,,,99.9,3.8423076923076924,103,3.9615384615384617,,,,,,,,,,,,,,,,,,,"Dillon Tate","17796",622253
"Davis Daniel","ATL",1,0,0,4.09461,9,0,0,1,,9,38,9,4,4,1,2,,0,8,7.84144,2.36989,3.30878,1.17893,0.206043,0.0622716,0.14377108216285706,0.252818,1.25462,0.294753,0.71236,,,4.0496,0.00710074,0.0191114,746.260009765625,,,,,,,44.90000000000001,4.988888888888891,46,5.111111111111111,,,,,,,,,,,,,,,,,,,"Davis Daniel","27582",669721
"Hunter Bigge","TBR",2,2,0,4.18749,48,0,0,1,,48,209,43,24,22,6,24,,2,52,9.77626,4.50736,2.16895,1.15279,0.249328,0.114953,0.13437474519014359,0.232787,1.39102,0.292025,0.729888,,,4.25704,0.00617148,-0.0288723,687.010009765625,,,,,,,199.60000000000002,4.158333333333334,192,4,,,,,,,,,,,,,,,,,,,"Hunter Bigge","26259",685801
"Mike Burrows","PIT",1,1,0,4.32803,28,0,0,1,,28,120,27,15,13,4,10,,1,25,7.88694,3.32398,2.37274,1.19142,0.204946,0.0863752,0.11857040971517563,0.248379,1.32951,0.289738,0.709076,,,4.3652,0.006043,-0.0109794,749.989990234375,,,,,,,108.80000000000005,3.8857142857142875,109,3.892857142857143,,,,,,,,,,,,,,,,,,,"Mike Burrows","24728",681347
"Dietrich Enns","DET",1,1,0,3.83303,12,0,0,1,,12,51,11,6,5,2,4,,0,12,8.85847,3.28755,2.69455,1.134,0.231404,0.0858783,0.145525261759758,0.236195,1.27414,0.285961,0.743139,,,4.05268,0.00603663,-0.00476298,999,,,,,,,51.600000000000016,4.300000000000002,50,4.166666666666667,,,,,,,,,,,,,,,,,,,"Dietrich Enns","13932",608650
"Josh Simpson","MIA",2,2,0,4.13732,41,0,0,1,,41,180,37,21,19,5,21,,3,44,9.62239,4.55032,2.11466,1.03779,0.243271,0.11504,0.12823055684566498,0.235889,1.40585,0.298234,0.726009,,,4.26261,0.00597113,0.0106464,999,,,,,,,165.70000000000005,4.041463414634148,160,3.902439024390244,,,,,,,,,,,,,,,,,,,"Josh Simpson","sa1053035",681006
"Kendall Graveman","ARI",4,3,0,3.85993,53,0,0,7,,53,230,48,25,23,6,24,,4,52,8.78017,4.03059,2.17838,0.947687,0.224689,0.103145,0.12154443562030792,0.239015,1.36188,0.294804,0.73497,,,4.13733,0.00556173,0.0735665,748.989990234375,,,,,,,241.60000000000002,4.558490566037737,235,4.433962264150943,,,,,,,,,,,,,,,,,,,"Kendall Graveman","15514",608665
"Brad Lord","WSN",1,2,1,4.81947,25,2,0,1,,32,140,34,19,17,5,10,,3,21,6.00748,2.77362,2.16594,1.29548,0.152679,0.0704908,0.08218778669834137,0.268249,1.37637,0.291502,0.675851,,,4.87221,0.00498796,0.0241052,999,,,,,,,93.9,2.934375,102,3.1875,,,,,,,,,,,,,,,,,,,"Brad Lord","sa3020812",695418
"Matt Festa","TEX",1,1,0,4.32583,10,0,0,1,,10,43,9,5,5,1,4,,1,9,8.52752,3.5103,2.42928,1.19641,0.221051,0.0909943,0.1300567090511322,0.241728,1.31937,0.288121,0.707876,,,4.32497,0.00489217,-0.00068279,999,,,,,,,45.300000000000004,4.53,44,4.4,,,,,,,,,,,,,,,,,,,"Matt Festa","19330",670036
"Colten Brewer","NYY",1,1,0,4.50206,24,0,0,1,,24,105,23,13,12,3,10,,1,22,8.34664,3.67215,2.27296,1.177,0.212031,0.0932841,0.1187465488910675,0.243165,1.35906,0.287518,0.701341,,,4.4002,0.00479132,-0.0341619,999,,,,,,,95.90000000000002,3.995833333333334,96,4,,,,,,,,,,,,,,,,,,,"Colten Brewer","12997",605155
"Gabriel Hughes","COL",1,1,0,4.70977,18,0,0,1,,18,79,19,10,9,3,7,,1,16,8.1406,3.4793,2.33972,1.281,0.207314,0.0886062,0.11870782822370529,0.265172,1.42987,0.312015,0.706608,,,4.49369,0.00476925,0.0124587,999,,,,,,,58.90000000000001,3.272222222222223,63,3.5,,,,,,,,,,,,,,,,,,,"Gabriel Hughes","sa3020661",687312
"Cristian Javier","HOU",1,1,0,4.0371,16,0,0,1,,16,67,14,8,7,2,6,,1,17,9.39343,3.38602,2.77418,1.35429,0.249223,0.0898368,0.1593865007162094,0.22941,1.24072,0.27738,0.739089,,,4.29381,0.00474961,-0.00334957,718.989990234375,,,,,,,74.4,4.65,71,4.4375,,,,,,,,,,,,,,,,,,,"Cristian Javier","17606",664299
"Trevor Gott","SEA",1,1,0,4.04104,11,0,0,1,,11,47,10,5,5,1,4,,1,10,8.3862,3.0492,2.7503,1.0644,0.21935,0.0797549,0.13959474861621857,0.241983,1.27307,0.290308,0.71725,,,4.00174,0.00472651,0.00423397,999,,,,,,,52.10000000000001,4.736363636363637,51,4.636363636363637,,,,,,,,,,,,,,,,,,,"Trevor Gott","15046",641627
"Gus Varland","CHW",2,3,0,4.42024,48,0,2,1,,48,212,48,25,24,6,19,,3,44,8.24312,3.63094,2.27024,1.16393,0.207697,0.0914866,0.1162102073431015,0.251969,1.39572,0.298303,0.715295,,,4.43094,0.00449273,-0.0219331,749.6099853515625,,,,,,,192.60000000000002,4.0125,198,4.125,,,,,,,,,,,,,,,,,,,"Gus Varland","24737",681402
"Miguel Castro","HOU",2,2,0,4.29026,28,0,0,1,,28,120,26,15,13,3,11,,2,26,8.36154,3.63934,2.29754,1.09876,0.216254,0.0941239,0.12212978303432465,0.243344,1.33675,0.291433,0.701319,,,4.28936,0.00418421,-0.0371965,999,,,,,,,119.70000000000005,4.275000000000001,118,4.214285714285714,,,,,,,,,,,,,,,,,,,"Miguel Castro","15684",612434
"Tyler Wells","BAL",1,0,0,4.15989,10,0,0,1,,10,41,9,5,5,2,3,,0,9,8.37371,2.4426,3.4282,1.39517,0.226108,0.0659554,0.16015301644802094,0.242001,1.19441,0.281455,0.716331,,,4.22335,0.00388377,-0.00426561,999,,,,,,,39,3.9,37,3.7,,,,,,,,,,,,,,,,,,,"Tyler Wells","20000",669330
"Luis González","BAL",1,1,0,3.99609,26,0,0,1,,26,110,25,12,12,4,8,,1,25,8.4871,2.88062,2.94627,1.256,0.222362,0.0754723,0.14688970148563385,0.246007,1.27394,0.291363,0.738696,,,4.18508,0.00381007,0.020176,999,,,,,,,105.19999999999999,4.046153846153846,105,4.038461538461538,,,,,,,,,,,,,,,,,,,"Luis Gonzalez","sa550522",593574
"Ryan Bergert","SDP",1,1,1,4.69406,17,2,0,1,,23,101,23,13,12,4,9,,1,18,7.08296,3.43852,2.05989,1.41293,0.18107,0.0879029,0.09316708147525787,0.256392,1.38901,0.284896,0.707757,,,4.89031,0.00364781,-0.0333811,999,,,,,,,71.2,3.095652173913044,73,3.1739130434782608,,,,,,,,,,,,,,,,,,,"Ryan Bergert","sa3017418",686701
"Michael Kelly","ATH",1,1,0,4.15337,17,0,0,1,,17,73,16,9,8,2,7,,1,16,8.33762,3.4981,2.38347,1.04003,0.214484,0.0899883,0.12449583411216736,0.244092,1.33679,0.292918,0.710187,,,4.12088,0.00360319,-0.0247979,999,,,,,,,71.60000000000002,4.211764705882354,71,4.176470588235294,,,,,,,,,,,,,,,,,,,"Michael Kelly","12791",547184
"Jordan Balazovic","DET",0,0,0,4.06323,6,0,0,1,,6,26,6,3,3,1,2,,0,5,8.15452,3.66223,2.22665,0.956971,0.209601,0.0941329,0.11546836793422699,0.243595,1.35193,0.292524,0.717766,,,4.06662,0.0033523,-0.00175214,999,,,,,,,24.500000000000007,4.083333333333335,25,4.166666666666667,,,,,,,,,,,,,,,,,,,"Jordan Balazovic","21866",666364
"Vince Velasquez","CLE",0,0,0,4.03095,8,0,0,1,,8,34,7,4,4,1,3,,0,8,9.17168,3.04076,3.01624,1.286,0.240093,0.0796001,0.16049300134181976,0.240264,1.26713,0.290635,0.738346,,,4.11636,0.00206876,-0.0033319,999,,,,,,,39.7,4.9625,38,4.75,,,,,,,,,,,,,,,,,,,"Vince Velasquez","11189",592826
"Yohan Ramírez","PIT",1,1,0,4.33186,15,0,0,1,,15,66,14,8,7,1,7,,2,14,8.26393,3.90265,2.11752,0.864435,0.208102,0.0982763,0.10982547700405121,0.244071,1.36786,0.297921,0.689018,,,4.3326,0.00149577,-0.00480097,999,,,,,,,67.30000000000001,4.486666666666667,67,4.466666666666667,,,,,,,,,,,,,,,,,,,"Yohan Ramirez","19444",670990
"Zach Maxwell","CIN",2,2,0,4.61853,32,0,0,1,,32,141,28,18,16,4,18,,1,35,9.91668,5.09282,1.94719,1.23549,0.24974,0.128257,0.12148317694664001,0.232875,1.45203,0.291829,0.716104,,,4.56751,0.00145426,-0.0219587,999,,,,,,,131.8,4.11875,125,3.90625,,,,,,,,,,,,,,,,,,,"Zach Maxwell","sa3020255",687209
"Luis Frías","CLE",1,1,0,4.2538,13,0,0,1,,13,57,12,7,6,1,6,,1,13,9.00823,4.14162,2.17505,1.02244,0.229017,0.105293,0.12372444570064545,0.241324,1.39453,0.297668,0.717607,,,4.13758,0.00142939,-0.0197987,999,,,,,,,61.7,4.746153846153846,61,4.6923076923076925,,,,,,,,,,,,,,,,,,,"Luis Frias","21997",666818
"Carson Seymour","SFG",1,1,0,3.99967,22,0,0,1,,22,95,22,11,10,2,7,,1,18,7.27717,2.92896,2.48456,0.940372,0.186997,0.0752636,0.11173295229673386,0.256163,1.3358,0.298855,0.714155,,,4.04704,0.00126049,-0.00689874,999,,,,,,,97.00000000000001,4.40909090909091,100,4.545454545454546,,,,,,,,,,,,,,,,,,,"Carson Seymour","sa3017868",693313
"Chad Patrick","MIL",1,1,0,4.23457,24,0,0,1,,24,102,23,12,11,4,7,,1,22,8.0673,2.66313,3.02926,1.33699,0.211646,0.0698673,0.1417788863182068,0.2458,1.25352,0.283783,0.713001,,,4.32281,0.00125905,0.00652141,999,,,,,,,92.60000000000004,3.8583333333333347,92,3.8333333333333335,,,,,,,,,,,,,,,,,,,"Chad Patrick","sa3017933",694477
"Andrew Misiaszek","CLE",2,1,0,3.99266,27,0,0,1,,27,117,25,13,12,3,12,,1,28,9.29561,4.06377,2.28743,1.10675,0.238567,0.104294,0.13427221029996872,0.237487,1.36102,0.294156,0.746036,,,4.19871,0.00118489,0.00644511,999,,,,,,,118.9,4.403703703703704,117,4.333333333333333,,,,,,,,,,,,,,,,,,,"Andrew Misiaszek","sa3010118",667280
"Hayden Harris","ATL",1,1,0,4.11765,12,0,0,1,,12,52,11,6,5,2,6,,1,13,9.76666,4.21398,2.31768,1.13948,0.248105,0.107049,0.14105583727359772,0.237563,1.38557,0.298426,0.734717,,,4.17926,0.00116705,0.00496804,999,,,,,,,44.600000000000016,3.716666666666668,43,3.5833333333333335,,,,,,,,,,,,,,,,,,,"Hayden Harris","sa3019913",802686
"JT Chargois","TEX",1,1,0,4.10217,13,0,0,1,,13,55,12,6,6,2,5,,1,12,8.23716,3.6357,2.26563,1.15282,0.215347,0.0950496,0.12029790878295898,0.241651,1.31992,0.286801,0.723226,,,4.38023,0.00114943,0.014633,999,,,,,,,50.39999999999999,3.8769230769230765,49,3.769230769230769,,,,,,,,,,,,,,,,,,,"JT Chargois","13767",608638
"Yerry De Los Santos","NYY",1,2,0,4.24064,34,0,0,1,,34,146,34,17,16,4,12,,1,27,7.24574,3.22819,2.24452,1.14687,0.187436,0.0835082,0.10392773896455765,0.253738,1.34793,0.290548,0.71685,,,4.40262,0.00103292,-0.00446519,999,,,,,,,133.00000000000003,3.9117647058823537,137,4.029411764705882,,,,,,,,,,,,,,,,,,,"Yerry De Los Santos","21420",660787
"Anthony Molina","COL",1,1,0,4.88774,22,0,0,1,,22,97,25,13,12,3,7,,1,15,6.26748,2.77268,2.26044,1.20261,0.15876,0.0702342,0.08852610737085342,0.275291,1.42197,0.304789,0.680515,,,4.53128,0.000960356,-0.00698377,999,,,,,,,70.9,3.222727272727273,81,3.6818181818181817,,,,,,,,,,,,,,,,,,,"Anthony Molina","26952",683627
"Carson Ragsdale","SFG",1,2,0,4.05783,28,0,0,1,,28,121,26,14,13,3,11,,1,28,9.0584,3.37541,2.68364,1.12012,0.232989,0.086818,0.14617065340280533,0.24104,1.31329,0.294686,0.724504,,,4.05373,0.000560203,-0.00915369,999,,,,,,,126.70000000000005,4.525000000000001,125,4.464285714285714,,,,,,,,,,,,,,,,,,,"Carson Ragsdale","sa3014922",685068
"Tommy Nance","TOR",2,2,0,4.15691,42,0,0,1,,42,181,41,21,19,5,15,,2,37,8.01202,3.21638,2.49101,1.12553,0.206579,0.0829299,0.12364892661571503,0.250154,1.33138,0.294943,0.715719,,,4.25906,0.000507325,-0.0148228,999,,,,,,,169.70000000000002,4.040476190476191,172,4.095238095238095,,,,,,,,,,,,,,,,,,,"Tommy Nance","19178",667297
"Tyler Mattison","DET",1,1,0,4.01284,16,0,0,1,,16,69,14,8,7,2,7,,1,16,8.86477,3.85234,2.30114,1.102,0.229104,0.099561,0.12954293936491013,0.235978,1.33241,0.286944,0.733779,,,4.18878,0.000337579,-0.00650218,999,,,,,,,69.4,4.3375,66,4.125,,,,,,,,,,,,,,,,,,,"Tyler Mattison","sa3018117",694331
"Alex Speas","MIN",1,1,0,4.32165,10,0,0,1,,10,45,8,5,5,1,7,,1,11,9.90347,5.92251,1.67217,0.848337,0.245878,0.147041,0.0988370031118393,0.226214,1.50445,0.295312,0.714008,,,4.39242,0.000263457,-0.00118281,999,,,,,,,42.900000000000006,4.290000000000001,39,3.9,,,,,,,,,,,,,,,,,,,"Alex Speas","21859",666208
"Randy Dobnak","MIN",0,0,0,4.22546,8,0,0,1,,8,35,8,4,4,1,3,,0,6,7.26033,3.2899,2.20685,1.0026,0.18483,0.0837526,0.10107724368572235,0.261341,1.39798,0.303728,0.713592,,,4.24345,0.000220876,-0.000907348,999,,,,,,,33.10000000000001,4.137500000000001,34,4.25,,,,,,,,,,,,,,,,,,,"Randy Dobnak","23798",677976
"Justin Lawrence","PIT",3,4,0,4.38905,55,0,0,7,,55,243,53,29,27,5,26,,4,50,8.18361,4.2833,1.91059,0.882601,0.205829,0.107731,0.09809812158346176,0.249178,1.43913,0.30269,0.697114,,,4.27927,0.000139959,-0.00728958,749.4600219726562,,,,,,,245.7,4.467272727272727,248,4.509090909090909,,,,,,,,,,,,,,,,,,,"Justin Lawrence","17639",664875
"Trevor Richards","CHC",1,1,0,4.23954,22,0,0,1,,22,93,19,11,10,3,10,,1,24,9.76724,4.07908,2.39447,1.24958,0.255356,0.106644,0.14871199429035187,0.229082,1.31698,0.284681,0.724414,,,4.23941,-0.000182577,-0.00319866,999,,,,,,,95.5,4.340909090909091,90,4.090909090909091,,,,,,,,,,,,,,,,,,,"Trevor Richards","19309",670950
"Junior Fernández","KCR",0,0,0,4.30793,8,0,0,1,,8,35,8,4,4,1,4,,0,7,7.52861,4.04798,1.85985,0.954,0.190974,0.102683,0.08829118311405182,0.258387,1.4535,0.305135,0.71553,,,4.35848,-0.000372844,0.00593865,999,,,,,,,32.10000000000001,4.012500000000001,33,4.125,,,,,,,,,,,,,,,,,,,"Junior Fernandez","18496",658551
"Ryan Borucki","PIT",1,1,0,4.19641,32,0,0,1,,32,140,30,16,15,4,14,,3,32,8.92905,3.94346,2.26427,1.049,0.227336,0.100402,0.12693455815315247,0.242731,1.36909,0.298681,0.716182,,,4.28403,-0.000517554,0.021958,999,,,,,,,126.60000000000002,3.9562500000000007,125,3.90625,,,,,,,,,,,,,,,,,,,"Ryan Borucki","16350",621366
"Edgardo Henriquez","LAD",1,1,0,4.41123,22,0,0,1,,22,96,19,12,11,3,11,,2,23,9.54909,4.3863,2.17703,1.23778,0.243531,0.111864,0.13166678696870804,0.232074,1.36871,0.286175,0.715794,,,4.50964,-0.000578724,-0.0305634,999,,,,,,,87.5,3.977272727272727,82,3.727272727272727,,,,,,,,,,,,,,,,,,,"Edgardo Henriquez","26944",683618
"Peter Strzelecki","PIT",1,1,0,4.47058,24,0,0,1,,24,105,24,13,12,3,10,,2,21,7.98828,3.60337,2.21689,1.12191,0.203124,0.0916257,0.1114986464381218,0.251859,1.3827,0.29697,0.702423,,,4.41989,-0.00101446,-0.0136341,999,,,,,,,88.30000000000001,3.679166666666667,91,3.7916666666666665,,,,,,,,,,,,,,,,,,,"Peter Strzelecki","21367",657265
"Chris Murphy","BOS",0,0,0,4.46913,8,0,0,1,,8,35,8,4,4,1,3,,0,7,7.75658,3.7285,2.08035,1.08763,0.196969,0.0946804,0.10228811204433441,0.255472,1.41259,0.299984,0.702755,,,4.41729,-0.00107987,0.0075963,999,,,,,,,35.10000000000001,4.387500000000001,36,4.5,,,,,,,,,,,,,,,,,,,"Chris Murphy","26214",669684
"Albert Abreu","CIN",1,1,0,4.50015,24,0,0,1,,24,105,23,13,12,3,11,,1,24,9.01811,4.24924,2.12229,1.275,0.228258,0.107552,0.12070503830909729,0.248293,1.4316,0.300598,0.725003,,,4.58086,-0.00119893,-0.00327608,999,,,,,,,96.90000000000002,4.0375000000000005,97,4.041666666666667,,,,,,,,,,,,,,,,,,,"Albert Abreu","17485",656061
"Connor Phillips","CIN",1,1,0,4.72716,18,0,0,1,,18,80,17,10,9,3,9,,1,19,9.29247,4.40152,2.1112,1.27907,0.232743,0.110242,0.12250076979398727,0.244173,1.43725,0.297591,0.705231,,,4.60781,-0.00124051,-0.00846702,999,,,,,,,64.10000000000001,3.561111111111112,63,3.5,,,,,,,,,,,,,,,,,,,"Connor Phillips","27649",683175
"Justin Wrobleski","LAD",2,2,0,4.37543,40,0,0,1,,40,171,39,21,19,6,14,,1,36,8.0384,3.12351,2.57352,1.35592,0.208582,0.0810493,0.12753265351057053,0.250176,1.32334,0.288825,0.717315,,,4.47771,-0.00137247,-0.0300718,737.4000244140625,,,,,,,151.79999999999998,3.7949999999999995,153,3.825,,,,,,,,,,,,,,,,,,,"Justin Wrobleski","31204",680736
"Mason Fluharty","TOR",1,1,0,4.13778,22,0,0,1,,22,95,21,11,10,3,8,,1,21,8.44932,3.43058,2.46294,1.17793,0.218382,0.0886673,0.12971479445695877,0.241243,1.31318,0.286766,0.725867,,,4.29713,-0.0014007,-0.00724076,999,,,,,,,90.30000000000001,4.104545454545455,90,4.090909090909091,,,,,,,,,,,,,,,,,,,"Mason Fluharty","sa3020261",689254
"Alex Cornwell","STL",0,0,0,4.13386,8,0,0,1,,8,35,8,4,4,1,2,,0,6,6.3931,2.71255,2.35686,1.047,0.164602,0.0698396,0.09476260840892792,0.264715,1.35268,0.29731,0.714442,,,4.29049,-0.00146891,0.000220588,999,,,,,,,36.10000000000001,4.512500000000001,37,4.625,,,,,,,,,,,,,,,,,,,"Alex Cornwell","sa3017501",676498
"Jacob Lopez","ATH",1,1,0,4.0652,22,0,0,1,,22,95,20,11,10,3,9,,1,21,8.72504,3.7734,2.31225,1.13196,0.225304,0.0974393,0.12786439806222916,0.23795,1.3282,0.287438,0.726833,,,4.31169,-0.00233462,-0.0114287,999,,,,,,,89.9,4.086363636363637,87,3.9545454545454546,,,,,,,,,,,,,,,,,,,"Jacob Lopez","25098",682052
"Keegan Thompson","CHC",1,1,0,4.05646,12,0,0,1,,12,51,10,6,5,1,5,,1,12,9.20649,4.02662,2.2864,1.12135,0.239794,0.104878,0.13491567969322205,0.231457,1.32049,0.285185,0.73051,,,4.22174,-0.00243309,-0.00175667,999,,,,,,,60.500000000000014,5.041666666666668,57,4.75,,,,,,,,,,,,,,,,,,,"Keegan Thompson","19795",624522
"Hunter Dobbins","BOS",1,1,0,4.44423,14,0,0,1,,14,61,14,7,7,2,5,,1,11,6.99624,2.99131,2.33885,1.15253,0.179536,0.0767626,0.10277368873357773,0.261934,1.36584,0.297822,0.702958,,,4.4294,-0.00243547,0.0133255,999,,,,,,,50.6,3.6142857142857143,52,3.7142857142857144,,,,,,,,,,,,,,,,,,,"Hunter Dobbins","sa3018275",690928
"J.B. Wendelken","SDP",1,1,0,4.14951,17,0,0,1,,17,73,16,8,8,2,7,,1,15,8.1243,3.72637,2.18022,1.153,0.210781,0.0966788,0.11410204321146011,0.246023,1.35544,0.290912,0.729682,,,4.39514,-0.00246734,0.0141113,999,,,,,,,69.60000000000002,4.094117647058825,69,4.0588235294117645,,,,,,,,,,,,,,,,,,,"J.B. Wendelken","14506",605525
"Jonathan Bowlan","KCR",3,3,0,4.46418,44,0,0,1,,44,191,46,24,22,6,14,,2,34,7.04946,2.91184,2.42096,1.20036,0.180246,0.0744523,0.10579400509595871,0.262334,1.36549,0.297387,0.703304,,,4.45493,-0.00272518,-0.0282201,999,,,,,,,156.20000000000002,3.5500000000000003,166,3.772727272727273,,,,,,,,,,,,,,,,,,,"Jonathan Bowlan","24607",680742
"Ethan Small","SFG",0,0,0,4.02745,8,0,0,1,,8,35,8,4,4,1,3,,0,7,8.38666,3.82654,2.19171,1.02389,0.214586,0.0979083,0.11667781323194504,0.24221,1.36557,0.29138,0.733402,,,4.16169,-0.00272932,-0.00243019,999,,,,,,,35.10000000000001,4.387500000000001,36,4.5,,,,,,,,,,,,,,,,,,,"Ethan Small","26364",663629
"Mason Montgomery","TBR",3,3,0,4.03899,60,0,2,12,,60,256,56,29,27,8,22,,3,58,8.75468,3.32685,2.63152,1.17313,0.227744,0.0865445,0.14119939506053925,0.240316,1.29598,0.289286,0.728758,,,4.16522,-0.00274543,0.0575255,611.4000244140625,,,,,,,299,4.983333333333333,295,4.916666666666667,,,,,,,,,,,,,,,,,,,"Mason Montgomery","29770",682254
"Carlos Rodriguez","MIL",1,1,0,4.33759,12,0,0,1,,12,51,11,6,6,2,4,,1,11,8.41578,3.34289,2.51751,1.3003,0.218052,0.0866142,0.1314382255077362,0.240183,1.29751,0.281542,0.712187,,,4.47251,-0.00277467,0.00330024,999,,,,,,,46.600000000000016,3.8833333333333346,45,3.75,,,,,,,,,,,,,,,,,,,"Carlos Rodriguez","30161",692230
"Zach Pop","TOR",2,2,0,4.27187,35,0,0,1,,35,152,35,18,17,4,13,,2,28,7.09215,3.2654,2.17191,0.985601,0.181993,0.083794,0.09819874167442322,0.25479,1.3581,0.294398,0.700781,,,4.28513,-0.00300224,-0.027439,999,,,,,,,133.8,3.8228571428571434,138,3.942857142857143,,,,,,,,,,,,,,,,,,,"Zach Pop","20185",647315
"Josh Fleming","SEA",1,1,0,4.06085,15,0,0,1,,15,65,16,7,7,2,4,,0,9,5.49217,2.61101,2.10347,0.900437,0.140574,0.0668298,0.07374445348978043,0.269756,1.37397,0.297436,0.712085,,,4.21605,-0.00329549,-0.000106166,999,,,,,,,54.800000000000004,3.6533333333333338,59,3.933333333333333,,,,,,,,,,,,,,,,,,,"Josh Fleming","20418",676596
"Justin Hagenman","NYM",1,1,0,4.29787,12,0,0,1,,12,51,12,6,6,2,4,,1,11,7.94588,2.75428,2.88492,1.30217,0.207867,0.0720531,0.1358143538236618,0.247822,1.27127,0.286174,0.70992,,,4.33885,-0.00330326,-0.00494622,999,,,,,,,44.000000000000014,3.666666666666668,45,3.75,,,,,,,,,,,,,,,,,,,"Justin Hagenman","sa3008022",663795
"Gavin Hollowell","CHC",0,0,0,4.2833,6,0,0,1,,6,26,5,3,3,1,3,,0,6,9.01999,3.86282,2.33508,1.14457,0.231606,0.0991856,0.13242052495479584,0.237094,1.33556,0.289296,0.707221,,,4.32882,-0.00346421,-0.000878361,999,,,,,,,26.10000000000001,4.350000000000001,24,4,,,,,,,,,,,,,,,,,,,"Gavin Hollowell","25427",668970
"Sem Robberse","STL",1,1,0,4.18723,20,0,0,1,,20,86,20,10,9,3,6,,1,16,7.26822,2.92163,2.48773,1.148,0.188905,0.0759348,0.11297059804201126,0.252968,1.31516,0.28954,0.714061,,,4.28779,-0.00347621,0.000559546,999,,,,,,,74.1,3.7049999999999996,76,3.8,,,,,,,,,,,,,,,,,,,"Sem Robberse","sa3011735",691828
"Austin Adams","BOS",0,1,0,4.52976,13,0,0,1,,13,58,11,7,7,2,7,,3,15,10.7251,4.86185,2.20598,1.043,0.265525,0.120366,0.14515899866819382,0.223771,1.3747,0.29674,0.681969,,,4.56598,-0.00351313,-0.00201274,999,,,,,,,46.99999999999999,3.615384615384615,43,3.3076923076923075,,,,,,,,,,,,,,,,,,,"Austin Adams","13801",613534
"Tejay Antone","CIN",0,0,0,4.80422,6,0,0,1,,6,26,6,3,3,1,3,,0,6,8.39824,3.86608,2.17229,1.36581,0.214073,0.0985474,0.11552583426237106,0.25425,1.41444,0.298743,0.703995,,,4.729,-0.00374135,0.0068181,999,,,,,,,23.500000000000007,3.916666666666668,24,4,,,,,,,,,,,,,,,,,,,"Tejay Antone","16233",622088
"Parker Mushinski","CLE",0,1,0,4.18558,12,0,0,1,,12,53,12,6,6,1,5,,1,10,7.82236,3.77463,2.07235,0.952177,0.198189,0.0956348,0.10255438089370728,0.248642,1.38541,0.295586,0.711909,,,4.30455,-0.00395953,-0.00383518,999,,,,,,,51.30000000000001,4.275000000000001,53,4.416666666666667,,,,,,,,,,,,,,,,,,,"Parker Mushinski","21324",656786
"Anthony Misiewicz","MIN",2,2,0,4.3207,42,0,0,1,,42,183,42,22,20,6,15,,1,39,8.3042,3.26107,2.54646,1.23875,0.212188,0.0833266,0.12886140495538712,0.254896,1.37132,0.300662,0.723427,,,4.28058,-0.00452961,-0.0363538,999,,,,,,,161.8,3.8523809523809525,166,3.9523809523809526,,,,,,,,,,,,,,,,,,,"Anthony Misiewicz","18152",664948
"Chris Flexen","CHC",0,0,0,4.55844,8,0,0,1,,8,35,8,4,4,1,3,,0,6,7.29826,2.9881,2.44244,1.27913,0.186249,0.0762551,0.10999370366334915,0.263112,1.38327,0.298817,0.70715,,,4.4677,-0.00467293,-0.0011864,750.8800048828125,,,,,,,33.10000000000001,4.137500000000001,34,4.25,,,,,,,,,,,,,,,,,,,"Chris Flexen","13896",623167
"Francis Pena","SDP",1,1,0,4.27001,19,0,0,1,,19,82,19,10,9,2,7,,1,16,7.42153,3.32715,2.2306,1.12422,0.1907,0.0854927,0.10520707070827484,0.251419,1.35104,0.289952,0.712264,,,4.40372,-0.00496218,-0.0198107,999,,,,,,,78.6,4.136842105263158,81,4.2631578947368425,,,,,,,,,,,,,,,,,,,"Francis Pena","sa3019374",800212
"Justin King","MIA",0,0,0,4.4849,6,0,0,1,,6,27,6,3,3,1,3,,0,6,9.25269,4.8811,1.89561,1.11996,0.231412,0.122078,0.10933442413806915,0.240863,1.46504,0.298049,0.723326,,,4.56352,-0.00525399,0.0038103,999,,,,,,,23.500000000000007,3.916666666666668,24,4,,,,,,,,,,,,,,,,,,,"Justin King","sa3018278",659381
"Ethan Roberts","CHC",1,1,0,4.18453,30,0,0,1,,30,130,28,15,14,4,12,,2,30,8.8849,3.622,2.45304,1.15079,0.227667,0.0928102,0.13485665619373322,0.240335,1.33042,0.291362,0.715903,,,4.2794,-0.00528185,-0.00431019,999,,,,,,,122.00000000000001,4.066666666666667,120,4,,,,,,,,,,,,,,,,,,,"Ethan Roberts","24930",681799
"Seth Martinez","MIA",2,2,0,4.23353,48,0,0,1,,48,208,47,24,23,6,18,,3,40,7.40745,3.45994,2.14092,1.08902,0.189537,0.0885306,0.1010064110159874,0.25281,1.36948,0.292664,0.719378,,,4.43152,-0.00573761,0.0300911,999,,,,,,,180.20000000000005,3.7541666666666678,183,3.8125,,,,,,,,,,,,,,,,,,,"Seth Martinez","21045",661527
"Chase Shugart","PIT",1,1,0,4.51794,17,0,0,1,,17,74,18,9,9,2,6,,1,13,7.00811,3.35084,2.09145,1.1441,0.17787,0.0850462,0.09282353520393372,0.262463,1.41028,0.298743,0.704438,,,4.53101,-0.0060041,-0.00347666,999,,,,,,,63.40000000000002,3.7294117647058833,68,4,,,,,,,,,,,,,,,,,,,"Chase Shugart","21544",663767
"Cory Lewis","MIN",0,1,0,4.40998,9,0,0,1,,9,39,9,5,4,1,4,,0,8,8.26497,3.72898,2.21642,1.28381,0.212168,0.0957257,0.11644233763217926,0.249644,1.38546,0.292846,0.720882,,,4.499,-0.00610541,-0.0166202,999,,,,,,,38.90000000000001,4.322222222222224,40,4.444444444444445,,,,,,,,,,,,,,,,,,,"Cory Lewis","sa3020702",675375
"Jesse Chavez","ATL",2,2,0,4.20003,44,0,0,1,,44,189,44,22,21,6,15,,1,40,8.14851,3.06424,2.65922,1.19804,0.211267,0.079447,0.13182028383016586,0.253335,1.33261,0.2985,0.722344,,,4.19384,-0.0061776,0.0177098,999,,,,,,,173.4,3.940909090909091,178,4.045454545454546,,,,,,,,,,,,,,,,,,,"Jesse Chavez","5448",445926
"Alek Jacob","SDP",2,2,0,4.1724,53,0,0,7,,53,228,49,26,25,7,20,,4,49,8.25037,3.442,2.39697,1.20015,0.213217,0.0889528,0.12426438927650452,0.241552,1.31259,0.284504,0.723825,,,4.41266,-0.00632256,0.00706165,999,,,,,,,232.70000000000002,4.39056603773585,228,4.30188679245283,,,,,,,,,,,,,,,,,,,"Alek Jacob","29628",689690
"Taylor Clarke","KCR",1,1,0,4.5152,22,0,0,1,,22,96,23,12,11,3,7,,1,18,7.31371,2.75245,2.65717,1.27948,0.186438,0.0701641,0.11627357453107834,0.265242,1.37065,0.301548,0.711388,,,4.42198,-0.00646508,-0.0141678,999,,,,,,,82.10000000000001,3.7318181818181824,87,3.9545454545454546,,,,,,,,,,,,,,,,,,,"Taylor Clarke","17611",664199
"Eiberson Castellano","MIN",2,2,0,4.34269,36,0,0,1,,36,158,35,19,17,5,13,,3,34,8.57681,3.35308,2.55789,1.16726,0.217765,0.0851343,0.13263020664453506,0.248094,1.34185,0.297278,0.704356,,,4.35438,-0.00673009,-0.0355223,999,,,,,,,137.90000000000003,3.8305555555555566,139,3.861111111111111,,,,,,,,,,,,,,,,,,,"Eiberson Castellano","sa3015414",682769
"Giovanny Gallegos","LAD",1,1,0,4.56386,16,0,0,1,,16,68,15,9,8,3,6,,0,16,8.80117,3.19129,2.75787,1.46286,0.228485,0.0828485,0.1456369385123253,0.244884,1.30849,0.287259,0.706167,,,4.47763,-0.00688412,-0.0308199,999,,,,,,,60.5,3.78125,59,3.6875,,,,,,,,,,,,,,,,,,,"Giovanny Gallegos","14986",606149
"Jose Cuas","PHI",0,1,0,4.5598,10,0,0,1,,10,44,10,5,5,1,5,,1,10,8.61448,4.1853,2.05827,1.21486,0.215464,0.104682,0.11078165471553802,0.246026,1.42008,0.293956,0.709843,,,4.68836,-0.00703975,0.00454011,999,,,,,,,41.7,4.17,43,4.3,,,,,,,,,,,,,,,,,,,"Jose Cuas","17701",621016
"Grant Anderson","MIL",1,2,0,4.34334,33,0,0,1,,33,143,31,17,16,5,13,,2,33,9.04444,3.49019,2.59139,1.34937,0.23261,0.0897627,0.14284759759902954,0.241152,1.32151,0.288472,0.723053,,,4.45086,-0.00710489,-0.00678629,999,,,,,,,127.10000000000005,3.851515151515153,125,3.787878787878788,,,,,,,,,,,,,,,,,,,"Grant Anderson","20546",681982
"Dakota Hudson","LAA",0,0,0,4.79787,6,0,0,1,,6,27,6,3,3,1,2,,0,4,6.01599,3.60148,1.67042,1.08147,0.150979,0.0903838,0.0605953112244606,0.270553,1.47468,0.299833,0.685856,,,4.75923,-0.00723882,0.00172953,999,,,,,,,22.500000000000007,3.7500000000000013,23,3.8333333333333335,,,,,,,,,,,,,,,,,,,"Dakota Hudson","19206",641712
"Jose E. Hernandez","LAD",0,0,0,4.30237,8,0,0,1,,8,35,8,4,4,1,4,,0,8,8.64574,4.0149,2.15341,1.307,0.221141,0.102693,0.11844786256551743,0.243364,1.38497,0.288387,0.737858,,,4.59139,-0.00758659,0.000485919,999,,,,,,,34.10000000000001,4.262500000000001,35,4.375,,,,,,,,,,,,,,,,,,,"Jose E. Hernandez","22318",669796
"Tyler Ferguson","ATH",3,3,0,4.13249,62,0,0,14,,62,268,54,31,28,7,29,,5,64,9.27991,4.2652,2.17573,1.04676,0.23873,0.109724,0.1290057972073555,0.231076,1.34411,0.287916,0.715041,,,4.27602,-0.00759424,-0.00335388,749.7899780273438,,,,,,,314.29999999999995,5.0693548387096765,301,4.854838709677419,,,,,,,,,,,,,,,,,,,"Tyler Ferguson","19481",621053
"Cody Bolton","SEA",1,2,0,4.07495,35,0,0,1,,35,152,32,17,16,4,15,,2,33,8.49743,3.86433,2.19894,1.08041,0.21743,0.0988792,0.11855030804872513,0.239665,1.35498,0.287917,0.72968,,,4.27949,-0.0076216,-0.0232635,999,,,,,,,145.60000000000002,4.160000000000001,142,4.057142857142857,,,,,,,,,,,,,,,,,,,"Cody Bolton","23265",675989
"Elvin Rodriguez","MIL",1,1,0,4.23572,25,0,0,1,,25,106,24,13,12,4,8,,1,23,8.33501,2.90992,2.86435,1.398,0.217915,0.0760784,0.14183646440505981,0.246236,1.28036,0.28579,0.731035,,,4.42324,-0.00801577,-0.00936549,999,,,,,,,96.4,3.8560000000000003,96,3.84,,,,,,,,,,,,,,,,,,,"Elvin Rodriguez","20962",660730
"Austin Cox","KCR",0,0,0,4.51498,9,0,0,1,,9,40,9,5,5,1,4,,0,7,6.88132,3.79248,1.81447,1.09224,0.173925,0.0958549,0.07807060331106186,0.257553,1.43458,0.292599,0.707654,,,4.60141,-0.00818327,-0.00852292,999,,,,,,,36.90000000000001,4.100000000000001,38,4.222222222222222,,,,,,,,,,,,,,,,,,,"Austin Cox","24604",680735
"Marc Church","TEX",3,4,0,4.41555,60,0,4,13,,60,260,56,32,29,8,25,,3,60,8.98889,3.72229,2.41488,1.24898,0.23038,0.0954,0.1349797621369362,0.241464,1.35004,0.291051,0.70941,,,4.34434,-0.00827516,-0.148732,611.1900024414062,,,,,,,308,5.133333333333334,304,5.066666666666666,,,,,,,,,,,,,,,,,,,"Marc Church","26353",687847
"Lyon Richardson","CIN",0,0,0,4.81846,10,0,0,1,,10,44,10,6,5,1,5,,1,9,8.48421,4.30359,1.97143,1.32065,0.213184,0.108137,0.10504698008298874,0.252227,1.45847,0.298004,0.703254,,,4.79492,-0.00827536,-0.0174532,999,,,,,,,39.7,3.97,41,4.1,,,,,,,,,,,,,,,,,,,"Lyon Richardson","24581",680689
"Nick Hernandez","HOU",2,2,0,4.3587,32,0,0,1,,32,137,29,17,15,5,13,,2,32,9.08127,3.53271,2.57063,1.36642,0.236263,0.0919089,0.14435457438230515,0.235265,1.29266,0.280771,0.716413,,,4.45628,-0.00834841,-0.0380534,999,,,,,,,122.9,3.840625,118,3.6875,,,,,,,,,,,,,,,,,,,"Nick Hernandez","19281",663321
"Rodolfo Martinez","BAL",0,0,0,4.9558,6,0,0,0,,6,28,6,4,3,1,3,,0,6,8.52408,4.09091,2.08366,1.27191,0.200103,0.096034,0.10406854748725891,0.234528,1.44149,0.271053,0.672727,,,4.68429,-0.00839927,-0.0338364,999,,,,,,,19.500000000000007,3.2500000000000013,20,3.3333333333333335,,,,,,,,,,,,,,,,,,,"Rodolfo Martinez","sa206642",650869
"Grant Wolfram","MIL",1,1,0,4.35664,18,0,0,1,,18,79,17,9,9,2,8,,1,17,8.59887,4.20182,2.04646,1.17811,0.217708,0.106383,0.11132530868053436,0.242862,1.4097,0.290407,0.724933,,,4.47663,-0.00854952,0.00480582,999,,,,,,,75.40000000000002,4.18888888888889,75,4.166666666666667,,,,,,,,,,,,,,,,,,,"Grant Wolfram","sa3008313",664991
"Tyler Matzek","NYY",1,1,0,4.1642,38,0,0,1,,38,165,35,19,18,5,18,,1,36,8.55583,4.3318,1.97512,1.12247,0.218931,0.110844,0.1080864742398262,0.241325,1.40505,0.290299,0.741631,,,4.42994,-0.00871837,-0.00508408,999,,,,,,,147.7,3.8868421052631574,144,3.789473684210526,,,,,,,,,,,,,,,,,,,"Tyler Matzek","10058",554431
"John McMillon","PHI",3,3,0,4.39698,36,0,0,1,,36,158,31,19,18,5,21,,1,40,10.1113,5.23679,1.93082,1.19348,0.255206,0.132175,0.12303103506565094,0.227211,1.44269,0.28754,0.725769,,,4.48422,-0.00888579,-0.0135232,999,,,,,,,142.30000000000004,3.952777777777779,133,3.6944444444444446,,,,,,,,,,,,,,,,,,,"John McMillon","27942",669111
"Gerson Garabito","TEX",1,1,0,4.49905,26,0,0,1,,26,113,25,14,13,4,9,,2,23,8.07133,3.17982,2.5383,1.24837,0.207157,0.0816123,0.12554429471492767,0.248556,1.32099,0.290085,0.695491,,,4.48393,-0.00894373,-0.0330547,999,,,,,,,95.19999999999999,3.661538461538461,95,3.6538461538461537,,,,,,,,,,,,,,,,,,,"Gerson Garabito","19835",642520
"Jack O'Loughlin","COL",0,1,0,4.85045,11,0,0,1,,11,49,12,6,6,2,4,,1,8,6.8589,3.48138,1.97016,1.28772,0.171496,0.0870465,0.0844494178891182,0.270979,1.47215,0.303948,0.700427,,,4.81816,-0.00898678,0.0100943,999,,,,,,,30.600000000000005,2.781818181818182,34,3.090909090909091,,,,,,,,,,,,,,,,,,,"Jack O'Loughlin","22690",672552
"Tommy Henry","ARI",2,1,0,4.10848,32,0,0,1,,32,138,31,16,15,4,12,,1,28,7.81933,3.30024,2.36932,1.11068,0.201847,0.0851917,0.11665477603673935,0.251267,1.34599,0.294604,0.726712,,,4.25384,-0.00937913,0.0166892,999,,,,,,,128.00000000000003,4.000000000000001,129,4.03125,,,,,,,,,,,,,,,,,,,"Tommy Henry","26285",674072
"Ryan Loutos","STL",2,1,0,4.19934,32,0,0,1,,32,139,32,16,15,4,13,,1,26,7.36341,3.58508,2.0539,0.995966,0.187683,0.091379,0.09630434215068817,0.253837,1.39454,0.295599,0.71884,,,4.2729,-0.00943098,0.000937256,999,,,,,,,118.40000000000002,3.7000000000000006,122,3.8125,,,,,,,,,,,,,,,,,,,"Ryan Loutos","29521",702795
"Easton Lucas","TOR",1,1,0,4.30464,24,0,0,1,,24,105,23,12,11,3,10,,1,21,7.92236,3.72844,2.12485,1.16943,0.201524,0.0948415,0.10668200999498367,0.24676,1.37888,0.287927,0.71755,,,4.47193,-0.0094641,-0.00792949,999,,,,,,,93.90000000000002,3.912500000000001,94,3.9166666666666665,,,,,,,,,,,,,,,,,,,"Easton Lucas","26058",687922
"Austin Warren","NYM",0,0,0,4.3583,10,0,0,1,,10,43,10,5,5,1,4,,1,9,7.65885,3.58828,2.1344,1.13531,0.196793,0.0922003,0.10459248721599579,0.247221,1.3541,0.287195,0.70141,,,4.48349,-0.009523,-0.00419889,999,,,,,,,42.7,4.2700000000000005,44,4.4,,,,,,,,,,,,,,,,,,,"Austin Warren","24937",681810
"Bailey Horn","DET",0,1,0,4.3761,8,0,0,1,,8,35,8,4,4,1,4,,0,7,8.05171,4.46133,1.80478,1.14883,0.202421,0.112158,0.09026285260915756,0.246085,1.45195,0.28936,0.729417,,,4.63816,-0.00960632,-0.00243052,999,,,,,,,32.10000000000001,4.012500000000001,33,4.125,,,,,,,,,,,,,,,,,,,"Bailey Horn","27753",690544
"Cole Sulser","TBR",2,1,0,4.30764,28,0,0,1,,28,121,27,15,13,4,12,,1,26,8.42758,3.82309,2.20439,1.21603,0.216786,0.0983428,0.11844286322593689,0.246066,1.37859,0.291899,0.723089,,,4.37988,-0.00993928,-0.0491292,999,,,,,,,104.80000000000005,3.7428571428571447,105,3.75,,,,,,,,,,,,,,,,,,,"Cole Sulser","15256",642121
"Geoff Hartlieb","NYY",1,1,0,4.55961,16,0,0,1,,16,70,16,9,8,2,6,,1,13,7.57851,3.65057,2.07598,1.18209,0.19309,0.0930113,0.10007867217063904,0.251174,1.38648,0.289769,0.700068,,,4.5574,-0.0100443,-0.0326848,999,,,,,,,61.20000000000001,3.8250000000000006,63,3.9375,,,,,,,,,,,,,,,,,,,"Geoff Hartlieb","19558",664129
"Roansy Contreras","BAL",1,1,0,4.38463,18,0,0,1,,18,77,17,9,9,3,7,,1,17,8.3553,3.33094,2.50839,1.28136,0.217438,0.0866841,0.13075358420610428,0.242541,1.3068,0.284574,0.708379,,,4.38332,-0.0100789,-0.00771834,749.1400146484375,,,,,,,66.10000000000001,3.6722222222222225,65,3.611111111111111,,,,,,,,,,,,,,,,,,,"Roansy Contreras","22810",672710
"Joe Jacques","LAD",0,1,0,4.43701,10,0,0,1,,10,44,10,5,5,1,4,,1,8,6.87357,3.4051,2.01861,1.08282,0.173292,0.0858471,0.0874444916844368,0.260522,1.40022,0.296725,0.702205,,,4.65743,-0.0103358,0.000293745,999,,,,,,,40.7,4.07,42,4.2,,,,,,,,,,,,,,,,,,,"Joe Jacques","25178",682175
"Luis Contreras","HOU",3,2,0,4.32436,54,0,0,7,,54,233,50,28,26,7,23,,4,53,8.75558,3.7939,2.3078,1.18941,0.225019,0.0975037,0.12751561403274536,0.239587,1.34034,0.288154,0.711391,,,4.40416,-0.010469,-0.0424825,999,,,,,,,236.5,4.37962962962963,232,4.296296296296297,,,,,,,,,,,,,,,,,,,"Luis Contreras","25839",664351
"Angel Bastardo","TOR",1,1,0,4.27887,15,0,0,1,,15,65,14,8,7,2,6,,1,13,7.9911,3.74157,2.13576,1.20491,0.206027,0.0964657,0.1095617488026619,0.245369,1.36199,0.286584,0.719332,,,4.49055,-0.010695,-0.0204534,999,,,,,,,59.00000000000001,3.933333333333334,58,3.8666666666666667,,,,,,,,,,,,,,,,,,,"Angel Bastardo","sa3009716",682785
"Blake Weiman","HOU",1,1,0,4.3246,13,0,0,1,,13,56,13,7,6,2,4,,1,11,7.31105,2.77025,2.63913,1.34,0.189665,0.0718665,0.11779826134443283,0.257272,1.3201,0.290368,0.719206,,,4.5223,-0.0108683,-0.0184362,999,,,,,,,48.8,3.753846153846154,50,3.8461538461538463,,,,,,,,,,,,,,,,,,,"Blake Weiman","sa3004211",676620
"Devin Sweet","PHI",2,2,0,4.60339,24,0,0,1,,24,104,22,13,12,4,10,,2,24,8.94324,3.78123,2.36517,1.36294,0.229741,0.0971353,0.13260608911514282,0.240851,1.34557,0.286961,0.700341,,,4.59659,-0.0113377,-0.0196156,999,,,,,,,87.20000000000003,3.6333333333333346,84,3.5,,,,,,,,,,,,,,,,,,,"Devin Sweet","25348",682967
"Troy Taylor","SEA",3,3,0,3.98692,56,0,0,7,,56,240,50,27,25,7,23,,4,56,8.9971,3.65069,2.46449,1.16543,0.233245,0.0946424,0.13860303163528442,0.23496,1.30115,0.285597,0.734008,,,4.27432,-0.0114094,-0.0308492,747.3099975585938,,,,,,,257.30000000000007,4.594642857142858,248,4.428571428571429,,,,,,,,,,,,,,,,,,,"Troy Taylor","31883",700187
"Joan Adon","WSN",1,1,0,4.57232,13,0,0,1,,13,57,13,7,7,2,5,,1,11,7.27518,3.60341,2.01897,1.15102,0.18372,0.090997,0.09272327274084091,0.256381,1.40736,0.29387,0.699198,,,4.62915,-0.0114889,-0.0114994,999,,,,,,,45.8,3.523076923076923,47,3.6153846153846154,,,,,,,,,,,,,,,,,,,"Joan Adon","22925",672851
"Drew Smith","NYM",1,1,0,4.2621,14,0,0,1,,14,60,13,7,7,2,6,,1,14,9.29828,3.79437,2.45055,1.43071,0.24142,0.0985169,0.14290353655815125,0.235608,1.31961,0.282146,0.735045,,,4.57059,-0.0116142,-0.00595414,999,,,,,,,56.20000000000003,4.014285714285717,55,3.9285714285714284,,,,,,,,,,,,,,,,,,,"Drew Smith","17755",622098
"Chasen Shreve","ATL",1,1,0,4.39926,13,0,0,1,,13,56,13,7,6,2,5,,0,12,8.10186,3.31868,2.44129,1.27448,0.210094,0.0860587,0.12403535097837448,0.252287,1.34832,0.294958,0.719171,,,4.41292,-0.0116367,-0.00986607,999,,,,,,,50.8,3.9076923076923076,52,4,,,,,,,,,,,,,,,,,,,"Chasen Shreve","10855",592741
"Michael Darrell-Hicks","LAA",1,1,0,4.6766,12,0,0,1,,12,52,12,7,6,2,4,,1,10,7.44586,2.91798,2.55172,1.35589,0.190429,0.0746279,0.11580134183168411,0.260446,1.34607,0.295773,0.692484,,,4.73347,-0.0116921,-0.0269735,999,,,,,,,42.000000000000014,3.5000000000000013,43,3.5833333333333335,,,,,,,,,,,,,,,,,,,"Michael Darrell-Hicks","sa3020438",690382
"Jordan Leasure","CHW",3,3,0,4.61768,54,0,0,7,,54,235,51,30,28,8,26,,2,52,8.68875,4.28904,2.0258,1.32004,0.222063,0.109617,0.1124458834528923,0.245612,1.41928,0.292004,0.712333,,,4.6701,-0.0117552,-0.082049,739.969970703125,,,,,,,216.60000000000005,4.011111111111112,214,3.962962962962963,,,,,,,,,,,,,,,,,,,"Jordan Leasure","29950",673929
"Alex Faedo","TBR",2,2,0,4.2155,41,0,0,1,,41,174,38,21,19,6,15,,1,40,8.75336,3.33092,2.62791,1.25502,0.22879,0.0870614,0.14172858744859695,0.240378,1.29491,0.287124,0.716882,,,4.24524,-0.0118883,-0.0408907,999,,,,,,,166.8,4.068292682926829,163,3.975609756097561,,,,,,,,,,,,,,,,,,,"Alex Faedo","19874",656412
"Shintaro Fujinami","SEA",2,2,0,4.12526,28,0,0,1,,28,122,24,14,13,3,15,,2,30,9.78903,4.87268,2.00896,1.00231,0.248777,0.123834,0.12494353950023651,0.224795,1.38912,0.286291,0.727686,,,4.24203,-0.0119682,-0.0314847,999,,,,,,,120.90000000000003,4.317857142857144,114,4.071428571428571,,,,,,,,,,,,,,,,,,,"Shintaro Fujinami","31839",660261
"Matt Krook","ATH",1,1,0,4.22658,14,0,0,1,,14,62,13,7,7,1,8,,1,14,8.79652,5.06995,1.73503,0.933554,0.221154,0.127464,0.09368987381458282,0.237002,1.46669,0.292852,0.722363,,,4.38378,-0.0124798,-0.00726019,999,,,,,,,62.50000000000003,4.464285714285716,62,4.428571428571429,,,,,,,,,,,,,,,,,,,"Matt Krook","19315",640454
"Max Rajcic","STL",1,1,0,4.45711,10,0,0,1,,10,43,10,5,5,1,3,,1,7,6.71562,2.74849,2.44339,1.2698,0.172991,0.0707995,0.10219114273786545,0.259465,1.33023,0.288566,0.7033,,,4.59904,-0.0125549,0.000274998,999,,,,,,,41.7,4.17,43,4.3,,,,,,,,,,,,,,,,,,,"Max Rajcic","sa3020746",691008
"Austin Kitchen","SEA",0,0,0,4.36914,8,0,0,1,,8,35,9,4,4,1,3,,0,5,5.79084,2.84924,2.03242,1.09212,0.147319,0.0724848,0.07483450323343277,0.269359,1.3974,0.295423,0.710974,,,4.5221,-0.0126317,-0.0088743,999,,,,,,,28.500000000000007,3.562500000000001,32,4,,,,,,,,,,,,,,,,,,,"Austin Kitchen","27910",685116
"Connor Brogdon","LAA",1,2,0,4.54901,32,0,0,1,,32,138,30,17,16,5,13,,1,32,8.95707,3.67159,2.43956,1.37635,0.230992,0.0946857,0.13630585372447968,0.244196,1.35035,0.291207,0.709941,,,4.51207,-0.0128314,-0.02123,999,,,,,,,123.30000000000001,3.8531250000000004,121,3.78125,,,,,,,,,,,,,,,,,,,"Connor Brogdon","21205",641401
"Kyle Nicolas","PIT",2,2,0,4.29504,47,0,0,1,,47,207,44,24,22,5,23,,3,47,8.96207,4.40024,2.03672,1.0528,0.226359,0.111139,0.1152203232049942,0.24128,1.41614,0.296774,0.720109,,,4.3642,-0.0128767,0.0170906,999,,,,,,,191.9,4.082978723404255,190,4.042553191489362,,,,,,,,,,,,,,,,,,,"Kyle Nicolas","27775",693312
"Jack Dashwood","LAA",1,2,0,4.45052,36,0,0,1,,36,155,36,19,18,6,12,,1,32,8.11154,3.02339,2.68293,1.42611,0.209481,0.0780793,0.13140203058719635,0.253255,1.33055,0.291589,0.72286,,,4.54916,-0.0128853,-0.0200715,999,,,,,,,128.00000000000003,3.5555555555555562,131,3.638888888888889,,,,,,,,,,,,,,,,,,,"Jack Dashwood","sa3015035",669081
"Jacob Latz","TEX",2,2,0,4.411,48,0,0,1,,48,211,44,25,24,7,24,,2,49,9.09841,4.46335,2.03847,1.23477,0.230153,0.112905,0.11724822968244553,0.238419,1.41594,0.28879,0.728487,,,4.52906,-0.0129306,-0.0352997,999,,,,,,,178.70000000000002,3.722916666666667,173,3.6041666666666665,,,,,,,,,,,,,,,,,,,"Jacob Latz","21306",656641
"John Rooney","MIA",1,2,0,4.42842,26,0,0,1,,26,116,26,14,13,3,11,,2,23,7.8153,3.95405,1.97653,0.998638,0.195378,0.0988489,0.09652912616729736,0.254508,1.43573,0.301614,0.701525,,,4.46094,-0.0137464,-0.0136394,999,,,,,,,98.9,3.803846153846154,102,3.923076923076923,,,,,,,,,,,,,,,,,,,"John Rooney","sa3008417",680701
"Dylan Dodd","ATL",2,2,0,4.26868,35,0,0,1,,35,150,37,18,17,5,9,,1,28,7.12454,2.40454,2.96295,1.24934,0.185299,0.0625387,0.12276054173707962,0.262515,1.31148,0.29711,0.716013,,,4.26979,-0.0137489,-0.000715685,999,,,,,,,131.3,3.751428571428572,140,4,,,,,,,,,,,,,,,,,,,"Dylan Dodd","29928",689266
"Ryan Webb","CLE",1,1,0,4.2337,16,0,0,1,,16,70,16,8,8,2,6,,1,14,7.85103,3.56417,2.20276,1.16081,0.199363,0.090506,0.10885723680257797,0.252214,1.38422,0.294578,0.728738,,,4.47112,-0.0138663,-0.00498127,999,,,,,,,63.20000000000001,3.9500000000000006,65,4.0625,,,,,,,,,,,,,,,,,,,"Ryan Webb","sa3018280",669067
"Tyler Gilbert","CHW",3,3,0,4.52384,58,0,1,11,,58,248,59,31,29,9,18,,2,48,7.3974,2.76931,2.67121,1.33566,0.191878,0.0718319,0.12004633247852325,0.259826,1.32955,0.294834,0.701451,,,4.50428,-0.0140528,-0.0707157,999,,,,,,,250.10000000000005,4.312068965517242,258,4.448275862068965,,,,,,,,,,,,,,,,,,,"Tyler Gilbert","17964",656457
"Domingo Gonzalez","ATL",1,1,0,4.33213,20,0,0,1,,20,88,19,10,10,3,9,,2,20,8.99649,3.95038,2.27737,1.12865,0.228378,0.100281,0.12809644639492035,0.241184,1.36511,0.294931,0.707594,,,4.40814,-0.0140766,0.00826184,999,,,,,,,72.69999999999999,3.6349999999999993,72,3.6,,,,,,,,,,,,,,,,,,,"Domingo Gonzalez","sa3007495",682445
"Anthony Hoopii-Tuionetoa","CHW",1,1,0,4.84863,12,0,0,1,,12,53,12,7,6,2,5,,0,10,7.66174,3.86081,1.98449,1.39839,0.193037,0.0972729,0.0957644134759903,0.257915,1.44727,0.29336,0.704561,,,4.86946,-0.0144386,-0.0287041,999,,,,,,,42.000000000000014,3.5000000000000013,43,3.5833333333333335,,,,,,,,,,,,,,,,,,,"Anthony Hoopii-Tuionetoa","sa3015298",681896
"Jake Eder","CHW",0,1,0,4.71281,11,0,0,1,,11,49,11,6,6,2,5,,1,10,7.87154,4.23544,1.85849,1.25637,0.196358,0.105654,0.09070361405611038,0.254043,1.46472,0.294767,0.709837,,,4.85507,-0.014625,-0.0136268,999,,,,,,,34.2,3.1090909090909093,35,3.1818181818181817,,,,,,,,,,,,,,,,,,,"Jake Eder","27590",671109
"Victor González","LAA",1,1,0,4.45984,15,0,0,1,,15,66,15,8,7,2,7,,1,11,6.88962,4.0659,1.69449,1.04741,0.174277,0.102849,0.07142763584852219,0.258551,1.45168,0.295943,0.707415,,,4.72377,-0.0147803,-0.0109221,999,,,,,,,49.400000000000006,3.293333333333334,51,3.4,,,,,,,,,,,,,,,,,,,"Victor Gonzalez","16408",624647
"Luis Patiño","SDP",1,1,0,4.56787,10,0,0,1,,10,43,10,5,5,2,4,,0,8,7.62664,3.61679,2.10868,1.35898,0.196785,0.0933216,0.10346374660730362,0.248067,1.36079,0.281784,0.711816,,,4.75663,-0.0148734,-0.00215086,999,,,,,,,31.4,3.1399999999999997,32,3.2,,,,,,,,,,,,,,,,,,,"Luis Patino","22815",672715
"Ray Gaither","HOU",0,0,0,4.64929,8,0,0,1,,8,35,8,4,4,1,4,,0,7,7.46518,4.31159,1.73142,1.21679,0.186949,0.107974,0.07897480577230453,0.255012,1.47827,0.292526,0.716217,,,4.82092,-0.0148998,-0.0016685,999,,,,,,,32.10000000000001,4.012500000000001,33,4.125,,,,,,,,,,,,,,,,,,,"Ray Gaither","sa3017270",668877
"Nick Anderson","STL",2,2,0,4.2332,35,0,0,1,,35,150,34,18,16,5,13,,1,31,7.93115,3.33181,2.38043,1.20082,0.205027,0.0861301,0.11889703571796417,0.250457,1.34583,0.292358,0.728803,,,4.34676,-0.0149937,-0.0146017,750.4400024414062,,,,,,,133.1,3.8028571428571425,134,3.8285714285714287,,,,,,,,,,,,,,,,,,,"Nick Anderson","18337",623433
"Josh Ekness","MIA",1,1,0,4.56798,12,0,0,1,,12,53,12,7,6,2,6,,1,11,8.0376,4.27635,1.87955,1.181,0.20246,0.107717,0.09474240243434906,0.252102,1.4541,0.296526,0.715732,,,4.67001,-0.0151186,-0.0225944,999,,,,,,,38.000000000000014,3.166666666666668,39,3.25,,,,,,,,,,,,,,,,,,,"Josh Ekness","sa3023204",694795
"Matt Moore","BOS",1,1,0,4.59385,16,0,0,1,,16,70,15,9,8,2,7,,1,15,8.37811,4.12474,2.03119,1.35685,0.21345,0.105086,0.10836350917816162,0.250252,1.42489,0.29338,0.722756,,,4.76093,-0.0151935,-0.0140622,999,,,,,,,64.80000000000001,4.050000000000001,64,4,,,,,,,,,,,,,,,,,,,"Matt Moore","1890",519043
"Steven Cruz","KCR",2,3,0,4.34463,48,0,0,1,,48,211,45,25,23,5,23,,3,45,8.51113,4.37782,1.94415,1.01707,0.215426,0.110807,0.10461883991956711,0.244616,1.42633,0.297052,0.714508,,,4.38652,-0.0159298,0.00485403,999,,,,,,,192.70000000000005,4.014583333333334,191,3.9791666666666665,,,,,,,,,,,,,,,,,,,"Steven Cruz","23165",674444
"Brandyn Garcia","SEA",1,1,0,4.06233,18,0,0,1,,18,78,17,9,8,2,7,,2,16,7.93264,3.43911,2.3066,1.03922,0.203571,0.0882559,0.11531480401754379,0.243415,1.31638,0.288179,0.715397,,,4.37957,-0.0162041,-0.0199838,999,,,,,,,73.40000000000002,4.077777777777779,73,4.055555555555555,,,,,,,,,,,,,,,,,,,"Brandyn Garcia","sa3022951",805299
"Eric Cerantola","KCR",1,1,0,4.68332,12,0,0,1,,12,54,11,7,6,1,7,,1,11,8.58378,5.07697,1.69073,1.07743,0.21231,0.125573,0.0867370069026947,0.243461,1.50207,0.294425,0.703577,,,4.73424,-0.0163151,-0.0212149,999,,,,,,,49.90000000000001,4.158333333333334,49,4.083333333333333,,,,,,,,,,,,,,,,,,,"Eric Cerantola","sa3017914",672021
"Kade Strowd","BAL",1,2,0,4.38806,23,0,0,1,,23,101,22,12,11,3,11,,1,21,8.30669,4.11612,2.01809,1.09497,0.209251,0.103688,0.1055632084608078,0.250068,1.43233,0.298966,0.716022,,,4.43798,-0.0164391,-0.0259191,999,,,,,,,86.10000000000001,3.7434782608695656,86,3.739130434782609,,,,,,,,,,,,,,,,,,,"Kade Strowd","sa3011418",669704
"Mason Black","SFG",2,2,0,4.15488,40,0,0,1,,40,172,39,20,18,5,13,,3,36,8.16129,3.03283,2.69098,1.12917,0.210357,0.078171,0.1321856752038002,0.247426,1.30471,0.292564,0.715391,,,4.18276,-0.0165016,-0.0135359,748.5,,,,,,,161.1,4.0275,163,4.075,,,,,,,,,,,,,,,,,,,"Mason Black","30171",696131
"Alan Rangel","PHI",1,1,0,4.71402,22,0,0,1,,22,95,22,12,12,4,7,,1,19,7.59224,3.01504,2.51812,1.43224,0.195869,0.0777838,0.11808504164218903,0.253313,1.3304,0.285725,0.692942,,,4.68018,-0.0166755,-0.0206639,999,,,,,,,74.40000000000002,3.3818181818181827,76,3.4545454545454546,,,,,,,,,,,,,,,,,,,"Alan Rangel","sa877578",660604
"Héctor Neris","ATL",5,4,0,4.02115,56,0,0,10,,56,239,50,27,25,8,23,,3,59,9.51905,3.74851,2.53942,1.23898,0.248167,0.0977257,0.1504409909248352,0.235916,1.3116,0.291455,0.74204,,,4.24424,-0.0173337,0.175526,735.1799926757812,,,,,,,266.0000000000001,4.750000000000002,256,4.571428571428571,,,,,,,,,,,,,,,,,,,"Hector Neris","11804",593576
"Antonio Jimenez","SFG",1,1,0,4.39249,11,0,0,1,,11,48,11,6,5,1,4,,1,9,6.98315,3.55656,1.96345,1.07449,0.176207,0.0897435,0.08646369725465775,0.25752,1.41402,0.293836,0.708682,,,4.5077,-0.0174039,-0.019162,999,,,,,,,47.50000000000001,4.318181818181819,49,4.454545454545454,,,,,,,,,,,,,,,,,,,"Antonio Jimenez","sa3008074",682607
"Jared Shuster","CHW",2,3,0,4.63476,40,0,0,1,,40,174,41,22,21,6,16,,1,31,6.8776,3.50741,1.96088,1.28348,0.175906,0.0897076,0.08619806915521622,0.26103,1.41825,0.292046,0.709476,,,4.70382,-0.0176734,-0.0546483,999,,,,,,,130.6,3.2649999999999997,137,3.425,,,,,,,,,,,,,,,,,,,"Jared Shuster","27472",694363
"Buck Farmer","ATL",2,2,0,4.49477,40,0,0,1,,40,174,38,22,20,5,17,,2,39,8.81165,3.85352,2.28665,1.20866,0.224788,0.0983047,0.12648368626832962,0.243079,1.36841,0.292573,0.700805,,,4.41664,-0.0179492,-0.0445659,999,,,,,,,160.7,4.0175,160,4,,,,,,,,,,,,,,,,,,,"Buck Farmer","14814",571656
"Mason Englert","TBR",3,3,0,4.34318,55,0,0,8,,55,235,54,29,27,8,17,,3,49,7.95064,2.82844,2.81096,1.25958,0.206747,0.0735503,0.13319658488035202,0.250622,1.29237,0.291091,0.70406,,,4.32963,-0.0184896,-0.0815962,999,,,,,,,238.20000000000002,4.330909090909091,241,4.381818181818182,,,,,,,,,,,,,,,,,,,"Mason Englert","22288",669438
"Zach Agnos","COL",2,3,0,4.81122,31,0,0,1,,31,135,32,18,17,5,11,,1,27,7.78373,3.14304,2.4765,1.47734,0.199212,0.0804413,0.11877121031284332,0.262811,1.38697,0.299215,0.703551,,,4.74898,-0.0187022,-0.00077868,999,,,,,,,106.69999999999997,3.441935483870967,112,3.6129032258064515,,,,,,,,,,,,,,,,,,,"Zach Agnos","sa3020560",688642
"Cole Wilcox","TBR",1,1,0,4.5062,15,0,0,1,,15,65,16,8,8,2,5,,1,10,6.1815,2.83492,2.18048,1.13295,0.157737,0.0723405,0.08539680391550064,0.267479,1.37949,0.296371,0.695587,,,4.5529,-0.0190397,-0.0252301,999,,,,,,,50.800000000000004,3.386666666666667,55,3.6666666666666665,,,,,,,,,,,,,,,,,,,"Cole Wilcox","sa3014443",677961
"Zach Brzykcy","WSN",1,2,0,4.41414,28,0,0,1,,28,122,26,15,14,4,13,,2,28,8.90949,4.24661,2.09802,1.21585,0.226641,0.108026,0.11861522495746613,0.239742,1.39224,0.289346,0.715915,,,4.52925,-0.0191062,-0.0216919,750.780029296875,,,,,,,105.40000000000006,3.7642857142857165,103,3.6785714285714284,,,,,,,,,,,,,,,,,,,"Zach Brzykcy","27783",694350
"Lenny Torres Jr.","CIN",0,1,0,5.47266,8,0,0,1,,8,37,8,5,5,1,5,,1,8,8.56988,5.43179,1.57773,1.43456,0.206683,0.131,0.07568226754665375,0.251854,1.59445,0.294564,0.689271,,,5.35202,-0.0196319,-0.0197285,999,,,,,,,28.100000000000005,3.5125000000000006,29,3.625,,,,,,,,,,,,,,,,,,,"Lenny Torres Jr.","sa3008329",678013
"Colin Poche","WSN",3,4,0,4.25095,56,0,0,10,,56,235,51,28,26,8,21,,2,50,8.07164,3.39559,2.37709,1.30595,0.213294,0.0897291,0.12356530874967575,0.241539,1.29509,0.28018,0.720148,,,4.47391,-0.0197787,0.0936101,750.3300170898438,,,,,,,254.40000000000012,4.542857142857145,247,4.410714285714286,,,,,,,,,,,,,,,,,,,"Colin Poche","19403",621363
"Emiliano Teodo","TEX",1,2,0,4.55134,28,0,0,1,,28,123,25,15,14,4,15,,2,28,9.05309,4.68662,1.93169,1.16715,0.228059,0.118062,0.10999708622694016,0.236248,1.42591,0.287658,0.708499,,,4.57823,-0.0198529,-0.0331472,715.5,,,,,,,102.00000000000006,3.642857142857145,97,3.4642857142857144,,,,,,,,,,,,,,,,,,,"Emiliano Teodo","sa3015158",693713
"Sam Bachman","LAA",1,1,0,4.60717,22,0,0,1,,22,98,22,12,11,3,10,,2,18,7.26346,3.94754,1.84,1.12895,0.181929,0.0988746,0.08305443823337555,0.258072,1.45186,0.296557,0.702978,,,4.71267,-0.0198841,-0.0241406,999,,,,,,,72.7,3.3045454545454547,75,3.409090909090909,,,,,,,,,,,,,,,,,,,"Sam Bachman","29754",696147
"Jacob Wallace","KCR",1,1,0,4.87253,10,0,0,1,,10,45,9,6,5,1,6,,1,9,8.15701,5.26807,1.54839,1.10943,0.200928,0.129766,0.07116210460662842,0.246403,1.53488,0.292589,0.701986,,,4.92773,-0.0201573,-0.0225925,999,,,,,,,39.300000000000004,3.9300000000000006,38,3.8,,,,,,,,,,,,,,,,,,,"Jacob Wallace","sa3010374",686608
"Brandon Bielak","ARI",1,1,0,4.54934,12,0,0,1,,12,53,13,7,6,2,4,,1,9,6.48745,3.27098,1.98333,1.15896,0.164031,0.0827048,0.0813264399766922,0.268663,1.43153,0.300487,0.707852,,,4.65558,-0.0205995,-0.0239854,999,,,,,,,37.40000000000002,3.1166666666666685,41,3.4166666666666665,,,,,,,,,,,,,,,,,,,"Brandon Bielak","19866",656232
"Angel Chivilli","COL",3,4,0,4.76343,53,0,0,6,,53,231,54,30,28,8,20,,4,48,8.16839,3.36906,2.42453,1.38977,0.2086,0.0860372,0.12256268411874771,0.259266,1.38818,0.30172,0.6952,,,4.68016,-0.0207567,0.0197255,750.530029296875,,,,,,,201.40000000000006,3.800000000000001,209,3.943396226415094,,,,,,,,,,,,,,,,,,,"Angel Chivilli","26790",683409
"Dan Altavilla","CHW",1,1,0,4.73611,17,0,0,1,,17,76,17,10,9,3,8,,1,16,8.50165,4.12922,2.0589,1.43281,0.212429,0.103176,0.10925319790840149,0.256848,1.47398,0.300489,0.719318,,,4.82987,-0.0209055,-0.0430802,999,,,,,,,53.7,3.158823529411765,55,3.235294117647059,,,,,,,,,,,,,,,,,,,"Dan Altavilla","16507",656186
"Rolddy Munoz","ATL",1,1,0,4.40407,17,0,0,1,,17,75,17,9,8,2,8,,1,16,8.28398,4.11457,2.01333,1.15382,0.207999,0.103311,0.10468775033950806,0.250777,1.43593,0.297996,0.7214,,,4.55926,-0.0209246,-0.00822896,999,,,,,,,66.00000000000001,3.8823529411764715,68,4,,,,,,,,,,,,,,,,,,,"Rolddy Munoz","sa3011575",691548
"Tom Cosgrove","SDP",2,3,0,4.27838,46,0,0,1,,46,198,41,24,22,6,20,,4,43,8.41165,3.83186,2.19518,1.16897,0.216725,0.0987275,0.1179976686835289,0.237081,1.3274,0.281809,0.709746,,,4.51397,-0.0211671,-0.0394166,999,,,,,,,178.00000000000003,3.869565217391305,170,3.6956521739130435,,,,,,,,,,,,,,,,,,,"Tom Cosgrove","23443",676680
"Chris Devenski","NYM",1,1,0,4.60798,26,0,0,1,,26,112,25,14,13,4,9,,1,24,8.45006,3.18242,2.65524,1.48837,0.218675,0.082356,0.136318638920784,0.248531,1.32523,0.287413,0.707892,,,4.59082,-0.0212206,-0.0430437,999,,,,,,,100.19999999999999,3.8538461538461535,100,3.8461538461538463,,,,,,,,,,,,,,,,,,,"Chris Devenski","12763",606965
"Scott McGough","ARI",1,1,0,4.47625,20,0,0,1,,20,88,20,11,10,3,9,,1,19,8.3868,4.06293,2.06422,1.19149,0.212588,0.102987,0.10960108041763306,0.253509,1.44116,0.301895,0.722314,,,4.4618,-0.0213585,-0.0198721,999,,,,,,,71.1,3.5549999999999997,73,3.65,,,,,,,,,,,,,,,,,,,"Scott McGough","12056",543518
"Génesis Cabrera","NYM",2,2,0,4.29648,35,0,0,1,,35,151,32,18,17,5,16,,2,32,8.33156,4.06706,2.04855,1.17701,0.213952,0.104441,0.1095111072063446,0.240085,1.37083,0.284427,0.723264,,,4.51299,-0.0218996,-0.0309295,999,,,,,,,128.3,3.665714285714286,124,3.5428571428571427,,,,,,,,,,,,,,,,,,,"Genesis Cabrera","17490",650893
"Kyle Tyler","PHI",2,2,0,4.5615,43,0,0,1,,43,188,44,24,22,6,17,,2,34,7.18897,3.4926,2.05835,1.19144,0.182877,0.0888465,0.09403039515018463,0.258953,1.4082,0.2951,0.701263,,,4.575,-0.0222496,-0.0566404,999,,,,,,,144.99999999999997,3.3720930232558133,152,3.5348837209302326,,,,,,,,,,,,,,,,,,,"Kyle Tyler","22092",667725
"Braydon Fisher","TOR",1,1,0,4.49303,18,0,0,1,,18,80,17,10,9,2,10,,1,18,8.8964,4.85725,1.83157,1.171,0.222602,0.121536,0.10106593370437622,0.238502,1.4584,0.288504,0.723556,,,4.6468,-0.0226728,-0.0372999,999,,,,,,,71.40000000000002,3.9666666666666677,71,3.9444444444444446,,,,,,,,,,,,,,,,,,,"Braydon Fisher","sa3007929",680755
"Steven Okert","HOU",3,2,0,4.17845,52,0,0,5,,52,222,46,26,24,8,22,,4,55,9.56548,3.77705,2.53252,1.35278,0.249095,0.0983584,0.15073657780885696,0.231837,1.2949,0.282946,0.731332,,,4.4696,-0.0228173,0.00611236,999,,,,,,,218.79999999999998,4.207692307692307,208,4,,,,,,,,,,,,,,,,,,,"Steven Okert","13580",595345
"Kolby Allard","CLE",1,1,0,4.50728,22,0,0,1,,22,95,23,12,11,3,7,,1,19,7.70691,2.75302,2.79943,1.41511,0.199291,0.0711897,0.12810131907463074,0.258422,1.33051,0.293894,0.71014,,,4.49368,-0.0228227,-0.0382646,999,,,,,,,84.10000000000001,3.822727272727273,89,4.045454545454546,,,,,,,,,,,,,,,,,,,"Kolby Allard","18694",663465
"Rafael Montero","HOU",2,3,0,4.37281,48,0,0,1,,48,210,46,25,23,6,21,,3,44,8.26135,3.89131,2.12303,1.13291,0.209736,0.098791,0.11094480007886887,0.247186,1.39388,0.293614,0.71368,,,4.42737,-0.0232973,-0.0411823,999,,,,,,,181.80000000000004,3.787500000000001,182,3.7916666666666665,,,,,,,,,,,,,,,,,,,"Rafael Montero","12760",606160
"Bryan Mata","BOS",1,2,0,4.6287,26,0,0,1,,26,116,26,14,13,3,13,,2,23,7.86095,4.51764,1.74006,1.01807,0.195173,0.112165,0.08300822228193283,0.25354,1.4879,0.300751,0.703364,,,4.64968,-0.0233866,-0.00417319,999,,,,,,,92.9,3.5730769230769233,96,3.6923076923076925,,,,,,,,,,,,,,,,,,,"Bryan Mata","sa917784",667356
"Diego Castillo","COL",2,3,0,5.07321,46,0,0,1,,46,206,49,28,26,6,22,,2,38,7.36145,4.26876,1.72449,1.261,0.183054,0.10615,0.07690484076738358,0.272254,1.54755,0.312711,0.698188,,,4.93067,-0.0233913,-0.0345792,999,,,,,,,147.20000000000002,3.2,160,3.4782608695652173,,,,,,,,,,,,,,,,,,,"Diego Castillo","17496",650895
"Andry Lara","WSN",1,2,0,4.60535,21,0,0,1,,21,91,22,12,11,3,7,,1,16,6.75805,3.16728,2.13371,1.29446,0.172826,0.0809981,0.09182801097631454,0.260444,1.38194,0.289592,0.703036,,,4.70428,-0.0237177,-0.0398227,999,,,,,,,73.3,3.4904761904761905,78,3.7142857142857144,,,,,,,,,,,,,,,,,,,"Andry Lara","sa3014716",691251
"Matt Svanson","STL",1,1,0,4.41639,22,0,0,1,,22,97,23,12,11,3,8,,2,16,6.47832,3.32409,1.9489,1.0252,0.163594,0.0839418,0.07965245097875595,0.262272,1.40592,0.295861,0.703585,,,4.55071,-0.0239052,-0.0305972,999,,,,,,,72.10000000000001,3.277272727272728,77,3.5,,,,,,,,,,,,,,,,,,,"Matt Svanson","sa3017070",694335
"Mick Abel","PHI",1,1,0,4.75595,18,0,0,1,,18,80,17,10,10,3,9,,1,16,8.01621,4.49069,1.78507,1.25503,0.200959,0.112577,0.08838143199682236,0.2484,1.46298,0.289245,0.704017,,,4.85189,-0.0239903,-0.0224979,999,,,,,,,58.10000000000001,3.2277777777777783,57,3.1666666666666665,,,,,,,,,,,,,,,,,,,"Mick Abel","sa3014534",690953
"Griff McGarry","PHI",1,1,0,4.79439,16,0,0,1,,16,73,14,9,9,2,11,,1,17,9.33877,6.0255,1.54987,1.1375,0.228897,0.147688,0.08120955526828766,0.234294,1.56203,0.289612,0.715349,,,4.90566,-0.0240145,-0.0232119,999,,,,,,,59.40000000000001,3.712500000000001,56,3.5,,,,,,,,,,,,,,,,,,,"Griff McGarry","sa3017130",676046
"Ron Marinaccio","SDP",2,2,0,4.2169,40,0,0,1,,40,172,34,20,19,5,19,,4,40,9.08918,4.31651,2.10568,1.19129,0.23504,0.111622,0.123417928814888,0.231268,1.34099,0.28231,0.724838,,,4.58389,-0.0241813,-0.00704865,999,,,,,,,161.1,4.0275,150,3.75,,,,,,,,,,,,,,,,,,,"Ron Marinaccio","23488",676760
"Randy Rodríguez","SFG",3,3,0,4.05081,56,0,0,10,,56,245,50,27,25,6,27,,4,57,9.11192,4.2602,2.13884,0.970623,0.231808,0.10838,0.12342818826436996,0.233928,1.36869,0.290895,0.726407,,,4.16406,-0.024804,0.0731345,999,,,,,,,271.6000000000001,4.850000000000001,263,4.696428571428571,,,,,,,,,,,,,,,,,,,"Randy Rodriguez","23974",678495
"Max Kranick","NYM",2,2,0,4.31666,51,0,0,7,,51,220,50,26,24,7,17,,2,42,7.49537,3.08719,2.42789,1.19991,0.193333,0.0796301,0.11370303481817245,0.249477,1.32122,0.285929,0.707394,,,4.39417,-0.0248907,-0.0381188,749.0999755859375,,,,,,,216.30000000000007,4.241176470588236,219,4.294117647058823,,,,,,,,,,,,,,,,,,,"Max Kranick","22175",668820
"Luinder Avila","KCR",1,1,0,4.77091,18,0,0,1,,18,80,19,10,10,2,8,,1,13,6.55587,3.95984,1.65559,1.04926,0.163636,0.0988387,0.06479766219854355,0.263246,1.47862,0.29739,0.688716,,,4.74328,-0.0250245,-0.0170112,999,,,,,,,62.200000000000024,3.455555555555557,67,3.7222222222222223,,,,,,,,,,,,,,,,,,,"Luinder Avila","sa3006507",679883
"Sam Long","KCR",3,3,0,4.29948,56,0,0,10,,56,242,54,29,27,7,22,,2,49,7.9467,3.61378,2.199,1.15908,0.204644,0.0930624,0.11158163100481033,0.250051,1.37316,0.293268,0.722067,,,4.36154,-0.0250342,0.0752987,999,,,,,,,253.90000000000006,4.533928571428572,255,4.553571428571429,,,,,,,,,,,,,,,,,,,"Sam Long","25379",669674
"Eric Orze","TBR",3,3,0,4.13499,53,0,0,5,,53,229,48,26,24,7,24,,3,54,9.21362,4.01631,2.29405,1.132,0.23696,0.103293,0.13366682082414627,0.237125,1.35363,0.291961,0.729045,,,4.23523,-0.0250482,-0.00220673,999,,,,,,,228.3,4.307547169811321,221,4.169811320754717,,,,,,,,,,,,,,,,,,,"Eric Orze","27626",679358
"Patrick Monteverde","MIA",1,2,0,4.4517,24,0,0,1,,24,104,25,13,12,3,8,,1,18,6.844,2.98944,2.28939,1.2809,0.174988,0.0764344,0.09855382889509201,0.26371,1.37996,0.294892,0.718094,,,4.61289,-0.0250622,-0.0148204,999,,,,,,,88.70000000000002,3.695833333333334,94,3.9166666666666665,,,,,,,,,,,,,,,,,,,"Patrick Monteverde","sa3016940",687287
"Omar Cruz","SDP",1,2,0,4.27281,33,0,0,1,,33,143,30,17,16,4,14,,3,31,8.45401,3.94659,2.1421,1.17565,0.216115,0.100889,0.11522550880908966,0.23825,1.34957,0.283381,0.71757,,,4.55349,-0.0254724,-0.0224887,749.739990234375,,,,,,,132.00000000000006,4.000000000000002,128,3.878787878787879,,,,,,,,,,,,,,,,,,,"Omar Cruz","sa3006971",678316
"Chris Stratton","KCR",3,3,0,4.53678,54,0,0,7,,54,237,54,29,27,6,24,,2,44,7.38781,3.93654,1.87673,1.04974,0.187284,0.099793,0.08749112486839294,0.25512,1.43438,0.296373,0.703085,,,4.46631,-0.0258796,-0.0205049,999,,,,,,,223.4,4.137037037037037,230,4.2592592592592595,,,,,,,,,,,,,,,,,,,"Chris Stratton","13761",608717
"José Ureña","NYM",1,1,0,4.62279,17,0,0,1,,17,74,17,9,9,2,6,,1,13,6.65554,3.2725,2.03378,1.22341,0.170367,0.0837688,0.08659829199314117,0.260869,1.39146,0.291032,0.695305,,,4.65633,-0.0258948,-0.0230072,999,,,,,,,66.00000000000001,3.8823529411764715,68,4,,,,,,,,,,,,,,,,,,,"Jose Urena","11589",570632
"Brett de Geus","MIA",1,2,0,4.7779,28,0,0,1,,28,126,30,16,15,3,11,,2,19,6.22903,3.57409,1.74283,0.917532,0.153372,0.0880015,0.06537016481161118,0.270489,1.48619,0.305399,0.677501,,,4.56664,-0.0259379,-0.0423705,999,,,,,,,95.30000000000001,3.403571428571429,104,3.7142857142857144,,,,,,,,,,,,,,,,,,,"Brett de Geus","23592",676969
"Xzavion Curry","MIA",1,1,0,4.73321,18,0,0,1,,18,77,19,10,9,3,5,,1,14,6.81154,2.65291,2.56757,1.49927,0.176241,0.068641,0.10759968310594559,0.264487,1.34384,0.290004,0.703692,,,4.80214,-0.0263194,-0.0185581,999,,,,,,,60.90000000000001,3.383333333333334,65,3.611111111111111,,,,,,,,,,,,,,,,,,,"Xzavion Curry","25595",675540
"Sean Newcomb","BOS",2,3,1,4.93893,38,2,0,1,,46,208,45,27,25,6,27,,3,42,8.21737,5.25007,1.56519,1.22483,0.202566,0.129419,0.07314683496952057,0.253351,1.56212,0.299441,0.711386,,,5.04172,-0.0267033,0.00180866,739.9600219726562,,,,,,,147.60000000000002,3.2086956521739136,150,3.260869565217391,,,,,,,,,,,,,,,,,,,"Sean Newcomb","16943",656794
"Jonathan Hernández","TBR",2,2,0,4.37305,46,0,0,1,,46,203,43,24,22,5,23,,2,43,8.35508,4.53201,1.84357,0.950312,0.210036,0.113929,0.09610727429389954,0.243495,1.44781,0.294889,0.71129,,,4.30843,-0.026742,-0.0599577,999,,,,,,,182.10000000000002,3.9586956521739136,180,3.9130434782608696,,,,,,,,,,,,,,,,,,,"Jonathan Hernandez","17464",642546
"Luis Curvelo","TEX",1,1,0,4.70315,22,0,0,1,,22,96,21,12,11,3,8,,1,20,8.01094,3.38589,2.36597,1.40811,0.205042,0.0866629,0.11837922781705856,0.250301,1.35333,0.287225,0.701456,,,4.73218,-0.0269969,-0.0326994,999,,,,,,,88.30000000000001,4.013636363636365,88,4,,,,,,,,,,,,,,,,,,,"Luis Curvelo","sa3008169",681168
"Bryan Shaw","CIN",1,1,0,5.28819,11,0,0,1,,11,50,12,7,6,2,6,,1,9,7.25977,4.60199,1.57753,1.41198,0.178676,0.113263,0.06541280448436737,0.267233,1.56504,0.300997,0.694619,,,5.30733,-0.02721,-0.0307266,999,,,,,,,26.600000000000005,2.4181818181818184,30,2.727272727272727,,,,,,,,,,,,,,,,,,,"Bryan Shaw","8110",543766
"Casey Lawrence","SEA",1,1,0,4.57382,13,0,0,1,,13,56,14,7,7,2,3,,1,8,5.735,2.01299,2.849,1.41152,0.14848,0.0521166,0.09636340290307999,0.274013,1.32741,0.292796,0.703787,,,4.72154,-0.0273079,-0.0308142,999,,,,,,,43.199999999999996,3.323076923076923,47,3.6153846153846154,,,,,,,,,,,,,,,,,,,"Casey Lawrence","11121",596271
"Bradgley Rodriguez","SDP",1,1,0,4.44106,26,0,0,1,,26,114,24,14,13,3,13,,2,24,8.43175,4.4947,1.87593,1.14431,0.213296,0.113701,0.09959451854228973,0.238098,1.41041,0.283784,0.715361,,,4.64409,-0.0280779,-0.0369792,999,,,,,,,100.1,3.8499999999999996,98,3.769230769230769,,,,,,,,,,,,,,,,,,,"Bradgley Rodriguez","sa3016035",699134
"Jonathan Heasley","CHW",1,1,0,4.94318,21,0,0,1,,21,92,22,12,12,3,7,,1,16,7.0687,3.07777,2.2967,1.45595,0.180205,0.0784628,0.10174243152141571,0.264231,1.39129,0.293498,0.687747,,,4.86037,-0.0282005,-0.0426812,999,,,,,,,73.3,3.4904761904761905,78,3.7142857142857144,,,,,,,,,,,,,,,,,,,"Jonathan Heasley","22224",669169
"Owen White","CHW",1,1,0,5.16069,15,0,0,1,,15,67,16,9,9,2,6,,1,11,6.66205,3.51965,1.89282,1.37491,0.166574,0.0880034,0.0785709023475647,0.26793,1.46079,0.295835,0.673302,,,5.02597,-0.0283462,-0.0436354,999,,,,,,,49.800000000000004,3.3200000000000003,54,3.6,,,,,,,,,,,,,,,,,,,"Owen White","22273",669391
"Andre Granillo","STL",1,1,0,4.64671,14,0,0,1,,14,62,13,8,7,2,7,,0,13,8.29506,4.70647,1.76248,1.279,0.208422,0.118255,0.0901668444275856,0.244347,1.46896,0.286308,0.723069,,,4.82212,-0.0283624,-0.030771,999,,,,,,,54.20000000000003,3.8714285714285737,53,3.7857142857142856,,,,,,,,,,,,,,,,,,,"Andre Granillo","sa3016913",701552
"Tanner Dodson","ATH",0,1,0,4.86332,9,0,0,1,,9,41,9,5,5,1,5,,1,6,6.42836,5.20301,1.23551,0.956793,0.155843,0.126137,0.02970600128173828,0.263221,1.61253,0.298496,0.697722,,,5.08009,-0.0284422,-0.020727,999,,,,,,,28.900000000000013,3.2111111111111126,30,3.3333333333333335,,,,,,,,,,,,,,,,,,,"Tanner Dodson","sa3007008",663541
"Chris Roycroft","STL",3,3,0,4.12962,54,0,0,7,,54,237,52,27,25,6,24,,3,45,7.47156,4.05806,1.84116,0.923015,0.189533,0.102942,0.08659101277589798,0.250618,1.42239,0.29519,0.720125,,,4.35056,-0.0288329,0.00162967,999,,,,,,,227.60000000000002,4.214814814814815,229,4.2407407407407405,,,,,,,,,,,,,,,,,,,"Chris Roycroft","31261",688297
"Trevor McDonald","SFG",2,2,0,4.12238,38,0,0,1,,38,166,38,19,17,4,13,,3,29,6.9833,2.97603,2.34651,0.930427,0.17798,0.0758489,0.10213135182857513,0.256373,1.34069,0.296253,0.705779,,,4.2184,-0.0289205,-0.0130781,999,,,,,,,147.2,3.8736842105263154,152,4,,,,,,,,,,,,,,,,,,,"Trevor McDonald","26448",686790
"Will Klein","SEA",1,1,0,4.26542,22,0,0,1,,22,98,20,11,10,3,12,,1,22,9.11066,4.99026,1.82569,1.04943,0.227993,0.12488,0.10311222821474075,0.234047,1.45431,0.2884,0.730227,,,4.44379,-0.0290284,-0.024776,999,,,,,,,82.9,3.7681818181818185,80,3.6363636363636362,,,,,,,,,,,,,,,,,,,"Will Klein","27787",694361
"Jackson Kowar","SEA",2,2,0,4.32811,34,0,0,1,,34,150,32,18,16,4,15,,2,33,8.85874,4.07486,2.174,1.1175,0.223235,0.102684,0.12055104970932007,0.242008,1.39457,0.293782,0.714204,,,4.36497,-0.0295616,-0.0713835,999,,,,,,,138.20000000000005,4.064705882352943,137,4.029411764705882,,,,,,,,,,,,,,,,,,,"Jackson Kowar","21549",663804
"Grant Holman","ATH",2,3,0,4.22428,48,0,0,1,,48,208,46,24,23,6,20,,2,44,8.30303,3.71079,2.23754,1.12233,0.212463,0.0949538,0.11750881373882294,0.244843,1.36213,0.291351,0.72016,,,4.33132,-0.0301404,-0.0238125,747.5999755859375,,,,,,,187.80000000000004,3.912500000000001,188,3.9166666666666665,,,,,,,,,,,,,,,,,,,"Grant Holman","30002",680880
"Luis Guerrero","BOS",3,3,0,4.46129,52,0,0,4,,52,229,48,28,26,6,26,,4,52,9.06902,4.48658,2.02137,1.1212,0.229296,0.113436,0.11585985869169235,0.240158,1.41518,0.295039,0.713361,,,4.50358,-0.0304237,0.0107753,747.260009765625,,,,,,,216.2,4.157692307692307,212,4.076923076923077,,,,,,,,,,,,,,,,,,,"Luis Guerrero","31184",692285
"Tyler Owens","DET",2,2,0,4.43625,32,0,0,1,,32,140,32,17,16,4,12,,2,26,7.20329,3.26735,2.20463,1.16634,0.18346,0.083216,0.10024415701627731,0.255408,1.37165,0.291157,0.706562,,,4.4913,-0.0305267,-0.042047,999,,,,,,,118.40000000000002,3.7000000000000006,122,3.8125,,,,,,,,,,,,,,,,,,,"Tyler Owens","sa3011201",687074
"Michael Petersen","LAA",2,2,0,4.5238,38,0,0,1,,38,164,36,21,19,6,15,,2,35,8.31125,3.66959,2.2649,1.33153,0.21383,0.0944101,0.11941944062709808,0.247007,1.35982,0.28894,0.710137,,,4.63555,-0.0305956,-0.0499329,999,,,,,,,136.79999999999998,3.5999999999999996,135,3.5526315789473686,,,,,,,,,,,,,,,,,,,"Michael Petersen","20827",656848
"Ryan Johnson","LAA",0,0,0,4.9558,44,0,0,0,,44,208,43,27,24,6,20,,3,42,8.52408,4.09091,2.08366,1.2719,0.200103,0.096034,0.10406854003667831,0.234528,1.44149,0.271053,0.672727,,,4.68429,-0.0307267,-0.13968,999,,,,,,,155,3.522727272727273,157,3.5681818181818183,,,,,,,,,,,,,,,,,,,"Ryan Johnson","sa3034809",696270
"Scott Blewett","MIN",2,2,0,4.49854,39,0,0,1,,39,170,41,21,19,5,14,,2,30,7.02616,3.19355,2.20011,1.20715,0.179133,0.0814201,0.09771313518285751,0.262354,1.39464,0.297085,0.710005,,,4.53313,-0.031205,-0.0514287,999,,,,,,,136.50000000000003,3.500000000000001,146,3.7435897435897436,,,,,,,,,,,,,,,,,,,"Scott Blewett","16427",656240
"Matt Sauer","LAD",1,1,0,4.84468,20,0,0,1,,20,88,20,12,11,3,8,,1,17,7.48442,3.64057,2.05584,1.41066,0.188464,0.0916724,0.09679137170314789,0.256122,1.41302,0.288806,0.699555,,,4.96561,-0.0312737,-0.0617513,999,,,,,,,70.1,3.505,72,3.6,,,,,,,,,,,,,,,,,,,"Matt Sauer","22284",669422
"Michael Arias","NYY",1,1,0,5.0052,12,0,0,1,,12,54,11,7,7,2,7,,1,11,8.38119,5.38705,1.5558,1.36385,0.205569,0.13213,0.07343858480453491,0.2458,1.55315,0.28672,0.7106,,,5.21339,-0.0315804,-0.0322305,999,,,,,,,37.600000000000016,3.1333333333333346,36,3,,,,,,,,,,,,,,,,,,,"Michael Arias","sa3017036",683522
"Guillo Zuñiga","PHI",1,1,0,4.96905,15,0,0,1,,15,66,15,9,8,2,7,,1,12,7.40772,4.05534,1.82666,1.42848,0.187371,0.102576,0.08479532599449158,0.255431,1.44279,0.287149,0.696223,,,5.10887,-0.0318389,-0.0388586,999,,,,,,,51.400000000000006,3.426666666666667,53,3.533333333333333,,,,,,,,,,,,,,,,,,,"Guillo Zuniga","19588",670871
"Yoendrys Gómez","NYY",2,2,0,4.48829,54,0,0,7,,54,234,50,29,27,8,23,,3,52,8.6831,3.77945,2.29745,1.31194,0.222201,0.0967166,0.1254849061369896,0.23885,1.34159,0.28233,0.710252,,,4.58173,-0.0322029,-0.0690123,999,,,,,,,225.20000000000005,4.170370370370371,220,4.074074074074074,,,,,,,,,,,,,,,,,,,"Yoendrys Gomez","22872",672782
"Logan VanWey","HOU",3,3,0,4.27766,46,0,0,1,,46,202,42,23,22,6,23,,3,46,9.00138,4.45468,2.02066,1.13215,0.227838,0.112754,0.11508344858884811,0.238202,1.407,0.290889,0.728737,,,4.48424,-0.0322728,-0.00940241,999,,,,,,,175.40000000000003,3.8130434782608704,170,3.6956521739130435,,,,,,,,,,,,,,,,,,,"Logan VanWey","sa3019956",701121
"Hunter Strickland","TEX",1,1,0,4.74546,21,0,0,1,,21,91,21,12,11,3,9,,1,18,7.58201,3.81058,1.98973,1.41931,0.193698,0.097349,0.09634898602962494,0.254688,1.41041,0.288432,0.71354,,,4.95333,-0.0343107,-0.0480521,999,,,,,,,73.9,3.5190476190476194,76,3.619047619047619,,,,,,,,,,,,,,,,,,,"Hunter Strickland","7836",519326
"Juan Mejia","COL",1,2,0,5.19749,21,0,0,1,,21,96,22,13,12,3,11,,2,18,7.80509,4.69004,1.66419,1.2288,0.189408,0.113814,0.07559365034103394,0.263248,1.56265,0.306498,0.689061,,,5.07344,-0.0349042,-0.0224736,999,,,,,,,62.3,2.9666666666666663,67,3.1904761904761907,,,,,,,,,,,,,,,,,,,"Juan Mejia","sa3003159",675848
"Matt Pushard","MIA",1,1,0,4.62064,22,0,0,1,,22,96,22,12,11,3,9,,1,18,7.42649,3.65977,2.02923,1.29836,0.188346,0.0928169,0.09552953392267227,0.258723,1.42115,0.29482,0.713202,,,4.7712,-0.0349076,-0.0161579,999,,,,,,,78.7,3.5772727272727276,81,3.6818181818181817,,,,,,,,,,,,,,,,,,,"Matt Pushard","sa3019955",690155
"Shelby Miller","ARI",4,4,0,4.33366,56,0,0,10,,56,236,50,29,27,7,21,,3,53,8.44249,3.39616,2.48589,1.15004,0.22298,0.0896982,0.1332816779613495,0.238838,1.27874,0.285651,0.690587,,,4.25002,-0.0353194,0.048414,999,,,,,,,272.30000000000007,4.862500000000002,263,4.696428571428571,,,,,,,,,,,,,,,,,,,"Shelby Miller","10197",571946
"Doug Nikhazy","CLE",1,1,0,4.31507,26,0,0,1,,26,115,24,13,12,3,13,,1,25,8.51384,4.54756,1.87218,1.17526,0.214556,0.114602,0.09995337575674057,0.241203,1.43693,0.287538,0.73353,,,4.61169,-0.0354253,-0.00837923,999,,,,,,,105.1,4.042307692307692,103,3.9615384615384617,,,,,,,,,,,,,,,,,,,"Doug Nikhazy","sa3018110",680951
"Collin Snider","SEA",4,3,0,4.12546,65,0,3,12,,65,283,61,32,30,8,28,,3,60,8.24978,3.828,2.15512,1.04869,0.210561,0.097703,0.11285829544067383,0.243492,1.3703,0.290915,0.725067,,,4.26529,-0.0358121,-0.108283,740.030029296875,,,,,,,314,4.8307692307692305,311,4.7846153846153845,,,,,,,,,,,,,,,,,,,"Collin Snider","23307",676092
"Jefry Yan","COL",1,2,0,4.82453,33,0,0,1,,33,148,33,19,18,4,19,,2,31,8.51817,5.15225,1.65329,1.208,0.210399,0.127261,0.08313819766044617,0.255126,1.55938,0.305881,0.717909,,,4.90873,-0.0358562,0.00478329,999,,,,,,,112.20000000000006,3.4000000000000017,116,3.515151515151515,,,,,,,,,,,,,,,,,,,"Jefry Yan","sa828460",642376
"Jaden Hill","COL",2,3,0,5.00693,34,0,0,1,,34,151,35,20,19,5,14,,4,30,7.87863,3.69666,2.13128,1.28656,0.196489,0.092193,0.1042962297797203,0.263126,1.44578,0.306005,0.682368,,,4.83879,-0.0360922,-0.00796293,999,,,,,,,109.10000000000002,3.2088235294117653,115,3.3823529411764706,,,,,,,,,,,,,,,,,,,"Jaden Hill","30250",677955
"Victor Mederos","LAA",1,1,0,4.94763,17,0,0,1,,17,76,18,10,9,2,8,,1,13,6.96611,3.99723,1.74273,1.266,0.172336,0.0988884,0.0734475702047348,0.26219,1.4822,0.294757,0.689786,,,5.04339,-0.0368465,-0.0407278,999,,,,,,,57.40000000000002,3.3764705882352954,62,3.6470588235294117,,,,,,,,,,,,,,,,,,,"Victor Mederos","31533",682989
"Sean Reynolds","SDP",2,2,0,4.30923,48,0,0,1,,48,212,44,25,23,6,25,,3,47,8.88406,4.68727,1.89536,1.1015,0.223362,0.117847,0.1055150255560875,0.236793,1.43047,0.288159,0.728111,,,4.51667,-0.0379113,-0.0401205,999,,,,,,,181.00000000000003,3.770833333333334,176,3.6666666666666665,,,,,,,,,,,,,,,,,,,"Sean Reynolds","22253",669308
"Elvis Alvarado","ATH",1,1,0,4.52495,20,0,0,1,,20,89,19,11,10,3,10,,1,19,8.37946,4.47057,1.87436,1.19314,0.209291,0.11166,0.0976313129067421,0.243104,1.44014,0.287831,0.714344,,,4.7315,-0.0385534,-0.0422748,999,,,,,,,70.69999999999999,3.5349999999999993,70,3.5,,,,,,,,,,,,,,,,,,,"Elvis Alvarado","sa919291",665660
"Seth Johnson","PHI",1,1,0,5.13752,20,0,0,1,,20,90,21,12,11,3,9,,1,16,7.2385,4.20439,1.72165,1.44063,0.179155,0.10406,0.07509505748748779,0.261266,1.50962,0.291634,0.696262,,,5.1366,-0.0388525,-0.0519259,999,,,,,,,62.49999999999999,3.1249999999999996,67,3.35,,,,,,,,,,,,,,,,,,,"Seth Johnson","26020",686751
"Andrew Moore","CIN",1,2,0,5.09354,28,0,0,1,,28,128,26,17,16,4,17,,2,30,9.51182,5.59982,1.6986,1.27632,0.231782,0.136455,0.09532690048217773,0.241597,1.55206,0.297362,0.699403,,,5.02916,-0.0402636,-0.0551523,999,,,,,,,97.40000000000006,3.478571428571431,95,3.392857142857143,,,,,,,,,,,,,,,,,,,"Andrew Moore","sa3016795",681097
"Joey Gerber","TBR",1,1,0,4.72285,22,0,0,1,,22,97,22,12,12,3,10,,0,20,8.12949,4.19606,1.93741,1.31319,0.204092,0.105343,0.09874939918518066,0.249793,1.45016,0.289993,0.714782,,,4.71724,-0.0404439,-0.0454362,999,,,,,,,82.7,3.7590909090909093,85,3.8636363636363638,,,,,,,,,,,,,,,,,,,"Joey Gerber","24591",680702
"Jeff Brigham","ARI",1,1,0,4.40569,22,0,0,1,,22,96,20,12,11,3,11,,1,22,8.97351,4.31186,2.08112,1.319,0.228866,0.109973,0.11889391392469406,0.24003,1.39471,0.287932,0.726641,,,4.70331,-0.0416147,-0.01881,999,,,,,,,85.9,3.9045454545454548,83,3.772727272727273,,,,,,,,,,,,,,,,,,,"Jeff Brigham","16631",656257
"Hogan Harris","ATH",3,4,1,4.34115,55,2,0,5,,62,268,58,32,30,8,28,,3,56,8.1268,4.0889,1.98753,1.14662,0.20744,0.104371,0.10306890308856964,0.244497,1.39414,0.288756,0.717399,,,4.54405,-0.0416771,-0.0629207,750.989990234375,,,,,,,248.59999999999997,4.009677419354838,245,3.9516129032258065,,,,,,,,,,,,,,,,,,,"Hogan Harris","21520",663687
"Jacob Misiorowski","MIL",1,2,0,4.45106,34,0,0,1,,34,150,29,18,17,4,18,,5,37,9.7575,4.78584,2.03883,1.18166,0.24504,0.120187,0.12485312670469284,0.225998,1.38136,0.282368,0.706092,,,4.70035,-0.0419559,-0.021687,999,,,,,,,136.00000000000003,4.000000000000001,127,3.735294117647059,,,,,,,,,,,,,,,,,,,"Jacob Misiorowski","sa3020644",694819
"Eduardo Salazar","WSN",2,3,0,4.47179,52,0,0,7,,52,230,53,28,26,6,21,,4,38,6.61026,3.63059,1.82071,1.01686,0.166318,0.0913478,0.07497008889913559,0.260708,1.4281,0.295724,0.702291,,,4.62324,-0.0427302,-0.0447156,999,,,,,,,202.2,3.8884615384615384,211,4.0576923076923075,,,,,,,,,,,,,,,,,,,"Eduardo Salazar","23135",674285
"Justin Dunn","CHW",1,1,0,5.1385,18,0,0,1,,18,80,18,11,10,3,8,,1,15,7.58235,3.8146,1.98772,1.609,0.190739,0.0959587,0.09478019922971725,0.258998,1.44359,0.288396,0.703569,,,5.24457,-0.0428144,-0.0573058,999,,,,,,,56.500000000000014,3.1388888888888897,58,3.2222222222222223,,,,,,,,,,,,,,,,,,,"Justin Dunn","19268",643290
"T.J. McFarland","ATH",3,3,0,4.1575,60,0,0,12,,60,260,62,30,28,6,21,,3,43,6.42311,3.13939,2.04597,0.92775,0.164488,0.0803963,0.08409208804368973,0.264506,1.38945,0.300738,0.710711,,,4.29277,-0.0444072,-0.0103343,999,,,,,,,271,4.516666666666667,284,4.733333333333333,,,,,,,,,,,,,,,,,,,"T.J. McFarland","3237",519008
"John Curtiss","ARI",1,1,0,4.88755,24,0,0,1,,24,105,26,14,13,4,8,,1,18,6.86514,3.0938,2.219,1.40598,0.17456,0.0786662,0.09589370340108871,0.269139,1.41923,0.298753,0.695814,,,4.79325,-0.0445656,-0.0479335,999,,,,,,,73.80000000000004,3.0750000000000015,81,3.375,,,,,,,,,,,,,,,,,,,"John Curtiss","16128",595928
"Luarbert Arias","MIA",2,3,0,4.58407,33,0,0,1,,33,144,32,18,17,5,13,,2,29,8.00986,3.43615,2.33106,1.36522,0.204497,0.0877272,0.11677002161741257,0.251215,1.36251,0.289645,0.706211,,,4.70304,-0.0447361,-0.0242629,999,,,,,,,116.50000000000004,3.5303030303030316,117,3.5454545454545454,,,,,,,,,,,,,,,,,,,"Luarbert Arias","sa3007599",678215
"Ryan Cusick","ATH",1,1,0,4.98871,13,0,0,1,,13,58,13,8,7,2,7,,1,11,7.36563,4.83357,1.52385,1.29443,0.182009,0.119441,0.0625687763094902,0.25545,1.53447,0.290109,0.703772,,,5.17539,-0.0454014,-0.0547064,999,,,,,,,39.8,3.0615384615384613,41,3.1538461538461537,,,,,,,,,,,,,,,,,,,"Ryan Cusick","sa3017385",680743
"Kaleb Ort","HOU",3,3,0,4.24386,58,0,0,12,,58,249,53,30,27,9,24,,2,59,9.22565,3.70871,2.48756,1.33702,0.239012,0.096083,0.14292927086353302,0.239146,1.32922,0.288784,0.731672,,,4.40868,-0.0455891,-0.0497692,999,,,,,,,268.70000000000005,4.632758620689656,261,4.5,,,,,,,,,,,,,,,,,,,"Kaleb Ort","20061",672391
"Dylan Coleman","BAL",1,1,0,4.57012,19,0,0,1,,19,85,16,10,10,2,12,,2,20,9.29027,5.79934,1.60195,1.06769,0.229911,0.143519,0.08639180660247803,0.231832,1.51265,0.288947,0.715843,,,4.87764,-0.0457598,-0.0242143,999,,,,,,,76.4,4.021052631578947,71,3.736842105263158,,,,,,,,,,,,,,,,,,,"Dylan Coleman","22276",669395
"Amos Willingham","ATL",2,2,0,4.48791,37,0,0,1,,37,163,38,20,18,5,14,,2,32,7.68851,3.39501,2.26465,1.24417,0.194115,0.0857151,0.10839974880218506,0.258398,1.40443,0.298033,0.718986,,,4.53189,-0.0485436,-0.0305122,999,,,,,,,133.5,3.608108108108108,140,3.7837837837837838,,,,,,,,,,,,,,,,,,,"Amos Willingham","26128",686294
"Connor Prielipp","MIN",1,1,0,4.7252,22,0,0,1,,22,99,21,12,12,3,13,,1,20,8.21074,5.40462,1.51921,1.152,0.202167,0.133074,0.06909285485744476,0.250504,1.56907,0.297423,0.723546,,,4.94444,-0.0487938,-0.0341913,999,,,,,,,73.30000000000001,3.3318181818181825,73,3.3181818181818183,,,,,,,,,,,,,,,,,,,"Connor Prielipp","sa3020808",687570
"George Soriano","MIA",2,3,0,4.47638,53,0,0,6,,53,233,51,28,26,7,23,,4,50,8.47486,3.92096,2.16143,1.20898,0.214575,0.0992747,0.11530046164989471,0.247106,1.39222,0.294172,0.710025,,,4.58168,-0.0495696,-0.0119067,999,,,,,,,216.50000000000003,4.084905660377359,217,4.09433962264151,,,,,,,,,,,,,,,,,,,"George Soriano","21863",666277
"Roddery Muñoz","STL",1,1,0,4.61674,24,0,0,1,,24,105,24,13,12,4,10,,1,21,7.89276,3.80791,2.07273,1.38188,0.200816,0.0968849,0.10393110662698746,0.251555,1.40232,0.288481,0.715055,,,4.83167,-0.0496416,-0.0305669,999,,,,,,,79.00000000000003,3.291666666666668,81,3.375,,,,,,,,,,,,,,,,,,,"Roddery Munoz","25311",682610
"Tyler Zuber","NYM",1,2,0,4.8302,30,0,0,1,,30,132,29,17,16,5,14,,1,28,8.46301,4.33895,1.95047,1.3856,0.214137,0.109787,0.10435006022453308,0.245427,1.43351,0.286621,0.701827,,,4.83143,-0.0497253,-0.0769679,999,,,,,,,100.1,3.3366666666666664,100,3.3333333333333335,,,,,,,,,,,,,,,,,,,"Tyler Zuber","20379",676604
"Carlos Vargas","SEA",3,3,0,4.00157,54,0,0,4,,54,235,52,26,24,6,22,,3,45,7.57439,3.66383,2.06734,0.986412,0.193595,0.0936446,0.09995067864656448,0.249972,1.37901,0.293614,0.72963,,,4.28541,-0.0500773,-0.0230233,999,,,,,,,221.60000000000002,4.1037037037037045,223,4.12962962962963,,,,,,,,,,,,,,,,,,,"Carlos Vargas","22915",672841
"Kyle Leahy","STL",3,3,0,4.26997,56,0,0,10,,56,242,57,29,27,7,20,,2,44,7.00377,3.2737,2.1394,1.08221,0.180066,0.0841665,0.09589932858943939,0.257788,1.37426,0.294644,0.715478,,,4.37859,-0.0547199,-0.0184792,999,,,,,,,242.10000000000008,4.323214285714287,251,4.482142857142857,,,,,,,,,,,,,,,,,,,"Kyle Leahy","24763",681517
"Brad Keller","CHC",3,3,0,4.41427,54,0,0,7,,54,236,55,29,26,7,22,,2,43,7.22657,3.66949,1.96937,1.10527,0.183616,0.093236,0.09038009494543076,0.258302,1.42297,0.297014,0.712782,,,4.48466,-0.0561389,-0.0709839,999,,,,,,,212.5,3.935185185185185,221,4.092592592592593,,,,,,,,,,,,,,,,,,,"Brad Keller","15734",641745
"Cole Henry","WSN",1,3,0,4.81855,40,0,0,1,,40,176,38,23,21,5,18,,3,35,7.84644,4.15658,1.88772,1.22111,0.198208,0.104999,0.09320902824401855,0.248383,1.42056,0.28855,0.683709,,,4.80282,-0.0571165,-0.0788364,999,,,,,,,146.7,3.6674999999999995,146,3.65,,,,,,,,,,,,,,,,,,,"Cole Henry","sa3014446",669371
"Orlando Ribalta","WSN",2,4,0,4.81489,48,0,0,1,,48,214,46,28,26,7,25,,2,43,8.12766,4.64312,1.75047,1.24815,0.202621,0.115752,0.08686869591474533,0.247288,1.47995,0.288919,0.704854,,,4.83863,-0.0582031,-0.106964,999,,,,,,,158.50000000000003,3.302083333333334,158,3.2916666666666665,,,,,,,,,,,,,,,,,,,"Orlando Ribalta","26247",687377
"Michael Mercado","PHI",1,2,0,4.96829,30,0,0,1,,30,132,30,18,17,5,13,,2,26,7.94072,3.93899,2.01593,1.49164,0.20055,0.0994827,0.10106725990772247,0.252398,1.4249,0.286898,0.700094,,,5.02043,-0.0586754,-0.0775998,999,,,,,,,93.5,3.1166666666666667,96,3.2,,,,,,,,,,,,,,,,,,,"Michael Mercado","23223",675650
"Joel Peguero","SFG",2,2,0,4.47002,34,0,0,1,,34,151,35,18,17,4,14,,2,25,6.55801,3.7927,1.72912,1.00119,0.163592,0.0946104,0.06898190826177597,0.262156,1.46386,0.296891,0.707428,,,4.58846,-0.0656611,-0.0443319,999,,,,,,,117.40000000000003,3.4529411764705893,124,3.6470588235294117,,,,,,,,,,,,,,,,,,,"Joel Peguero","sa917689",666711
"Steven Wilson","CHW",1,2,0,5.05683,32,0,0,1,,32,140,30,19,18,6,17,,2,31,8.78949,4.68185,1.87735,1.60775,0.222938,0.118751,0.10418660193681717,0.243052,1.44448,0.281634,0.707919,,,5.26913,-0.0694507,-0.0861784,999,,,,,,,94,2.9375,91,2.84375,,,,,,,,,,,,,,,,,,,"Steven Wilson","20353",621051
"Tanner Rainey","PIT",1,1,0,4.93909,38,0,0,1,,38,168,37,22,21,6,19,,2,34,8.14096,4.54309,1.79195,1.35204,0.20421,0.11396,0.0902501717209816,0.251017,1.47798,0.291602,0.701209,,,4.96781,-0.0697292,-0.0638987,999,,,,,,,120.19999999999997,3.1631578947368415,121,3.1842105263157894,,,,,,,,,,,,,,,,,,,"Tanner Rainey","17610",663432
"Casey Legumina","SEA",2,2,0,4.60476,41,0,0,1,,41,179,41,23,21,6,15,,2,35,7.72713,3.23053,2.39191,1.30894,0.197092,0.0823997,0.11469278484582901,0.255718,1.3689,0.293506,0.698507,,,4.56014,-0.0710672,-0.128415,999,,,,,,,146.00000000000003,3.560975609756098,150,3.658536585365854,,,,,,,,,,,,,,,,,,,"Casey Legumina","25921",668984
"Jacob Barnes","TOR",3,4,0,4.60002,50,0,0,4,,50,217,51,27,26,7,18,,1,42,7.51354,3.18053,2.36235,1.32232,0.192709,0.081575,0.11113396286964417,0.259509,1.37863,0.295835,0.70757,,,4.5511,-0.0742389,-0.111031,747.25,,,,,,,194.29999999999998,3.8859999999999997,202,4.04,,,,,,,,,,,,,,,,,,,"Jacob Barnes","12323",606930
"Bryce Jarvis","ARI",2,2,0,4.42905,48,0,0,1,,48,211,48,25,24,6,22,,2,38,7.11341,4.06094,1.75167,1.03766,0.180004,0.102762,0.07724262028932571,0.256371,1.44922,0.295503,0.714716,,,4.57883,-0.07812,-0.00525338,999,,,,,,,164.60000000000002,3.429166666666667,170,3.5416666666666665,,,,,,,,,,,,,,,,,,,"Bryce Jarvis","27477",686826
"Spencer Bivens","SFG",3,3,0,4.31489,53,0,0,7,,53,230,55,28,25,7,18,,3,40,6.75584,3.04056,2.22191,1.13758,0.172871,0.0778027,0.09506784379482269,0.262233,1.37326,0.295961,0.714108,,,4.48973,-0.0793143,-0.0672989,999,,,,,,,208.10000000000002,3.926415094339623,219,4.132075471698113,,,,,,,,,,,,,,,,,,,"Spencer Bivens","30226",702352
"Will Smith",,1,2,0,4.65129,25,0,0,0,,25,108,25,14,13,4,9,,1,22,7.7827,3.38062,2.30215,1.34748,0.20072,0.0871879,0.11353204399347305,0.252851,1.3583,0.290035,0.697585,,,4.64883,-0.0844665,-0.110391,999,,,,,,,84.80000000000001,3.3920000000000003,87,3.48,,,,,,,,,,,,,,,,,,,"Will Smith","8048",519293
"Lake Bachar","MIA",3,4,0,4.50625,60,0,1,12,,60,262,60,32,30,9,24,,2,55,8.18798,3.56246,2.29841,1.32816,0.208486,0.090709,0.11777722090482712,0.253059,1.39107,0.29479,0.718381,,,4.55804,-0.0904991,0.0203179,999,,,,,,,262.3,4.371666666666667,268,4.466666666666667,,,,,,,,,,,,,,,,,,,"Lake Bachar","19222",669199
"Lucas Sims","WSN",3,4,0,4.48372,58,0,1,11,,58,251,50,31,29,8,31,,5,60,9.29692,4.82218,1.92795,1.20067,0.238583,0.12375,0.11483331769704819,0.230271,1.39104,0.283331,0.711932,,,4.68165,-0.0934168,-0.0445063,748.9299926757812,,,,,,,261.80000000000007,4.513793103448277,247,4.258620689655173,,,,,,,,,,,,,,,,,,,"Lucas Sims","13470",608371
"Anthony Veneziano","MIA",3,3,0,4.30525,58,0,1,11,,58,253,59,30,28,7,21,,3,48,7.4107,3.29725,2.24754,1.16093,0.188822,0.0840126,0.10480896383523941,0.2596,1.38975,0.299152,0.722452,,,4.45242,-0.094104,0.0830701,999,,,,,,,262.70000000000005,4.529310344827587,272,4.689655172413793,,,,,,,,,,,,,,,,,,,"Anthony Veneziano","27453",685107
"Jackson Rutledge","WSN",2,3,0,4.60039,50,0,0,4,,50,220,49,28,26,7,20,,4,41,7.45782,3.67629,2.02863,1.18644,0.188572,0.0929552,0.09561633318662643,0.252341,1.39562,0.289794,0.697244,,,4.67012,-0.0941296,-0.104984,999,,,,,,,182.49999999999997,3.6499999999999995,185,3.7,,,,,,,,,,,,,,,,,,,"Jackson Rutledge","26215",671131
"Ryan Zeferjahn","LAA",3,3,0,4.61786,61,0,1,12,,61,269,56,33,31,8,30,,5,61,8.95642,4.40705,2.03229,1.23312,0.225487,0.110952,0.11453491449356079,0.239036,1.40694,0.288429,0.706577,,,4.68543,-0.0988971,-0.09821,745.4199829101562,,,,,,,277.4000000000001,4.547540983606559,271,4.442622950819672,,,,,,,,,,,,,,,,,,,"Ryan Zeferjahn","25420",666171
"Ben Casparius","LAD",3,3,0,4.67038,47,0,0,5,,47,206,44,26,24,7,21,,2,45,8.67221,4.04268,2.14516,1.38423,0.220203,0.102651,0.11755193024873734,0.242689,1.38958,0.285255,0.707948,,,4.74177,-0.0995103,-0.106266,747.3300170898438,,,,,,,188.30000000000004,4.006382978723405,185,3.9361702127659575,,,,,,,,,,,,,,,,,,,"Ben Casparius","30085",676508
"Matt Bowman","BAL",2,2,0,4.52436,52,0,0,4,,52,227,53,28,26,7,21,,2,43,7.44525,3.6578,2.03544,1.18678,0.189795,0.0932449,0.09654977172613144,0.258366,1.41702,0.297635,0.710277,,,4.5677,-0.108145,-0.120644,999,,,,,,,193.90000000000003,3.7288461538461544,202,3.8846153846153846,,,,,,,,,,,,,,,,,,,"Matt Bowman","13528",621199
"Evan Justice","COL",2,3,0,5.35312,42,0,0,1,,42,199,42,27,25,6,28,,5,40,8.63638,6.0844,1.41943,1.18978,0.202921,0.142959,0.05996143817901611,0.254878,1.67756,0.306358,0.691712,,,5.36451,-0.115307,-0.0711135,999,,,,,,,112.8,2.6857142857142855,117,2.7857142857142856,,,,,,,,,,,,,,,,,,,"Evan Justice","30008",687145
"Justin Sterner","ATH",3,3,0,4.34059,58,0,0,11,,58,250,55,30,28,9,23,,3,55,8.4769,3.55094,2.38722,1.33388,0.218289,0.0914407,0.1268487200140953,0.243326,1.33517,0.285492,0.723421,,,4.55679,-0.120379,-0.0892689,999,,,,,,,251.50000000000006,4.336206896551725,249,4.293103448275862,,,,,,,,,,,,,,,,,,,"Justin Sterner","27694",686993
"Luis Mey","CIN",2,2,0,5.6928,34,0,0,1,,34,160,35,23,22,5,23,,3,30,7.88908,6.1555,1.28163,1.36206,0.186773,0.145731,0.041042327880859375,0.259443,1.70184,0.299279,0.687939,,,5.69023,-0.120736,-0.134454,750.3800048828125,,,,,,,85.10000000000002,2.502941176470589,91,2.676470588235294,,,,,,,,,,,,,,,,,,,"Luis Mey","sa3010130",682825
"Lou Trivino","SFG",4,5,0,4.35203,66,0,0,13,,66,290,64,35,32,8,28,,3,62,8.47299,3.78114,2.24085,1.08332,0.214584,0.0957597,0.11882375925779343,0.245635,1.38248,0.294813,0.702893,,,4.25685,-0.128094,-0.16535,999,,,,,,,306.60000000000014,4.645454545454547,309,4.681818181818182,,,,,,,,,,,,,,,,,,,"Lou Trivino","15043",642152
"Juan Nuñez","SDP",2,2,0,4.99372,38,0,0,1,,38,171,37,23,21,6,22,,2,31,7.37131,5.13178,1.4364,1.367,0.182317,0.126926,0.05539102852344513,0.252928,1.55027,0.285188,0.716171,,,5.35538,-0.12988,-0.131157,999,,,,,,,105.19999999999997,2.7684210526315782,106,2.789473684210526,,,,,,,,,,,,,,,,,,,"Juan Nunez","sa3015464",693725
"Adam Cimber",,1,1,0,4.72408,24,0,0,0,,24,104,25,14,13,3,8,,3,17,6.31479,3.02279,2.08906,1.12176,0.16119,0.0771592,0.08403091877698898,0.265011,1.36876,0.295726,0.670696,,,4.74948,-0.130158,-0.168872,999,,,,,,,76.70000000000002,3.195833333333334,82,3.4166666666666665,,,,,,,,,,,,,,,,,,,"Adam Cimber","15288",643256
"Noah Murdock","ATH",2,2,0,4.71148,59,0,0,8,,59,266,57,34,31,7,33,,6,50,7.55769,5.02216,1.50487,1.0245,0.185928,0.123551,0.06237698346376419,0.250323,1.52546,0.293216,0.698143,,,4.92195,-0.152111,-0.173201,999,,,,,,,217.3,3.6830508474576273,219,3.711864406779661,,,,,,,,,,,,,,,,,,,"Noah Murdock","sa919012",668716
"Mike Clevinger","CHW",3,4,0,4.61864,64,0,20,6,,64,275,63,35,33,10,21,,4,56,7.87964,2.89588,2.72098,1.4485,0.203989,0.074969,0.12902002036571503,0.253863,1.31273,0.289499,0.702974,,,4.67298,-0.188426,-0.230069,540,,,,,,,347.8,5.434375,351,5.484375,,,,,,,,,,,,,,,,,,,"Mike Clevinger","12808",605182
"Daniel Bard",,2,2,0,4.7566,30,0,0,0,,30,134,28,17,16,4,17,,3,28,8.54196,5.18917,1.64611,1.18875,0.21275,0.129244,0.08350594341754913,0.245068,1.50743,0.293971,0.704845,,,4.97365,-0.240394,-0.155337,999,,,,,,,96.00000000000001,3.2000000000000006,94,3.1333333333333333,,,,,,,,,,,,,,,,,,,"Daniel Bard","7115",453268
"Luis Peralta","COL",3,4,0,4.86095,62,0,1,11,,62,280,60,36,33,9,33,,5,61,8.91837,4.86167,1.83442,1.27675,0.219636,0.11973,0.09990600496530533,0.250611,1.51362,0.302231,0.710961,,,4.91112,-0.250682,0.0954747,747.989990234375,,,,,,,249.09999999999997,4.017741935483871,250,4.032258064516129,,,,,,,,,,,,,,,,,,,"Luis Peralta","24203",678821